0 verbose cli C:\Program Files\nodejs\node.exe C:\Program Files\nodejs\node_modules\npm\bin\npm-cli.js
1 info using npm@11.12.1
2 info using node@v24.15.0
3 silly config load:file:C:\Program Files\nodejs\node_modules\npm\npmrc
4 silly config load:file:D:\Web_Development_Course\16_ai_powered_saas\ai_powered_saas(self_practice)\.npmrc
5 silly config load:file:C:\Users\omkar\.npmrc
6 silly config load:file:C:\Users\omkar\AppData\Roaming\npm\etc\npmrc
7 verbose title npm install prisma@latest @types/pg@latest
8 verbose argv "install" "--save-dev" "prisma@latest" "@types/pg@latest" "--cache" ".npm-cache" "--prefer-offline"
9 verbose logfile logs-max:10 dir:D:\Web_Development_Course\16_ai_powered_saas\ai_powered_saas(self_practice)\.npm-cache\_logs\2026-08-03T12_56_24_535Z-
10 verbose logfile D:\Web_Development_Course\16_ai_powered_saas\ai_powered_saas(self_practice)\.npm-cache\_logs\2026-08-03T12_56_24_535Z-debug-0.log
11 silly logfile done cleaning log files
12 silly packumentCache heap:2348810240 maxSize:587202560 maxEntrySize:293601280
13 silly packumentCache corgi:https://registry.npmjs.org/prisma cache-miss
14 silly packumentCache corgi:https://registry.npmjs.org/@types%2fpg cache-miss
15 http fetch GET 200 https://registry.npmjs.org/@types%2fpg 880ms (cache miss)
16 silly packumentCache corgi:https://registry.npmjs.org/@types%2fpg set size:undefined disposed:false
17 http fetch GET 200 https://registry.npmjs.org/prisma 1454ms (cache miss)
18 silly packumentCache corgi:https://registry.npmjs.org/prisma set size:undefined disposed:false
19 silly idealTree buildDeps
20 silly fetch manifest prisma@7.9.1
21 silly packumentCache full:https://registry.npmjs.org/prisma cache-miss
22 http cache https://registry.npmjs.org/prisma 150ms (cache hit)
23 silly packumentCache full:https://registry.npmjs.org/prisma set size:43649502 disposed:false
24 silly fetch manifest better-sqlite3@>=9.0.0
25 silly packumentCache full:https://registry.npmjs.org/better-sqlite3 cache-miss
26 http fetch GET 200 https://registry.npmjs.org/better-sqlite3 197ms (cache miss)
27 silly packumentCache full:https://registry.npmjs.org/better-sqlite3 set size:undefined disposed:false
28 silly fetch manifest typescript@^5.5.4
29 silly packumentCache full:https://registry.npmjs.org/typescript cache-miss
30 http cache https://registry.npmjs.org/typescript 55ms (cache hit)
31 silly packumentCache full:https://registry.npmjs.org/typescript set size:15509764 disposed:false
32 silly fetch manifest @types/pg@8.20.3
33 silly packumentCache full:https://registry.npmjs.org/@types%2fpg cache-miss
34 http cache https://registry.npmjs.org/@types%2fpg 12ms (cache hit)
35 silly packumentCache full:https://registry.npmjs.org/@types%2fpg set size:201025 disposed:false
36 silly placeDep ROOT @types/pg@8.20.3 REPLACE for: cloudinary-saas@0.1.0 want: 8.20.3
37 silly placeDep ROOT prisma@7.9.1 REPLACE for: cloudinary-saas@0.1.0 want: 7.9.1
38 silly fetch manifest mysql2@3.15.3
39 silly packumentCache full:https://registry.npmjs.org/mysql2 cache-miss
40 silly fetch manifest postgres@3.4.7
41 silly packumentCache full:https://registry.npmjs.org/postgres cache-miss
42 silly fetch manifest @prisma/dev@0.24.17
43 silly packumentCache full:https://registry.npmjs.org/@prisma%2fdev cache-miss
44 silly fetch manifest @prisma/config@7.9.1
45 silly packumentCache full:https://registry.npmjs.org/@prisma%2fconfig cache-miss
46 silly fetch manifest @prisma/engines@7.9.1
47 silly packumentCache full:https://registry.npmjs.org/@prisma%2fengines cache-miss
48 silly fetch manifest @prisma/studio-core@0.33.0
49 silly packumentCache full:https://registry.npmjs.org/@prisma%2fstudio-core cache-miss
50 http fetch GET 200 https://registry.npmjs.org/mysql2 116ms (cache miss)
51 silly packumentCache full:https://registry.npmjs.org/mysql2 set size:undefined disposed:false
52 http fetch GET 200 https://registry.npmjs.org/postgres 329ms (cache miss)
53 silly packumentCache full:https://registry.npmjs.org/postgres set size:undefined disposed:false
54 http fetch GET 200 https://registry.npmjs.org/@prisma%2fdev 549ms (cache miss)
55 silly packumentCache full:https://registry.npmjs.org/@prisma%2fdev set size:undefined disposed:false
56 http fetch GET 200 https://registry.npmjs.org/@prisma%2fconfig 611ms (cache miss)
57 silly packumentCache full:https://registry.npmjs.org/@prisma%2fconfig set size:undefined disposed:false
58 http fetch GET 200 https://registry.npmjs.org/@prisma%2fengines 1110ms (cache miss)
59 silly packumentCache full:https://registry.npmjs.org/@prisma%2fengines set size:undefined disposed:false
60 http fetch GET 200 https://registry.npmjs.org/@prisma%2fstudio-core 1350ms (cache miss)
61 silly packumentCache full:https://registry.npmjs.org/@prisma%2fstudio-core set size:undefined disposed:false
62 silly fetch manifest @types/react@^18.0.0 || ^19.0.0
63 silly packumentCache full:https://registry.npmjs.org/@types%2freact cache-miss
64 http fetch GET 200 https://registry.npmjs.org/@types%2freact 168ms (cache miss)
65 silly packumentCache full:https://registry.npmjs.org/@types%2freact set size:undefined disposed:false
66 silly fetch manifest react@^18.0.0 || ^19.0.0
67 silly packumentCache full:https://registry.npmjs.org/react cache-miss
68 http fetch GET 200 https://registry.npmjs.org/react 399ms (cache miss)
69 silly packumentCache full:https://registry.npmjs.org/react set size:undefined disposed:false
70 silly fetch manifest react-dom@^18.0.0 || ^19.0.0
71 silly packumentCache full:https://registry.npmjs.org/react-dom cache-miss
72 http fetch GET 200 https://registry.npmjs.org/react-dom 643ms (cache miss)
73 silly packumentCache full:https://registry.npmjs.org/react-dom set size:undefined disposed:false
74 silly placeDep ROOT @prisma/config@7.9.1 OK for: prisma@7.9.1 want: 7.9.1
75 silly placeDep ROOT @prisma/dev@0.24.17 OK for: prisma@7.9.1 want: 0.24.17
76 silly placeDep ROOT @prisma/engines@7.9.1 OK for: prisma@7.9.1 want: 7.9.1
77 silly placeDep ROOT @prisma/studio-core@0.33.0 OK for: prisma@7.9.1 want: 0.33.0
78 silly placeDep ROOT mysql2@3.15.3 OK for: prisma@7.9.1 want: 3.15.3
79 silly placeDep ROOT postgres@3.4.7 OK for: prisma@7.9.1 want: 3.4.7
80 silly fetch manifest c12@3.3.4
81 silly packumentCache full:https://registry.npmjs.org/c12 cache-miss
82 silly fetch manifest effect@3.20.0
83 silly packumentCache full:https://registry.npmjs.org/effect cache-miss
84 silly fetch manifest empathic@2.0.0
85 silly packumentCache full:https://registry.npmjs.org/empathic cache-miss
86 silly fetch manifest deepmerge-ts@7.1.5
87 silly packumentCache full:https://registry.npmjs.org/deepmerge-ts cache-miss
88 silly fetch manifest pathe@2.0.3
89 silly packumentCache full:https://registry.npmjs.org/pathe cache-miss
90 silly fetch manifest remeda@2.33.4
91 silly packumentCache full:https://registry.npmjs.org/remeda cache-miss
92 silly fetch manifest std-env@3.10.0
93 silly packumentCache full:https://registry.npmjs.org/std-env cache-miss
94 silly fetch manifest valibot@1.4.2
95 silly packumentCache full:https://registry.npmjs.org/valibot cache-miss
96 silly fetch manifest zeptomatch@2.1.0
97 silly packumentCache full:https://registry.npmjs.org/zeptomatch cache-miss
98 silly fetch manifest find-my-way@9.7.0
99 silly packumentCache full:https://registry.npmjs.org/find-my-way cache-miss
100 silly fetch manifest get-port-please@3.2.0
101 silly packumentCache full:https://registry.npmjs.org/get-port-please cache-miss
102 silly fetch manifest proper-lockfile@4.1.2
103 silly packumentCache full:https://registry.npmjs.org/proper-lockfile cache-miss
104 silly fetch manifest foreground-child@3.3.1
105 silly packumentCache full:https://registry.npmjs.org/foreground-child cache-miss
106 silly fetch manifest @electric-sql/pglite@0.4.3
107 silly packumentCache full:https://registry.npmjs.org/@electric-sql%2fpglite cache-miss
108 silly fetch manifest @prisma/get-platform@7.2.0
109 silly packumentCache full:https://registry.npmjs.org/@prisma%2fget-platform cache-miss
110 http fetch GET 200 https://registry.npmjs.org/pathe 106ms (cache miss)
111 silly packumentCache full:https://registry.npmjs.org/pathe set size:undefined disposed:false
112 silly fetch manifest @prisma/streams-local@0.1.11
113 silly packumentCache full:https://registry.npmjs.org/@prisma%2fstreams-local cache-miss
114 http fetch GET 200 https://registry.npmjs.org/c12 118ms (cache miss)
115 silly packumentCache full:https://registry.npmjs.org/c12 set size:undefined disposed:false
116 silly fetch manifest @electric-sql/pglite-tools@0.3.3
117 silly packumentCache full:https://registry.npmjs.org/@electric-sql%2fpglite-tools cache-miss
118 http fetch GET 200 https://registry.npmjs.org/foreground-child 140ms (cache miss)
119 silly packumentCache full:https://registry.npmjs.org/foreground-child set size:undefined disposed:false
120 silly fetch manifest @electric-sql/pglite-socket@0.1.3
121 silly packumentCache full:https://registry.npmjs.org/@electric-sql%2fpglite-socket cache-miss
122 http fetch GET 200 https://registry.npmjs.org/get-port-please 144ms (cache miss)
123 silly packumentCache full:https://registry.npmjs.org/get-port-please set size:undefined disposed:false
124 silly fetch manifest @prisma/query-plan-executor@7.2.0
125 silly packumentCache full:https://registry.npmjs.org/@prisma%2fquery-plan-executor cache-miss
126 http fetch GET 200 https://registry.npmjs.org/zeptomatch 154ms (cache miss)
127 silly packumentCache full:https://registry.npmjs.org/zeptomatch set size:undefined disposed:false
128 silly fetch manifest @prisma/debug@7.9.1
129 silly packumentCache full:https://registry.npmjs.org/@prisma%2fdebug cache-miss
130 http fetch GET 200 https://registry.npmjs.org/std-env 159ms (cache miss)
131 silly packumentCache full:https://registry.npmjs.org/std-env set size:undefined disposed:false
132 silly fetch manifest @prisma/fetch-engine@7.9.1
133 silly packumentCache full:https://registry.npmjs.org/@prisma%2ffetch-engine cache-miss
134 http fetch GET 200 https://registry.npmjs.org/remeda 166ms (cache miss)
135 silly packumentCache full:https://registry.npmjs.org/remeda set size:undefined disposed:false
136 silly fetch manifest @prisma/get-platform@7.9.1
137 silly packumentCache full:https://registry.npmjs.org/@prisma%2fget-platform cache-miss
138 http fetch GET 200 https://registry.npmjs.org/proper-lockfile 183ms (cache miss)
139 silly packumentCache full:https://registry.npmjs.org/proper-lockfile set size:undefined disposed:false
140 silly fetch manifest @prisma/engines-version@7.9.0-1.e922089b7d7502aff4249d5da3420f6fa55fc6ad
141 silly packumentCache full:https://registry.npmjs.org/@prisma%2fengines-version cache-miss
142 http cache https://registry.npmjs.org/@prisma%2fdebug 130ms (cache hit)
143 silly packumentCache full:https://registry.npmjs.org/@prisma%2fdebug set size:28880520 disposed:false
144 silly fetch manifest @radix-ui/react-toggle@1.1.10
145 silly packumentCache full:https://registry.npmjs.org/@radix-ui%2freact-toggle cache-miss
146 http fetch GET 200 https://registry.npmjs.org/find-my-way 557ms (cache miss)
147 silly packumentCache full:https://registry.npmjs.org/find-my-way set size:undefined disposed:false
148 silly fetch manifest @visx/curve@4.0.1-alpha.0
149 silly packumentCache full:https://registry.npmjs.org/@visx%2fcurve cache-miss
150 http fetch GET 200 https://registry.npmjs.org/@electric-sql%2fpglite-socket 428ms (cache miss)
151 silly packumentCache full:https://registry.npmjs.org/@electric-sql%2fpglite-socket set size:undefined disposed:false
152 silly fetch manifest @visx/event@4.0.1-alpha.0
153 silly packumentCache full:https://registry.npmjs.org/@visx%2fevent cache-miss
154 http fetch GET 200 https://registry.npmjs.org/empathic 590ms (cache miss)
155 silly packumentCache full:https://registry.npmjs.org/empathic set size:undefined disposed:false
156 silly fetch manifest @visx/grid@4.0.1-alpha.0
157 silly packumentCache full:https://registry.npmjs.org/@visx%2fgrid cache-miss
158 http fetch GET 200 https://registry.npmjs.org/deepmerge-ts 610ms (cache miss)
159 silly packumentCache full:https://registry.npmjs.org/deepmerge-ts set size:undefined disposed:false
160 silly fetch manifest @visx/group@4.0.1-alpha.0
161 silly packumentCache full:https://registry.npmjs.org/@visx%2fgroup cache-miss
162 http fetch GET 200 https://registry.npmjs.org/valibot 620ms (cache miss)
163 silly packumentCache full:https://registry.npmjs.org/valibot set size:undefined disposed:false
164 silly fetch manifest @visx/responsive@4.0.1-alpha.0
165 silly packumentCache full:https://registry.npmjs.org/@visx%2fresponsive cache-miss
166 http fetch GET 200 https://registry.npmjs.org/@electric-sql%2fpglite 648ms (cache miss)
167 silly packumentCache full:https://registry.npmjs.org/@electric-sql%2fpglite set size:undefined disposed:false
168 silly fetch manifest @visx/scale@4.0.1-alpha.0
169 silly packumentCache full:https://registry.npmjs.org/@visx%2fscale cache-miss
170 http fetch GET 200 https://registry.npmjs.org/@visx%2fcurve 146ms (cache miss)
171 silly packumentCache full:https://registry.npmjs.org/@visx%2fcurve set size:undefined disposed:false
172 silly fetch manifest @visx/shape@4.0.1-alpha.0
173 silly packumentCache full:https://registry.npmjs.org/@visx%2fshape cache-miss
174 http fetch GET 200 https://registry.npmjs.org/@prisma%2fstreams-local 612ms (cache miss)
175 silly packumentCache full:https://registry.npmjs.org/@prisma%2fstreams-local set size:undefined disposed:false
176 silly fetch manifest d3-array@3.2.4
177 silly packumentCache full:https://registry.npmjs.org/d3-array cache-miss
178 http fetch GET 200 https://registry.npmjs.org/@prisma%2fquery-plan-executor 611ms (cache miss)
179 silly packumentCache full:https://registry.npmjs.org/@prisma%2fquery-plan-executor set size:undefined disposed:false
180 silly fetch manifest d3-shape@3.2.0
181 silly packumentCache full:https://registry.npmjs.org/d3-shape cache-miss
182 http fetch GET 200 https://registry.npmjs.org/@visx%2fgroup 172ms (cache miss)
183 silly packumentCache full:https://registry.npmjs.org/@visx%2fgroup set size:undefined disposed:false
184 silly fetch manifest elkjs@0.11.1
185 silly packumentCache full:https://registry.npmjs.org/elkjs cache-miss
186 http fetch GET 200 https://registry.npmjs.org/@radix-ui%2freact-toggle 308ms (cache miss)
187 silly packumentCache full:https://registry.npmjs.org/@radix-ui%2freact-toggle set size:undefined disposed:false
188 silly fetch manifest long@^5.2.1
189 silly packumentCache full:https://registry.npmjs.org/long cache-miss
190 http fetch GET 200 https://registry.npmjs.org/d3-array 154ms (cache miss)
191 silly packumentCache full:https://registry.npmjs.org/d3-array set size:undefined disposed:false
192 silly fetch manifest denque@^2.1.0
193 silly packumentCache full:https://registry.npmjs.org/denque cache-miss
194 http fetch GET 200 https://registry.npmjs.org/elkjs 125ms (cache miss)
195 silly packumentCache full:https://registry.npmjs.org/elkjs set size:undefined disposed:false
196 silly fetch manifest lru.min@^1.0.0
197 silly packumentCache full:https://registry.npmjs.org/lru.min cache-miss
198 http fetch GET 200 https://registry.npmjs.org/d3-shape 167ms (cache miss)
199 silly packumentCache full:https://registry.npmjs.org/d3-shape set size:undefined disposed:false
200 silly fetch manifest seq-queue@^0.0.5
201 silly packumentCache full:https://registry.npmjs.org/seq-queue cache-miss
202 http fetch GET 200 https://registry.npmjs.org/long 157ms (cache miss)
203 silly packumentCache full:https://registry.npmjs.org/long set size:undefined disposed:false
204 silly fetch manifest sqlstring@^2.3.2
205 silly packumentCache full:https://registry.npmjs.org/sqlstring cache-miss
206 http fetch GET 200 https://registry.npmjs.org/@visx%2fresponsive 396ms (cache miss)
207 silly packumentCache full:https://registry.npmjs.org/@visx%2fresponsive set size:undefined disposed:false
208 silly fetch manifest iconv-lite@^0.7.0
209 silly packumentCache full:https://registry.npmjs.org/iconv-lite cache-miss
210 http fetch GET 200 https://registry.npmjs.org/denque 161ms (cache miss)
211 silly packumentCache full:https://registry.npmjs.org/denque set size:undefined disposed:false
212 silly fetch manifest aws-ssl-profiles@^1.1.1
213 silly packumentCache full:https://registry.npmjs.org/aws-ssl-profiles cache-miss
214 http fetch GET 200 https://registry.npmjs.org/@visx%2fshape 330ms (cache miss)
215 silly packumentCache full:https://registry.npmjs.org/@visx%2fshape set size:undefined disposed:false
216 silly fetch manifest generate-function@^2.3.1
217 silly packumentCache full:https://registry.npmjs.org/generate-function cache-miss
218 http fetch GET 200 https://registry.npmjs.org/lru.min 196ms (cache miss)
219 silly packumentCache full:https://registry.npmjs.org/lru.min set size:undefined disposed:false
220 silly fetch manifest named-placeholders@^1.1.3
221 silly packumentCache full:https://registry.npmjs.org/named-placeholders cache-miss
222 http fetch GET 200 https://registry.npmjs.org/seq-queue 206ms (cache miss)
223 silly packumentCache full:https://registry.npmjs.org/seq-queue set size:undefined disposed:false
224 http fetch GET 200 https://registry.npmjs.org/effect 1184ms (cache miss)
225 silly packumentCache full:https://registry.npmjs.org/effect set size:undefined disposed:false
226 http fetch GET 200 https://registry.npmjs.org/generate-function 284ms (cache miss)
227 silly packumentCache full:https://registry.npmjs.org/generate-function set size:undefined disposed:false
228 http fetch GET 200 https://registry.npmjs.org/sqlstring 336ms (cache miss)
229 silly packumentCache full:https://registry.npmjs.org/sqlstring set size:undefined disposed:false
230 http fetch GET 200 https://registry.npmjs.org/aws-ssl-profiles 294ms (cache miss)
231 silly packumentCache full:https://registry.npmjs.org/aws-ssl-profiles set size:undefined disposed:false
232 http fetch GET 200 https://registry.npmjs.org/@electric-sql%2fpglite-tools 1220ms (cache miss)
233 silly packumentCache full:https://registry.npmjs.org/@electric-sql%2fpglite-tools set size:undefined disposed:false
234 http fetch GET 200 https://registry.npmjs.org/iconv-lite 319ms (cache miss)
235 silly packumentCache full:https://registry.npmjs.org/iconv-lite set size:undefined disposed:false
236 http fetch GET 200 https://registry.npmjs.org/named-placeholders 306ms (cache miss)
237 silly packumentCache full:https://registry.npmjs.org/named-placeholders set size:undefined disposed:false
238 http fetch GET 200 https://registry.npmjs.org/@visx%2fscale 994ms (cache miss)
239 silly packumentCache full:https://registry.npmjs.org/@visx%2fscale set size:undefined disposed:false
240 http fetch GET 200 https://registry.npmjs.org/@visx%2fevent 1137ms (cache miss)
241 silly packumentCache full:https://registry.npmjs.org/@visx%2fevent set size:undefined disposed:false
242 http fetch GET 200 https://registry.npmjs.org/@visx%2fgrid 1265ms (cache miss)
243 silly packumentCache full:https://registry.npmjs.org/@visx%2fgrid set size:undefined disposed:false
244 http fetch GET 200 https://registry.npmjs.org/@prisma%2fengines-version 2405ms (cache miss)
245 silly packumentCache full:https://registry.npmjs.org/@prisma%2fengines-version set size:undefined disposed:false
246 http fetch GET 200 https://registry.npmjs.org/@prisma%2fget-platform 2819ms (cache miss)
247 silly packumentCache full:https://registry.npmjs.org/@prisma%2fget-platform set size:undefined disposed:false
248 http fetch GET 200 https://registry.npmjs.org/@prisma%2ffetch-engine 3045ms (cache miss)
249 silly packumentCache full:https://registry.npmjs.org/@prisma%2ffetch-engine set size:undefined disposed:false
250 http fetch GET 200 https://registry.npmjs.org/@prisma%2fget-platform 4051ms (cache miss)
251 silly packumentCache full:https://registry.npmjs.org/@prisma%2fget-platform set size:undefined disposed:false
252 silly fetch manifest magicast@*
253 silly packumentCache full:https://registry.npmjs.org/magicast cache-miss
254 http fetch GET 200 https://registry.npmjs.org/magicast 59ms (cache miss)
255 silly packumentCache full:https://registry.npmjs.org/magicast set size:undefined disposed:false
256 silly placeDep ROOT c12@3.3.4 OK for: @prisma/config@7.9.1 want: 3.3.4
257 silly placeDep ROOT deepmerge-ts@7.1.5 OK for: @prisma/config@7.9.1 want: 7.1.5
258 silly placeDep ROOT effect@3.20.0 OK for: @prisma/config@7.9.1 want: 3.20.0
259 silly placeDep ROOT empathic@2.0.0 OK for: @prisma/config@7.9.1 want: 2.0.0
260 silly fetch manifest rc9@^3.0.1
261 silly packumentCache full:https://registry.npmjs.org/rc9 cache-miss
262 silly fetch manifest defu@^6.1.6
263 silly packumentCache full:https://registry.npmjs.org/defu cache-miss
264 silly fetch manifest jiti@^2.6.1
265 silly packumentCache full:https://registry.npmjs.org/jiti cache-miss
266 silly fetch manifest giget@^3.2.0
267 silly packumentCache full:https://registry.npmjs.org/giget cache-miss
268 silly fetch manifest ohash@^2.0.11
269 silly packumentCache full:https://registry.npmjs.org/ohash cache-miss
270 silly fetch manifest pathe@^2.0.3
271 silly packumentCache full:https://registry.npmjs.org/pathe cache-miss
272 silly fetch manifest confbox@^0.2.4
273 silly packumentCache full:https://registry.npmjs.org/confbox cache-miss
274 silly fetch manifest exsolve@^1.0.8
275 silly packumentCache full:https://registry.npmjs.org/exsolve cache-miss
276 silly fetch manifest chokidar@^5.0.0
277 silly packumentCache full:https://registry.npmjs.org/chokidar cache-miss
278 silly fetch manifest pkg-types@^2.3.0
279 silly packumentCache full:https://registry.npmjs.org/pkg-types cache-miss
280 silly fetch manifest perfect-debounce@^2.1.0
281 silly packumentCache full:https://registry.npmjs.org/perfect-debounce cache-miss
282 silly fetch manifest fast-check@^3.23.1
283 silly packumentCache full:https://registry.npmjs.org/fast-check cache-miss
284 silly fetch manifest @standard-schema/spec@^1.0.0
285 silly packumentCache full:https://registry.npmjs.org/@standard-schema%2fspec cache-miss
286 http cache https://registry.npmjs.org/pathe 26ms (cache hit)
287 silly packumentCache full:https://registry.npmjs.org/pathe set size:68788 disposed:false
288 http fetch GET 200 https://registry.npmjs.org/rc9 65ms (cache miss)
289 silly packumentCache full:https://registry.npmjs.org/rc9 set size:undefined disposed:false
290 http fetch GET 200 https://registry.npmjs.org/pkg-types 67ms (cache miss)
291 silly packumentCache full:https://registry.npmjs.org/pkg-types set size:undefined disposed:false
292 http fetch GET 200 https://registry.npmjs.org/confbox 71ms (cache miss)
293 silly packumentCache full:https://registry.npmjs.org/confbox set size:undefined disposed:false
294 http fetch GET 200 https://registry.npmjs.org/ohash 74ms (cache miss)
295 silly packumentCache full:https://registry.npmjs.org/ohash set size:undefined disposed:false
296 http fetch GET 200 https://registry.npmjs.org/defu 79ms (cache miss)
297 silly packumentCache full:https://registry.npmjs.org/defu set size:undefined disposed:false
298 http fetch GET 200 https://registry.npmjs.org/@standard-schema%2fspec 78ms (cache miss)
299 silly packumentCache full:https://registry.npmjs.org/@standard-schema%2fspec set size:undefined disposed:false
300 http fetch GET 200 https://registry.npmjs.org/chokidar 87ms (cache miss)
301 silly packumentCache full:https://registry.npmjs.org/chokidar set size:undefined disposed:false
302 http fetch GET 200 https://registry.npmjs.org/jiti 96ms (cache miss)
303 silly packumentCache full:https://registry.npmjs.org/jiti set size:undefined disposed:false
304 http fetch GET 200 https://registry.npmjs.org/fast-check 109ms (cache miss)
305 silly packumentCache full:https://registry.npmjs.org/fast-check set size:undefined disposed:false
306 http fetch GET 200 https://registry.npmjs.org/perfect-debounce 289ms (cache miss)
307 silly packumentCache full:https://registry.npmjs.org/perfect-debounce set size:undefined disposed:false
308 http fetch GET 200 https://registry.npmjs.org/exsolve 293ms (cache miss)
309 silly packumentCache full:https://registry.npmjs.org/exsolve set size:undefined disposed:false
310 http fetch GET 200 https://registry.npmjs.org/giget 298ms (cache miss)
311 silly packumentCache full:https://registry.npmjs.org/giget set size:undefined disposed:false
312 silly fetch manifest typescript@>=5
313 silly packumentCache full:https://registry.npmjs.org/typescript cache-miss
314 http cache https://registry.npmjs.org/typescript 55ms (cache hit)
315 silly packumentCache full:https://registry.npmjs.org/typescript set size:15509764 disposed:false
316 silly placeDep ROOT @electric-sql/pglite@0.4.3 OK for: @prisma/dev@0.24.17 want: 0.4.3
317 silly placeDep ROOT @electric-sql/pglite-socket@0.1.3 OK for: @prisma/dev@0.24.17 want: 0.1.3
318 silly placeDep ROOT @electric-sql/pglite-tools@0.3.3 OK for: @prisma/dev@0.24.17 want: 0.3.3
319 silly placeDep ROOT @prisma/get-platform@7.2.0 OK for: @prisma/dev@0.24.17 want: 7.2.0
320 silly placeDep ROOT @prisma/query-plan-executor@7.2.0 OK for: @prisma/dev@0.24.17 want: 7.2.0
321 silly placeDep ROOT @prisma/streams-local@0.1.11 OK for: @prisma/dev@0.24.17 want: 0.1.11
322 silly placeDep ROOT find-my-way@9.7.0 OK for: @prisma/dev@0.24.17 want: 9.7.0
323 silly placeDep ROOT foreground-child@3.3.1 REPLACE for: @prisma/dev@0.24.17 want: 3.3.1
324 silly placeDep ROOT get-port-please@3.2.0 OK for: @prisma/dev@0.24.17 want: 3.2.0
325 silly placeDep ROOT pathe@2.0.3 OK for: @prisma/dev@0.24.17 want: 2.0.3
326 silly placeDep ROOT proper-lockfile@4.1.2 OK for: @prisma/dev@0.24.17 want: 4.1.2
327 silly placeDep ROOT remeda@2.33.4 OK for: @prisma/dev@0.24.17 want: 2.33.4
328 silly placeDep ROOT std-env@3.10.0 REPLACE for: @prisma/dev@0.24.17 want: 3.10.0
329 silly placeDep ROOT valibot@1.4.2 OK for: @prisma/dev@0.24.17 want: 1.4.2
330 silly placeDep ROOT zeptomatch@2.1.0 OK for: @prisma/dev@0.24.17 want: 2.1.0
331 silly fetch manifest @prisma/debug@7.2.0
332 silly packumentCache full:https://registry.npmjs.org/@prisma%2fdebug cache-miss
333 silly fetch manifest ajv@^8.12.0
334 silly packumentCache full:https://registry.npmjs.org/ajv cache-miss
335 silly fetch manifest better-result@^2.7.0
336 silly packumentCache full:https://registry.npmjs.org/better-result cache-miss
337 silly fetch manifest env-paths@^3.0.0
338 silly packumentCache full:https://registry.npmjs.org/env-paths cache-miss
339 silly fetch manifest proper-lockfile@^4.1.2
340 silly packumentCache full:https://registry.npmjs.org/proper-lockfile cache-miss
341 silly fetch manifest fast-querystring@^1.0.0
342 silly packumentCache full:https://registry.npmjs.org/fast-querystring cache-miss
343 silly fetch manifest safe-regex2@^5.0.0
344 silly packumentCache full:https://registry.npmjs.org/safe-regex2 cache-miss
345 silly fetch manifest cross-spawn@^7.0.6
346 silly packumentCache full:https://registry.npmjs.org/cross-spawn cache-miss
347 silly fetch manifest retry@^0.12.0
348 silly packumentCache full:https://registry.npmjs.org/retry cache-miss
349 silly fetch manifest signal-exit@^3.0.2
350 silly packumentCache full:https://registry.npmjs.org/signal-exit cache-miss
351 silly fetch manifest grammex@^3.1.11
352 silly packumentCache full:https://registry.npmjs.org/grammex cache-miss
353 silly fetch manifest graphmatch@^1.1.0
354 silly packumentCache full:https://registry.npmjs.org/graphmatch cache-miss
355 http cache https://registry.npmjs.org/proper-lockfile 35ms (cache hit)
356 silly packumentCache full:https://registry.npmjs.org/proper-lockfile set size:82421 disposed:false
357 http cache https://registry.npmjs.org/@prisma%2fdebug 143ms (cache hit)
358 silly packumentCache full:https://registry.npmjs.org/@prisma%2fdebug set size:28880520 disposed:false
359 http fetch GET 200 https://registry.npmjs.org/graphmatch 433ms (cache miss)
360 silly packumentCache full:https://registry.npmjs.org/graphmatch set size:undefined disposed:false
361 http fetch GET 200 https://registry.npmjs.org/retry 438ms (cache miss)
362 silly packumentCache full:https://registry.npmjs.org/retry set size:undefined disposed:false
363 http fetch GET 200 https://registry.npmjs.org/safe-regex2 442ms (cache miss)
364 silly packumentCache full:https://registry.npmjs.org/safe-regex2 set size:undefined disposed:false
365 http fetch GET 200 https://registry.npmjs.org/env-paths 445ms (cache miss)
366 silly packumentCache full:https://registry.npmjs.org/env-paths set size:undefined disposed:false
367 http fetch GET 200 https://registry.npmjs.org/signal-exit 445ms (cache miss)
368 silly packumentCache full:https://registry.npmjs.org/signal-exit set size:undefined disposed:false
369 http fetch GET 200 https://registry.npmjs.org/better-result 453ms (cache miss)
370 silly packumentCache full:https://registry.npmjs.org/better-result set size:undefined disposed:false
371 http fetch GET 200 https://registry.npmjs.org/grammex 453ms (cache miss)
372 silly packumentCache full:https://registry.npmjs.org/grammex set size:undefined disposed:false
373 http fetch GET 200 https://registry.npmjs.org/cross-spawn 456ms (cache miss)
374 silly packumentCache full:https://registry.npmjs.org/cross-spawn set size:undefined disposed:false
375 http fetch GET 200 https://registry.npmjs.org/fast-querystring 460ms (cache miss)
376 silly packumentCache full:https://registry.npmjs.org/fast-querystring set size:undefined disposed:false
377 http fetch GET 200 https://registry.npmjs.org/ajv 478ms (cache miss)
378 silly packumentCache full:https://registry.npmjs.org/ajv set size:undefined disposed:false
379 silly placeDep ROOT @prisma/debug@7.9.1 OK for: @prisma/engines@7.9.1 want: 7.9.1
380 silly placeDep ROOT @prisma/engines-version@7.9.0-1.e922089b7d7502aff4249d5da3420f6fa55fc6ad OK for: @prisma/engines@7.9.1 want: 7.9.0-1.e922089b7d7502aff4249d5da3420f6fa55fc6ad
381 silly placeDep ROOT @prisma/fetch-engine@7.9.1 OK for: @prisma/engines@7.9.1 want: 7.9.1
382 silly placeDep node_modules/@prisma/engines @prisma/get-platform@7.9.1 OK for: @prisma/engines@7.9.1 want: 7.9.1
383 silly placeDep node_modules/@prisma/fetch-engine @prisma/get-platform@7.9.1 OK for: @prisma/fetch-engine@7.9.1 want: 7.9.1
384 silly placeDep node_modules/@prisma/get-platform @prisma/debug@7.2.0 OK for: @prisma/get-platform@7.2.0 want: 7.2.0
385 silly placeDep node_modules/@prisma/streams-local ajv@8.20.0 OK for: @prisma/streams-local@0.1.11 want: ^8.12.0
386 silly placeDep ROOT better-result@2.10.0 OK for: @prisma/streams-local@0.1.11 want: ^2.7.0
387 silly placeDep ROOT env-paths@3.0.0 OK for: @prisma/streams-local@0.1.11 want: ^3.0.0
388 silly fetch manifest fast-uri@^3.0.1
389 silly packumentCache full:https://registry.npmjs.org/fast-uri cache-miss
390 silly fetch manifest json-schema-traverse@^1.0.0
391 silly packumentCache full:https://registry.npmjs.org/json-schema-traverse cache-miss
392 silly fetch manifest require-from-string@^2.0.2
393 silly packumentCache full:https://registry.npmjs.org/require-from-string cache-miss
394 http fetch GET 200 https://registry.npmjs.org/require-from-string 83ms (cache miss)
395 silly packumentCache full:https://registry.npmjs.org/require-from-string set size:undefined disposed:false
396 http fetch GET 200 https://registry.npmjs.org/fast-uri 120ms (cache miss)
397 silly packumentCache full:https://registry.npmjs.org/fast-uri set size:undefined disposed:false
398 http fetch GET 200 https://registry.npmjs.org/json-schema-traverse 125ms (cache miss)
399 silly packumentCache full:https://registry.npmjs.org/json-schema-traverse set size:undefined disposed:false
400 silly fetch manifest @types/react-dom@*
401 silly packumentCache full:https://registry.npmjs.org/@types%2freact-dom cache-miss
402 http fetch GET 200 https://registry.npmjs.org/@types%2freact-dom 66ms (cache miss)
403 silly packumentCache full:https://registry.npmjs.org/@types%2freact-dom set size:undefined disposed:false
404 silly placeDep node_modules/@prisma/studio-core @radix-ui/react-toggle@1.1.10 CONFLICT for: @prisma/studio-core@0.33.0 want: 1.1.10
405 silly placeDep ROOT @visx/curve@4.0.1-alpha.0 OK for: @prisma/studio-core@0.33.0 want: 4.0.1-alpha.0
406 silly placeDep ROOT @visx/event@4.0.1-alpha.0 OK for: @prisma/studio-core@0.33.0 want: 4.0.1-alpha.0
407 silly placeDep ROOT @visx/grid@4.0.1-alpha.0 OK for: @prisma/studio-core@0.33.0 want: 4.0.1-alpha.0
408 silly placeDep ROOT @visx/group@4.0.1-alpha.0 OK for: @prisma/studio-core@0.33.0 want: 4.0.1-alpha.0
409 silly placeDep ROOT @visx/responsive@4.0.1-alpha.0 OK for: @prisma/studio-core@0.33.0 want: 4.0.1-alpha.0
410 silly placeDep ROOT @visx/scale@4.0.1-alpha.0 OK for: @prisma/studio-core@0.33.0 want: 4.0.1-alpha.0
411 silly placeDep ROOT @visx/shape@4.0.1-alpha.0 OK for: @prisma/studio-core@0.33.0 want: 4.0.1-alpha.0
412 silly placeDep ROOT d3-array@3.2.4 OK for: @prisma/studio-core@0.33.0 want: 3.2.4
413 silly placeDep ROOT d3-shape@3.2.0 OK for: @prisma/studio-core@0.33.0 want: 3.2.0
414 silly placeDep ROOT elkjs@0.11.1 OK for: @prisma/studio-core@0.33.0 want: 0.11.1
415 silly fetch manifest @radix-ui/primitive@1.1.3
416 silly packumentCache full:https://registry.npmjs.org/@radix-ui%2fprimitive cache-miss
417 silly fetch manifest @radix-ui/react-primitive@2.1.3
418 silly packumentCache full:https://registry.npmjs.org/@radix-ui%2freact-primitive cache-miss
419 silly fetch manifest @radix-ui/react-use-controllable-state@1.2.2
420 silly packumentCache full:https://registry.npmjs.org/@radix-ui%2freact-use-controllable-state cache-miss
421 silly fetch manifest @visx/vendor@4.0.0-alpha.0
422 silly packumentCache full:https://registry.npmjs.org/@visx%2fvendor cache-miss
423 silly fetch manifest @visx/point@4.0.1-alpha.0
424 silly packumentCache full:https://registry.npmjs.org/@visx%2fpoint cache-miss
425 silly fetch manifest classnames@^2.3.1
426 silly packumentCache full:https://registry.npmjs.org/classnames cache-miss
427 silly fetch manifest @visx/point@4.0.1-alpha.0
428 silly packumentCache full:https://registry.npmjs.org/@visx%2fpoint cache-miss
429 silly fetch manifest classnames@^2.3.1
430 silly packumentCache full:https://registry.npmjs.org/classnames cache-miss
431 silly fetch manifest @types/lodash@^4.17.13
432 silly packumentCache full:https://registry.npmjs.org/@types%2flodash cache-miss
433 silly fetch manifest @visx/vendor@4.0.0-alpha.0
434 silly packumentCache full:https://registry.npmjs.org/@visx%2fvendor cache-miss
435 silly fetch manifest classnames@^2.3.1
436 silly packumentCache full:https://registry.npmjs.org/classnames cache-miss
437 silly fetch manifest @visx/vendor@4.0.0-alpha.0
438 silly packumentCache full:https://registry.npmjs.org/@visx%2fvendor cache-miss
439 silly fetch manifest @types/lodash@^4.17.13
440 silly packumentCache full:https://registry.npmjs.org/@types%2flodash cache-miss
441 silly fetch manifest internmap@1 - 2
442 silly packumentCache full:https://registry.npmjs.org/internmap cache-miss
443 silly fetch manifest d3-path@^3.1.0
444 silly packumentCache full:https://registry.npmjs.org/d3-path cache-miss
445 http fetch GET 200 https://registry.npmjs.org/internmap 78ms (cache miss)
446 silly packumentCache full:https://registry.npmjs.org/internmap set size:undefined disposed:false
447 http fetch GET 200 https://registry.npmjs.org/classnames 88ms (cache miss)
448 silly packumentCache full:https://registry.npmjs.org/classnames set size:undefined disposed:false
449 http fetch GET 200 https://registry.npmjs.org/@visx%2fvendor 92ms (cache miss)
450 silly packumentCache full:https://registry.npmjs.org/@visx%2fvendor set size:undefined disposed:false
451 http fetch GET 200 https://registry.npmjs.org/@visx%2fpoint 98ms (cache miss)
452 silly packumentCache full:https://registry.npmjs.org/@visx%2fpoint set size:undefined disposed:false
453 http fetch GET 200 https://registry.npmjs.org/classnames 100ms (cache miss)
454 silly packumentCache full:https://registry.npmjs.org/classnames set size:undefined disposed:false
455 http fetch GET 200 https://registry.npmjs.org/classnames 136ms (cache miss)
456 silly packumentCache full:https://registry.npmjs.org/classnames set size:undefined disposed:false
457 http fetch GET 200 https://registry.npmjs.org/@radix-ui%2fprimitive 149ms (cache miss)
458 silly packumentCache full:https://registry.npmjs.org/@radix-ui%2fprimitive set size:undefined disposed:false
459 http fetch GET 200 https://registry.npmjs.org/@types%2flodash 172ms (cache miss)
460 silly packumentCache full:https://registry.npmjs.org/@types%2flodash set size:undefined disposed:false
461 http fetch GET 200 https://registry.npmjs.org/@types%2flodash 177ms (cache miss)
462 silly packumentCache full:https://registry.npmjs.org/@types%2flodash set size:undefined disposed:false
463 http fetch GET 200 https://registry.npmjs.org/d3-path 195ms (cache miss)
464 silly packumentCache full:https://registry.npmjs.org/d3-path set size:undefined disposed:false
465 http fetch GET 200 https://registry.npmjs.org/@radix-ui%2freact-primitive 207ms (cache miss)
466 silly packumentCache full:https://registry.npmjs.org/@radix-ui%2freact-primitive set size:undefined disposed:false
467 http fetch GET 200 https://registry.npmjs.org/@visx%2fpoint 246ms (cache miss)
468 silly packumentCache full:https://registry.npmjs.org/@visx%2fpoint set size:undefined disposed:false
469 http fetch GET 200 https://registry.npmjs.org/@visx%2fvendor 250ms (cache miss)
470 silly packumentCache full:https://registry.npmjs.org/@visx%2fvendor set size:undefined disposed:false
471 http fetch GET 200 https://registry.npmjs.org/@visx%2fvendor 248ms (cache miss)
472 silly packumentCache full:https://registry.npmjs.org/@visx%2fvendor set size:undefined disposed:false
473 http fetch GET 200 https://registry.npmjs.org/@radix-ui%2freact-use-controllable-state 615ms (cache miss)
474 silly packumentCache full:https://registry.npmjs.org/@radix-ui%2freact-use-controllable-state set size:undefined disposed:false
475 silly placeDep ROOT @visx/vendor@4.0.0-alpha.0 OK for: @visx/curve@4.0.1-alpha.0 want: 4.0.0-alpha.0
476 silly fetch manifest d3-geo@3.1.0
477 silly packumentCache full:https://registry.npmjs.org/d3-geo cache-miss
478 silly fetch manifest d3-path@3.1.0
479 silly packumentCache full:https://registry.npmjs.org/d3-path cache-miss
480 silly fetch manifest d3-time@3.1.0
481 silly packumentCache full:https://registry.npmjs.org/d3-time cache-miss
482 silly fetch manifest d3-array@3.2.1
483 silly packumentCache full:https://registry.npmjs.org/d3-array cache-miss
484 silly fetch manifest d3-color@3.1.0
485 silly packumentCache full:https://registry.npmjs.org/d3-color cache-miss
486 silly fetch manifest d3-scale@4.0.2
487 silly packumentCache full:https://registry.npmjs.org/d3-scale cache-miss
488 silly fetch manifest d3-format@3.1.0
489 silly packumentCache full:https://registry.npmjs.org/d3-format cache-miss
490 silly fetch manifest internmap@2.0.3
491 silly packumentCache full:https://registry.npmjs.org/internmap cache-miss
492 silly fetch manifest d3-delaunay@6.0.2
493 silly packumentCache full:https://registry.npmjs.org/d3-delaunay cache-miss
494 silly fetch manifest @types/d3-geo@3.1.0
495 silly packumentCache full:https://registry.npmjs.org/@types%2fd3-geo cache-miss
496 silly fetch manifest @types/d3-path@3.1.1
497 silly packumentCache full:https://registry.npmjs.org/@types%2fd3-path cache-miss
498 silly fetch manifest @types/d3-time@3.0.0
499 silly packumentCache full:https://registry.npmjs.org/@types%2fd3-time cache-miss
500 silly fetch manifest d3-interpolate@3.0.1
501 silly packumentCache full:https://registry.npmjs.org/d3-interpolate cache-miss
502 silly fetch manifest d3-time-format@4.1.0
503 silly packumentCache full:https://registry.npmjs.org/d3-time-format cache-miss
504 silly fetch manifest @types/d3-array@3.0.3
505 silly packumentCache full:https://registry.npmjs.org/@types%2fd3-array cache-miss
506 http cache https://registry.npmjs.org/d3-path 30ms (cache hit)
507 silly packumentCache full:https://registry.npmjs.org/d3-path set size:77883 disposed:false
508 silly fetch manifest @types/d3-color@3.1.0
509 silly packumentCache full:https://registry.npmjs.org/@types%2fd3-color cache-miss
510 http cache https://registry.npmjs.org/internmap 29ms (cache hit)
511 silly packumentCache full:https://registry.npmjs.org/internmap set size:19637 disposed:false
512 silly fetch manifest @types/d3-scale@4.0.2
513 silly packumentCache full:https://registry.npmjs.org/@types%2fd3-scale cache-miss
514 http cache https://registry.npmjs.org/d3-array 36ms (cache hit)
515 silly packumentCache full:https://registry.npmjs.org/d3-array set size:246308 disposed:false
516 silly fetch manifest @types/d3-shape@3.1.7
517 silly packumentCache full:https://registry.npmjs.org/@types%2fd3-shape cache-miss
518 http fetch GET 200 https://registry.npmjs.org/@types%2fd3-path 62ms (cache miss)
519 silly packumentCache full:https://registry.npmjs.org/@types%2fd3-path set size:undefined disposed:false
520 silly fetch manifest @types/d3-format@3.0.1
521 silly packumentCache full:https://registry.npmjs.org/@types%2fd3-format cache-miss
522 http fetch GET 200 https://registry.npmjs.org/d3-format 67ms (cache miss)
523 silly packumentCache full:https://registry.npmjs.org/d3-format set size:undefined disposed:false
524 silly fetch manifest @types/d3-delaunay@6.0.1
525 silly packumentCache full:https://registry.npmjs.org/@types%2fd3-delaunay cache-miss
526 http fetch GET 200 https://registry.npmjs.org/d3-time 76ms (cache miss)
527 silly packumentCache full:https://registry.npmjs.org/d3-time set size:undefined disposed:false
528 silly fetch manifest @types/d3-interpolate@3.0.1
529 silly packumentCache full:https://registry.npmjs.org/@types%2fd3-interpolate cache-miss
530 http fetch GET 200 https://registry.npmjs.org/d3-color 77ms (cache miss)
531 silly packumentCache full:https://registry.npmjs.org/d3-color set size:undefined disposed:false
532 silly fetch manifest @types/d3-time-format@2.1.0
533 silly packumentCache full:https://registry.npmjs.org/@types%2fd3-time-format cache-miss
534 http fetch GET 200 https://registry.npmjs.org/d3-geo 99ms (cache miss)
535 silly packumentCache full:https://registry.npmjs.org/d3-geo set size:undefined disposed:false
536 http fetch GET 200 https://registry.npmjs.org/@types%2fd3-geo 107ms (cache miss)
537 silly packumentCache full:https://registry.npmjs.org/@types%2fd3-geo set size:undefined disposed:false
538 http fetch GET 200 https://registry.npmjs.org/@types%2fd3-time 117ms (cache miss)
539 silly packumentCache full:https://registry.npmjs.org/@types%2fd3-time set size:undefined disposed:false
540 http fetch GET 200 https://registry.npmjs.org/d3-interpolate 120ms (cache miss)
541 silly packumentCache full:https://registry.npmjs.org/d3-interpolate set size:undefined disposed:false
542 http fetch GET 200 https://registry.npmjs.org/@types%2fd3-array 124ms (cache miss)
543 silly packumentCache full:https://registry.npmjs.org/@types%2fd3-array set size:undefined disposed:false
544 http fetch GET 200 https://registry.npmjs.org/@types%2fd3-color 111ms (cache miss)
545 silly packumentCache full:https://registry.npmjs.org/@types%2fd3-color set size:undefined disposed:false
546 http fetch GET 200 https://registry.npmjs.org/d3-time-format 141ms (cache miss)
547 silly packumentCache full:https://registry.npmjs.org/d3-time-format set size:undefined disposed:false
548 http fetch GET 200 https://registry.npmjs.org/@types%2fd3-scale 118ms (cache miss)
549 silly packumentCache full:https://registry.npmjs.org/@types%2fd3-scale set size:undefined disposed:false
550 http fetch GET 200 https://registry.npmjs.org/d3-scale 153ms (cache miss)
551 silly packumentCache full:https://registry.npmjs.org/d3-scale set size:undefined disposed:false
552 http fetch GET 200 https://registry.npmjs.org/@types%2fd3-time-format 79ms (cache miss)
553 silly packumentCache full:https://registry.npmjs.org/@types%2fd3-time-format set size:undefined disposed:false
554 http fetch GET 200 https://registry.npmjs.org/@types%2fd3-delaunay 90ms (cache miss)
555 silly packumentCache full:https://registry.npmjs.org/@types%2fd3-delaunay set size:undefined disposed:false
556 http fetch GET 200 https://registry.npmjs.org/@types%2fd3-interpolate 86ms (cache miss)
557 silly packumentCache full:https://registry.npmjs.org/@types%2fd3-interpolate set size:undefined disposed:false
558 http fetch GET 200 https://registry.npmjs.org/d3-delaunay 308ms (cache miss)
559 silly packumentCache full:https://registry.npmjs.org/d3-delaunay set size:undefined disposed:false
560 http fetch GET 200 https://registry.npmjs.org/@types%2fd3-shape 500ms (cache miss)
561 silly packumentCache full:https://registry.npmjs.org/@types%2fd3-shape set size:undefined disposed:false
562 http fetch GET 200 https://registry.npmjs.org/@types%2fd3-format 542ms (cache miss)
563 silly packumentCache full:https://registry.npmjs.org/@types%2fd3-format set size:undefined disposed:false
564 silly placeDep ROOT @visx/point@4.0.1-alpha.0 OK for: @visx/event@4.0.1-alpha.0 want: 4.0.1-alpha.0
565 silly placeDep ROOT classnames@2.5.1 OK for: @visx/grid@4.0.1-alpha.0 want: ^2.3.1
566 silly placeDep ROOT @types/lodash@4.17.25 OK for: @visx/responsive@4.0.1-alpha.0 want: ^4.17.13
567 silly placeDep ROOT @types/d3-array@3.0.3 OK for: @visx/vendor@4.0.0-alpha.0 want: 3.0.3
568 silly placeDep ROOT @types/d3-color@3.1.0 OK for: @visx/vendor@4.0.0-alpha.0 want: 3.1.0
569 silly placeDep ROOT @types/d3-delaunay@6.0.1 OK for: @visx/vendor@4.0.0-alpha.0 want: 6.0.1
570 silly placeDep ROOT @types/d3-format@3.0.1 OK for: @visx/vendor@4.0.0-alpha.0 want: 3.0.1
571 silly placeDep ROOT @types/d3-geo@3.1.0 OK for: @visx/vendor@4.0.0-alpha.0 want: 3.1.0
572 silly placeDep ROOT @types/d3-interpolate@3.0.1 OK for: @visx/vendor@4.0.0-alpha.0 want: 3.0.1
573 silly placeDep ROOT @types/d3-path@3.1.1 OK for: @visx/vendor@4.0.0-alpha.0 want: 3.1.1
574 silly placeDep ROOT @types/d3-scale@4.0.2 OK for: @visx/vendor@4.0.0-alpha.0 want: 4.0.2
575 silly placeDep ROOT @types/d3-shape@3.1.7 OK for: @visx/vendor@4.0.0-alpha.0 want: 3.1.7
576 silly placeDep ROOT @types/d3-time@3.0.0 OK for: @visx/vendor@4.0.0-alpha.0 want: 3.0.0
577 silly placeDep ROOT @types/d3-time-format@2.1.0 OK for: @visx/vendor@4.0.0-alpha.0 want: 2.1.0
578 silly placeDep node_modules/@visx/vendor d3-array@3.2.1 OK for: @visx/vendor@4.0.0-alpha.0 want: 3.2.1
579 silly placeDep ROOT d3-color@3.1.0 OK for: @visx/vendor@4.0.0-alpha.0 want: 3.1.0
580 silly placeDep ROOT d3-delaunay@6.0.2 OK for: @visx/vendor@4.0.0-alpha.0 want: 6.0.2
581 silly placeDep ROOT d3-format@3.1.0 OK for: @visx/vendor@4.0.0-alpha.0 want: 3.1.0
582 silly placeDep ROOT d3-geo@3.1.0 OK for: @visx/vendor@4.0.0-alpha.0 want: 3.1.0
583 silly placeDep ROOT d3-interpolate@3.0.1 OK for: @visx/vendor@4.0.0-alpha.0 want: 3.0.1
584 silly placeDep ROOT d3-path@3.1.0 OK for: @visx/vendor@4.0.0-alpha.0 want: 3.1.0
585 silly placeDep ROOT d3-scale@4.0.2 OK for: @visx/vendor@4.0.0-alpha.0 want: 4.0.2
586 silly placeDep ROOT d3-time@3.1.0 OK for: @visx/vendor@4.0.0-alpha.0 want: 3.1.0
587 silly placeDep ROOT d3-time-format@4.1.0 OK for: @visx/vendor@4.0.0-alpha.0 want: 4.1.0
588 silly placeDep ROOT internmap@2.0.3 OK for: @visx/vendor@4.0.0-alpha.0 want: 2.0.3
589 silly fetch manifest @types/geojson@*
590 silly packumentCache full:https://registry.npmjs.org/@types%2fgeojson cache-miss
591 silly fetch manifest @types/d3-time@*
592 silly packumentCache full:https://registry.npmjs.org/@types%2fd3-time cache-miss
593 silly fetch manifest delaunator@5
594 silly packumentCache full:https://registry.npmjs.org/delaunator cache-miss
595 silly fetch manifest d3-time@2.1.1 - 3
596 silly packumentCache full:https://registry.npmjs.org/d3-time cache-miss
597 silly fetch manifest d3-time-format@2 - 4
598 silly packumentCache full:https://registry.npmjs.org/d3-time-format cache-miss
599 http cache https://registry.npmjs.org/@types%2fd3-time 21ms (cache hit)
600 silly packumentCache full:https://registry.npmjs.org/@types%2fd3-time set size:52652 disposed:false
601 http cache https://registry.npmjs.org/d3-time 21ms (cache hit)
602 silly packumentCache full:https://registry.npmjs.org/d3-time set size:150406 disposed:false
603 http cache https://registry.npmjs.org/d3-time-format 25ms (cache hit)
604 silly packumentCache full:https://registry.npmjs.org/d3-time-format set size:124514 disposed:false
605 http fetch GET 200 https://registry.npmjs.org/@types%2fgeojson 68ms (cache miss)
606 silly packumentCache full:https://registry.npmjs.org/@types%2fgeojson set size:undefined disposed:false
607 http fetch GET 200 https://registry.npmjs.org/delaunator 69ms (cache miss)
608 silly packumentCache full:https://registry.npmjs.org/delaunator set size:undefined disposed:false
609 silly placeDep ROOT @types/geojson@7946.0.16 OK for: @types/d3-geo@3.1.0 want: *
610 silly placeDep node_modules/c12 chokidar@5.0.0 OK for: c12@3.3.4 want: ^5.0.0
611 silly placeDep ROOT confbox@0.2.4 OK for: c12@3.3.4 want: ^0.2.4
612 silly placeDep ROOT defu@6.1.7 OK for: c12@3.3.4 want: ^6.1.6
613 silly placeDep ROOT exsolve@1.1.1 OK for: c12@3.3.4 want: ^1.0.8
614 silly placeDep ROOT giget@3.3.1 OK for: c12@3.3.4 want: ^3.2.0
615 silly placeDep node_modules/c12 jiti@2.7.0 OK for: c12@3.3.4 want: ^2.6.1
616 silly placeDep ROOT ohash@2.0.11 OK for: c12@3.3.4 want: ^2.0.11
617 silly placeDep ROOT perfect-debounce@2.1.0 OK for: c12@3.3.4 want: ^2.1.0
618 silly placeDep ROOT pkg-types@2.3.1 OK for: c12@3.3.4 want: ^2.3.0
619 silly placeDep ROOT rc9@3.0.1 OK for: c12@3.3.4 want: ^3.0.1
620 silly fetch manifest readdirp@^5.0.0
621 silly packumentCache full:https://registry.npmjs.org/readdirp cache-miss
622 silly fetch manifest destr@^2.0.5
623 silly packumentCache full:https://registry.npmjs.org/destr cache-miss
624 http fetch GET 200 https://registry.npmjs.org/readdirp 54ms (cache miss)
625 silly packumentCache full:https://registry.npmjs.org/readdirp set size:undefined disposed:false
626 http fetch GET 200 https://registry.npmjs.org/destr 61ms (cache miss)
627 silly packumentCache full:https://registry.npmjs.org/destr set size:undefined disposed:false
628 silly placeDep ROOT delaunator@5.1.0 OK for: d3-delaunay@6.0.2 want: 5
629 silly fetch manifest robust-predicates@^3.0.2
630 silly packumentCache full:https://registry.npmjs.org/robust-predicates cache-miss
631 http fetch GET 200 https://registry.npmjs.org/robust-predicates 51ms (cache miss)
632 silly packumentCache full:https://registry.npmjs.org/robust-predicates set size:undefined disposed:false
633 silly placeDep ROOT robust-predicates@3.0.3 OK for: delaunator@5.1.0 want: ^3.0.2
634 silly placeDep ROOT @standard-schema/spec@1.1.0 OK for: effect@3.20.0 want: ^1.0.0
635 silly placeDep ROOT fast-check@3.23.2 OK for: effect@3.20.0 want: ^3.23.1
636 silly fetch manifest pure-rand@^6.1.0
637 silly packumentCache full:https://registry.npmjs.org/pure-rand cache-miss
638 http fetch GET 200 https://registry.npmjs.org/pure-rand 49ms (cache miss)
639 silly packumentCache full:https://registry.npmjs.org/pure-rand set size:undefined disposed:false
640 silly placeDep ROOT pure-rand@6.1.0 OK for: fast-check@3.23.2 want: ^6.1.0
641 silly placeDep ROOT fast-querystring@1.1.2 OK for: find-my-way@9.7.0 want: ^1.0.0
642 silly placeDep ROOT safe-regex2@5.1.1 OK for: find-my-way@9.7.0 want: ^5.0.0
643 silly fetch manifest fast-decode-uri-component@^1.0.1
644 silly packumentCache full:https://registry.npmjs.org/fast-decode-uri-component cache-miss
645 silly fetch manifest ret@~0.5.0
646 silly packumentCache full:https://registry.npmjs.org/ret cache-miss
647 http fetch GET 200 https://registry.npmjs.org/fast-decode-uri-component 45ms (cache miss)
648 silly packumentCache full:https://registry.npmjs.org/fast-decode-uri-component set size:undefined disposed:false
649 http fetch GET 200 https://registry.npmjs.org/ret 46ms (cache miss)
650 silly packumentCache full:https://registry.npmjs.org/ret set size:undefined disposed:false
651 silly placeDep ROOT fast-decode-uri-component@1.0.1 OK for: fast-querystring@1.1.2 want: ^1.0.1
652 silly placeDep ROOT cross-spawn@7.0.6 REPLACE for: foreground-child@3.3.1 want: ^7.0.6
653 silly placeDep ROOT aws-ssl-profiles@1.1.2 OK for: mysql2@3.15.3 want: ^1.1.1
654 silly placeDep ROOT denque@2.1.0 OK for: mysql2@3.15.3 want: ^2.1.0
655 silly placeDep ROOT generate-function@2.3.1 OK for: mysql2@3.15.3 want: ^2.3.1
656 silly placeDep ROOT iconv-lite@0.7.3 OK for: mysql2@3.15.3 want: ^0.7.0
657 silly placeDep ROOT long@5.3.2 OK for: mysql2@3.15.3 want: ^5.2.1
658 silly placeDep ROOT lru.min@1.1.4 OK for: mysql2@3.15.3 want: ^1.0.0
659 silly placeDep ROOT named-placeholders@1.1.6 OK for: mysql2@3.15.3 want: ^1.1.3
660 silly placeDep ROOT seq-queue@0.0.5 OK for: mysql2@3.15.3 want: ^0.0.5
661 silly placeDep ROOT sqlstring@2.3.3 OK for: mysql2@3.15.3 want: ^2.3.2
662 silly fetch manifest is-property@^1.0.2
663 silly packumentCache full:https://registry.npmjs.org/is-property cache-miss
664 silly fetch manifest safer-buffer@>= 2.1.2 < 3.0.0
665 silly packumentCache full:https://registry.npmjs.org/safer-buffer cache-miss
666 http fetch GET 200 https://registry.npmjs.org/is-property 63ms (cache miss)
667 silly packumentCache full:https://registry.npmjs.org/is-property set size:undefined disposed:false
668 http fetch GET 200 https://registry.npmjs.org/safer-buffer 63ms (cache miss)
669 silly packumentCache full:https://registry.npmjs.org/safer-buffer set size:undefined disposed:false
670 silly placeDep ROOT is-property@1.0.2 OK for: generate-function@2.3.1 want: ^1.0.2
671 silly placeDep ROOT safer-buffer@2.1.2 OK for: iconv-lite@0.7.3 want: >= 2.1.2 < 3.0.0
672 silly placeDep ROOT retry@0.12.0 OK for: proper-lockfile@4.1.2 want: ^0.12.0
673 silly placeDep node_modules/proper-lockfile signal-exit@3.0.7 OK for: proper-lockfile@4.1.2 want: ^3.0.2
674 silly placeDep ROOT destr@2.0.5 OK for: rc9@3.0.1 want: ^2.0.5
675 silly placeDep ROOT ret@0.5.0 OK for: safe-regex2@5.1.1 want: ~0.5.0
676 silly placeDep ROOT grammex@3.1.13 OK for: zeptomatch@2.1.0 want: ^3.1.11
677 silly placeDep ROOT graphmatch@1.1.1 OK for: zeptomatch@2.1.0 want: ^1.1.0
678 silly placeDep ROOT fast-uri@3.1.5 OK for: ajv@8.20.0 want: ^3.0.1
679 silly placeDep node_modules/@prisma/streams-local json-schema-traverse@1.0.0 OK for: ajv@8.20.0 want: ^1.0.0
680 silly placeDep ROOT require-from-string@2.0.2 OK for: ajv@8.20.0 want: ^2.0.2
681 silly fetch manifest @types/react@*
682 silly packumentCache full:https://registry.npmjs.org/@types%2freact cache-miss
683 http cache https://registry.npmjs.org/@types%2freact 14ms (cache hit)
684 silly packumentCache full:https://registry.npmjs.org/@types%2freact set size:2637439 disposed:false
685 silly fetch manifest react@^16.8 || ^17.0 || ^18.0 || ^19.0 || ^19.0.0-rc
686 silly packumentCache full:https://registry.npmjs.org/react cache-miss
687 http cache https://registry.npmjs.org/react 119ms (cache hit)
688 silly packumentCache full:https://registry.npmjs.org/react set size:6859098 disposed:false
689 silly fetch manifest react-dom@^16.8 || ^17.0 || ^18.0 || ^19.0 || ^19.0.0-rc
690 silly packumentCache full:https://registry.npmjs.org/react-dom cache-miss
691 http cache https://registry.npmjs.org/react-dom 34ms (cache hit)
692 silly packumentCache full:https://registry.npmjs.org/react-dom set size:9206376 disposed:false
693 silly placeDep ROOT @radix-ui/primitive@1.1.3 OK for: @radix-ui/react-toggle@1.1.10 want: 1.1.3
694 silly placeDep node_modules/@prisma/studio-core/node_modules/@radix-ui/react-toggle @radix-ui/react-primitive@2.1.3 CONFLICT for: @radix-ui/react-toggle@1.1.10 want: 2.1.3
695 silly placeDep ROOT @radix-ui/react-use-controllable-state@1.2.2 OK for: @radix-ui/react-toggle@1.1.10 want: 1.2.2
696 silly fetch manifest @radix-ui/react-slot@1.2.3
697 silly packumentCache full:https://registry.npmjs.org/@radix-ui%2freact-slot cache-miss
698 silly fetch manifest @radix-ui/react-use-effect-event@0.0.2
699 silly packumentCache full:https://registry.npmjs.org/@radix-ui%2freact-use-effect-event cache-miss
700 silly fetch manifest @radix-ui/react-use-layout-effect@1.1.1
701 silly packumentCache full:https://registry.npmjs.org/@radix-ui%2freact-use-layout-effect cache-miss
702 http fetch GET 200 https://registry.npmjs.org/@radix-ui%2freact-use-effect-event 63ms (cache miss)
703 silly packumentCache full:https://registry.npmjs.org/@radix-ui%2freact-use-effect-event set size:undefined disposed:false
704 http fetch GET 200 https://registry.npmjs.org/@radix-ui%2freact-slot 73ms (cache miss)
705 silly packumentCache full:https://registry.npmjs.org/@radix-ui%2freact-slot set size:undefined disposed:false
706 http fetch GET 200 https://registry.npmjs.org/@radix-ui%2freact-use-layout-effect 638ms (cache miss)
707 silly packumentCache full:https://registry.npmjs.org/@radix-ui%2freact-use-layout-effect set size:undefined disposed:false
708 silly placeDep ROOT @radix-ui/react-use-effect-event@0.0.2 OK for: @radix-ui/react-use-controllable-state@1.2.2 want: 0.0.2
709 silly placeDep ROOT @radix-ui/react-use-layout-effect@1.1.1 OK for: @radix-ui/react-use-controllable-state@1.2.2 want: 1.1.1
710 silly placeDep node_modules/c12 readdirp@5.0.0 OK for: chokidar@5.0.0 want: ^5.0.0
711 silly placeDep ROOT @radix-ui/react-slot@1.2.3 OK for: @radix-ui/react-primitive@2.1.3 want: 1.2.3
712 silly fetch manifest @radix-ui/react-compose-refs@1.1.2
713 silly packumentCache full:https://registry.npmjs.org/@radix-ui%2freact-compose-refs cache-miss
714 http fetch GET 200 https://registry.npmjs.org/@radix-ui%2freact-compose-refs 60ms (cache miss)
715 silly packumentCache full:https://registry.npmjs.org/@radix-ui%2freact-compose-refs set size:undefined disposed:false
716 silly placeDep ROOT @radix-ui/react-compose-refs@1.1.2 OK for: @radix-ui/react-slot@1.2.3 want: 1.1.2
717 silly reify mark retired [
717 silly reify   'D:\\Web_Development_Course\\16_ai_powered_saas\\ai_powered_saas(self_practice)\\node_modules\\@prisma\\debug'
717 silly reify ]
718 silly reify mark retired [
718 silly reify   'D:\\Web_Development_Course\\16_ai_powered_saas\\ai_powered_saas(self_practice)\\node_modules\\@prisma\\driver-adapter-utils\\node_modules\\@prisma\\debug'
718 silly reify ]
719 silly reify mark retired [
719 silly reify   'D:\\Web_Development_Course\\16_ai_powered_saas\\ai_powered_saas(self_practice)\\node_modules\\@prisma\\engines'
719 silly reify ]
720 silly reify mark retired [
720 silly reify   'D:\\Web_Development_Course\\16_ai_powered_saas\\ai_powered_saas(self_practice)\\node_modules\\@prisma\\engines-version'
720 silly reify ]
721 silly reify mark retired [
721 silly reify   'D:\\Web_Development_Course\\16_ai_powered_saas\\ai_powered_saas(self_practice)\\node_modules\\@prisma\\fetch-engine'
721 silly reify ]
722 silly reify mark retired [
722 silly reify   'D:\\Web_Development_Course\\16_ai_powered_saas\\ai_powered_saas(self_practice)\\node_modules\\@prisma\\get-platform'
722 silly reify ]
723 silly reify mark retired [
723 silly reify   'D:\\Web_Development_Course\\16_ai_powered_saas\\ai_powered_saas(self_practice)\\node_modules\\cross-spawn'
723 silly reify ]
724 silly reify mark retired [
724 silly reify   'D:\\Web_Development_Course\\16_ai_powered_saas\\ai_powered_saas(self_practice)\\node_modules\\foreground-child'
724 silly reify ]
725 silly reify mark retired [
725 silly reify   'D:\\Web_Development_Course\\16_ai_powered_saas\\ai_powered_saas(self_practice)\\node_modules\\prisma',
725 silly reify   'D:\\Web_Development_Course\\16_ai_powered_saas\\ai_powered_saas(self_practice)\\node_modules\\.bin\\prisma',
725 silly reify   'D:\\Web_Development_Course\\16_ai_powered_saas\\ai_powered_saas(self_practice)\\node_modules\\.bin\\prisma.cmd',
725 silly reify   'D:\\Web_Development_Course\\16_ai_powered_saas\\ai_powered_saas(self_practice)\\node_modules\\.bin\\prisma.ps1'
725 silly reify ]
726 silly reify mark retired [
726 silly reify   'D:\\Web_Development_Course\\16_ai_powered_saas\\ai_powered_saas(self_practice)\\node_modules\\std-env'
726 silly reify ]
727 silly reify moves {
727 silly reify   'D:\\Web_Development_Course\\16_ai_powered_saas\\ai_powered_saas(self_practice)\\node_modules\\@prisma\\debug': 'D:\\Web_Development_Course\\16_ai_powered_saas\\ai_powered_saas(self_practice)\\node_modules\\@prisma\\.debug-G12hFqSV',
727 silly reify   'D:\\Web_Development_Course\\16_ai_powered_saas\\ai_powered_saas(self_practice)\\node_modules\\@prisma\\driver-adapter-utils\\node_modules\\@prisma\\debug': 'D:\\Web_Development_Course\\16_ai_powered_saas\\ai_powered_saas(self_practice)\\node_modules\\@prisma\\driver-adapter-utils\\node_modules\\@prisma\\.debug-zcnMrV4W',
727 silly reify   'D:\\Web_Development_Course\\16_ai_powered_saas\\ai_powered_saas(self_practice)\\node_modules\\@prisma\\engines': 'D:\\Web_Development_Course\\16_ai_powered_saas\\ai_powered_saas(self_practice)\\node_modules\\@prisma\\.engines-ydFoqh8i',
727 silly reify   'D:\\Web_Development_Course\\16_ai_powered_saas\\ai_powered_saas(self_practice)\\node_modules\\@prisma\\engines-version': 'D:\\Web_Development_Course\\16_ai_powered_saas\\ai_powered_saas(self_practice)\\node_modules\\@prisma\\.engines-version-KiaadQxW',
727 silly reify   'D:\\Web_Development_Course\\16_ai_powered_saas\\ai_powered_saas(self_practice)\\node_modules\\@prisma\\fetch-engine': 'D:\\Web_Development_Course\\16_ai_powered_saas\\ai_powered_saas(self_practice)\\node_modules\\@prisma\\.fetch-engine-cmEJAmyY',
727 silly reify   'D:\\Web_Development_Course\\16_ai_powered_saas\\ai_powered_saas(self_practice)\\node_modules\\@prisma\\get-platform': 'D:\\Web_Development_Course\\16_ai_powered_saas\\ai_powered_saas(self_practice)\\node_modules\\@prisma\\.get-platform-C9r8Ofp7',
727 silly reify   'D:\\Web_Development_Course\\16_ai_powered_saas\\ai_powered_saas(self_practice)\\node_modules\\cross-spawn': 'D:\\Web_Development_Course\\16_ai_powered_saas\\ai_powered_saas(self_practice)\\node_modules\\.cross-spawn-pOVBAs6F',
727 silly reify   'D:\\Web_Development_Course\\16_ai_powered_saas\\ai_powered_saas(self_practice)\\node_modules\\foreground-child': 'D:\\Web_Development_Course\\16_ai_powered_saas\\ai_powered_saas(self_practice)\\node_modules\\.foreground-child-3vVi0EU6',
727 silly reify   'D:\\Web_Development_Course\\16_ai_powered_saas\\ai_powered_saas(self_practice)\\node_modules\\prisma': 'D:\\Web_Development_Course\\16_ai_powered_saas\\ai_powered_saas(self_practice)\\node_modules\\.prisma-rGy6HIMC',
727 silly reify   'D:\\Web_Development_Course\\16_ai_powered_saas\\ai_powered_saas(self_practice)\\node_modules\\.bin\\prisma': 'D:\\Web_Development_Course\\16_ai_powered_saas\\ai_powered_saas(self_practice)\\node_modules\\.bin\\.prisma-QNR8IQXb',
727 silly reify   'D:\\Web_Development_Course\\16_ai_powered_saas\\ai_powered_saas(self_practice)\\node_modules\\.bin\\prisma.cmd': 'D:\\Web_Development_Course\\16_ai_powered_saas\\ai_powered_saas(self_practice)\\node_modules\\.bin\\.prisma.cmd-7vSQJxDV',
727 silly reify   'D:\\Web_Development_Course\\16_ai_powered_saas\\ai_powered_saas(self_practice)\\node_modules\\.bin\\prisma.ps1': 'D:\\Web_Development_Course\\16_ai_powered_saas\\ai_powered_saas(self_practice)\\node_modules\\.bin\\.prisma.ps1-LctcZ7tu',
727 silly reify   'D:\\Web_Development_Course\\16_ai_powered_saas\\ai_powered_saas(self_practice)\\node_modules\\std-env': 'D:\\Web_Development_Course\\16_ai_powered_saas\\ai_powered_saas(self_practice)\\node_modules\\.std-env-rc4eDciQ'
727 silly reify }
728 silly audit bulk request {
728 silly audit   '@alloc/quick-lru': [ '5.2.0' ],
728 silly audit   '@clerk/backend': [ '1.5.2' ],
728 silly audit   tslib: [ '2.4.1', '2.6.3' ],
728 silly audit   '@clerk/clerk-react': [ '5.3.1' ],
728 silly audit   '@clerk/nextjs': [ '5.2.12' ],
728 silly audit   '@clerk/shared': [ '2.4.3' ],
728 silly audit   '@clerk/types': [ '4.11.0' ],
728 silly audit   csstype: [ '3.1.1', '3.1.3' ],
728 silly audit   '@cloudinary-util/types': [ '1.1.0' ],
728 silly audit   '@cloudinary-util/url-loader': [ '5.5.0' ],
728 silly audit   '@cloudinary-util/util': [ '3.1.0' ],
728 silly audit   '@cloudinary/transformation-builder-sdk': [ '1.14.1' ],
728 silly audit   '@cloudinary/url-gen': [ '1.15.0' ],
728 silly audit   '@cspotcode/source-map-support': [ '0.8.1' ],
728 silly audit   '@jridgewell/trace-mapping': [ '0.3.9', '0.3.25' ],
728 silly audit   '@eslint-community/eslint-utils': [ '4.4.0' ],
728 silly audit   '@eslint-community/regexpp': [ '4.11.0' ],
728 silly audit   '@eslint/eslintrc': [ '2.1.4' ],
728 silly audit   '@eslint/js': [ '8.57.0' ],
728 silly audit   '@humanwhocodes/config-array': [ '0.11.14' ],
728 silly audit   '@humanwhocodes/module-importer': [ '1.0.1' ],
728 silly audit   '@humanwhocodes/object-schema': [ '2.0.3' ],
728 silly audit   '@isaacs/cliui': [ '8.0.2' ],
728 silly audit   'ansi-regex': [ '6.0.1', '5.0.1' ],
728 silly audit   'strip-ansi': [ '7.1.0', '6.0.1' ],
728 silly audit   '@jridgewell/gen-mapping': [ '0.3.5' ],
728 silly audit   '@jridgewell/resolve-uri': [ '3.1.2' ],
728 silly audit   '@jridgewell/set-array': [ '1.2.1' ],
728 silly audit   '@jridgewell/sourcemap-codec': [ '1.5.0' ],
728 silly audit   '@next/env': [ '14.2.5' ],
728 silly audit   '@next/eslint-plugin-next': [ '14.2.5' ],
728 silly audit   '@next/swc-darwin-arm64': [ '14.2.5' ],
728 silly audit   '@next/swc-darwin-x64': [ '14.2.5' ],
728 silly audit   '@next/swc-linux-arm64-gnu': [ '14.2.5' ],
728 silly audit   '@next/swc-linux-arm64-musl': [ '14.2.5' ],
728 silly audit   '@next/swc-linux-x64-gnu': [ '14.2.5' ],
728 silly audit   '@next/swc-linux-x64-musl': [ '14.2.5' ],
728 silly audit   '@next/swc-win32-arm64-msvc': [ '14.2.5' ],
728 silly audit   '@next/swc-win32-ia32-msvc': [ '14.2.5' ],
728 silly audit   '@next/swc-win32-x64-msvc': [ '14.2.5' ],
728 silly audit   '@nodelib/fs.scandir': [ '2.1.5' ],
728 silly audit   '@nodelib/fs.stat': [ '2.0.5' ],
728 silly audit   '@nodelib/fs.walk': [ '1.2.8' ],
728 silly audit   '@pkgjs/parseargs': [ '0.11.0' ],
728 silly audit   '@prisma/adapter-pg': [ '7.9.1' ],
728 silly audit   '@prisma/client': [ '7.9.1' ],
728 silly audit   '@prisma/client-runtime-utils': [ '7.9.1' ],
728 silly audit   '@prisma/debug': [ '7.9.1', '7.2.0' ],
728 silly audit   '@prisma/driver-adapter-utils': [ '7.9.1' ],
728 silly audit   '@rushstack/eslint-patch': [ '1.10.4' ],
728 silly audit   '@swc/counter': [ '0.1.3' ],
728 silly audit   '@swc/helpers': [ '0.5.5' ],
728 silly audit   '@tsconfig/node10': [ '1.0.11' ],
728 silly audit   '@tsconfig/node12': [ '1.0.11' ],
728 silly audit   '@tsconfig/node14': [ '1.0.3' ],
728 silly audit   '@tsconfig/node16': [ '1.0.4' ],
728 silly audit   '@tsconfig/recommended': [ '1.0.7' ],
728 silly audit   '@types/json5': [ '0.0.29' ],
728 silly audit   '@types/node': [ '20.14.14' ],
728 silly audit   '@types/prop-types': [ '15.7.12' ],
728 silly audit   '@types/react': [ '18.3.3' ],
728 silly audit   '@types/react-dom': [ '18.3.0' ],
728 silly audit   '@typescript-eslint/parser': [ '7.2.0' ],
728 silly audit   '@typescript-eslint/scope-manager': [ '7.2.0' ],
728 silly audit   '@typescript-eslint/types': [ '7.2.0' ],
728 silly audit   '@typescript-eslint/typescript-estree': [ '7.2.0' ],
728 silly audit   'brace-expansion': [ '2.0.1', '1.1.11' ],
728 silly audit   minimatch: [ '9.0.3', '9.0.5', '3.1.2' ],
728 silly audit   '@typescript-eslint/visitor-keys': [ '7.2.0' ],
728 silly audit   '@ungap/structured-clone': [ '1.2.0' ],
728 silly audit   acorn: [ '8.12.1' ],
728 silly audit   'acorn-jsx': [ '5.3.2' ],
728 silly audit   'acorn-walk': [ '8.3.3' ],
728 silly audit   ajv: [ '6.12.6', '8.20.0' ],
728 silly audit   'ansi-styles': [ '4.3.0', '6.2.1' ],
728 silly audit   'any-promise': [ '1.3.0' ],
728 silly audit   anymatch: [ '3.1.3' ],
728 silly audit   arg: [ '5.0.2', '4.1.3' ],
728 silly audit   argparse: [ '2.0.1' ],
728 silly audit   'aria-query': [ '5.1.3' ],
728 silly audit   'array-buffer-byte-length': [ '1.0.1' ],
728 silly audit   'array-includes': [ '3.1.8' ],
728 silly audit   'array-union': [ '2.1.0' ],
728 silly audit   'array.prototype.findlast': [ '1.2.5' ],
728 silly audit   'array.prototype.findlastindex': [ '1.2.5' ],
728 silly audit   'array.prototype.flat': [ '1.3.2' ],
728 silly audit   'array.prototype.flatmap': [ '1.3.2' ],
728 silly audit   'array.prototype.tosorted': [ '1.1.4' ],
728 silly audit   'arraybuffer.prototype.slice': [ '1.0.3' ],
728 silly audit   'ast-types-flow': [ '0.0.8' ],
728 silly audit   asynckit: [ '0.4.0' ],
728 silly audit   'available-typed-arrays': [ '1.0.7' ],
728 silly audit   'axe-core': [ '4.10.0' ],
728 silly audit   axios: [ '1.7.3' ],
728 silly audit   'axobject-query': [ '3.1.1' ],
728 silly audit   'balanced-match': [ '1.0.2' ],
728 silly audit   'binary-extensions': [ '2.3.0' ],
728 silly audit   braces: [ '3.0.3' ],
728 silly audit   busboy: [ '1.6.0' ],
728 silly audit   'call-bind': [ '1.0.7' ],
728 silly audit   callsites: [ '3.1.0' ],
728 silly audit   'camelcase-css': [ '2.0.1' ],
728 silly audit   'caniuse-lite': [ '1.0.30001647' ],
728 silly audit   chalk: [ '4.1.2' ],
728 silly audit   chokidar: [ '3.6.0', '5.0.0' ],
728 silly audit   'glob-parent': [ '5.1.2', '6.0.2' ],
728 silly audit   'client-only': [ '0.0.1' ],
728 silly audit   cloudinary: [ '2.4.0' ],
728 silly audit   'color-convert': [ '2.0.1' ],
728 silly audit   'color-name': [ '1.1.4' ],
728 silly audit   'combined-stream': [ '1.0.8' ],
728 silly audit   commander: [ '4.1.1' ],
728 silly audit   'concat-map': [ '0.0.1' ],
728 silly audit   cookie: [ '0.5.0' ],
728 silly audit   'create-require': [ '1.1.1' ],
728 silly audit   'crypto-js': [ '4.2.0' ],
728 silly audit   'css-selector-tokenizer': [ '0.8.0' ],
728 silly audit   cssesc: [ '3.0.0' ],
728 silly audit   culori: [ '3.3.0' ],
728 silly audit   daisyui: [ '4.12.10' ],
728 silly audit   'damerau-levenshtein': [ '1.0.8' ],
728 silly audit   'data-view-buffer': [ '1.0.1' ],
728 silly audit   'data-view-byte-length': [ '1.0.1' ],
728 silly audit   'data-view-byte-offset': [ '1.0.0' ],
728 silly audit   dayjs: [ '1.11.12' ],
728 silly audit   debug: [ '4.3.6', '3.2.7' ],
728 silly audit   'deep-equal': [ '2.2.3' ],
728 silly audit   'deep-is': [ '0.1.4' ],
728 silly audit   'define-data-property': [ '1.1.4' ],
728 silly audit   'define-properties': [ '1.2.1' ],
728 silly audit   'delayed-stream': [ '1.0.0' ],
728 silly audit   didyoumean: [ '1.2.2' ],
728 silly audit   diff: [ '4.0.2' ],
728 silly audit   'dir-glob': [ '3.0.1' ],
728 silly audit   dlv: [ '1.1.3' ],
728 silly audit   doctrine: [ '3.0.0', '2.1.0' ],
728 silly audit   'dot-case': [ '3.0.4' ],
728 silly audit   dotenv: [ '17.4.2' ],
728 silly audit   eastasianwidth: [ '0.2.0' ],
728 silly audit   'emoji-regex': [ '9.2.2', '8.0.0' ],
728 silly audit   'enhanced-resolve': [ '5.17.1' ],
728 silly audit   'es-abstract': [ '1.23.3' ],
728 silly audit   'es-define-property': [ '1.0.0' ],
728 silly audit   'es-errors': [ '1.3.0' ],
728 silly audit   'es-get-iterator': [ '1.1.3' ],
728 silly audit   'es-iterator-helpers': [ '1.0.19' ],
728 silly audit   'es-object-atoms': [ '1.0.0' ],
728 silly audit   'es-set-tostringtag': [ '2.0.3' ],
728 silly audit   'es-shim-unscopables': [ '1.0.2' ],
728 silly audit   'es-to-primitive': [ '1.2.1' ],
728 silly audit   'escape-string-regexp': [ '4.0.0' ],
728 silly audit   eslint: [ '8.57.0' ],
728 silly audit   'eslint-config-next': [ '14.2.5' ],
728 silly audit   'eslint-import-resolver-node': [ '0.3.9' ],
728 silly audit   'eslint-import-resolver-typescript': [ '3.6.1' ],
728 silly audit   'eslint-module-utils': [ '2.8.1' ],
728 silly audit   'eslint-plugin-import': [ '2.29.1' ],
728 silly audit   semver: [ '6.3.1', '7.6.3' ],
728 silly audit   'eslint-plugin-jsx-a11y': [ '6.9.0' ],
728 silly audit   'eslint-plugin-react': [ '7.35.0' ],
728 silly audit   'eslint-plugin-react-hooks': [ '4.6.2' ],
728 silly audit   resolve: [ '2.0.0-next.5', '1.22.8' ],
728 silly audit   'eslint-scope': [ '7.2.2' ],
728 silly audit   'eslint-visitor-keys': [ '3.4.3' ],
728 silly audit   espree: [ '9.6.1' ],
728 silly audit   esquery: [ '1.6.0' ],
728 silly audit   esrecurse: [ '4.3.0' ],
728 silly audit   estraverse: [ '5.3.0' ],
728 silly audit   esutils: [ '2.0.3' ],
728 silly audit   'fast-deep-equal': [ '3.1.3' ],
728 silly audit   'fast-glob': [ '3.3.2' ],
728 silly audit   'fast-json-stable-stringify': [ '2.1.0' ],
728 silly audit   'fast-levenshtein': [ '2.0.6' ],
728 silly audit   fastparse: [ '1.1.2' ],
728 silly audit   fastq: [ '1.17.1' ],
728 silly audit   'file-entry-cache': [ '6.0.1' ],
728 silly audit   filesize: [ '10.1.4' ],
728 silly audit   'fill-range': [ '7.1.1' ],
728 silly audit   'find-up': [ '5.0.0' ],
728 silly audit   'flat-cache': [ '3.2.0' ],
728 silly audit   flatted: [ '3.3.1' ],
728 silly audit   'follow-redirects': [ '1.15.6' ],
728 silly audit   'for-each': [ '0.3.3' ],
728 silly audit   'form-data': [ '4.0.0' ],
728 silly audit   'fs.realpath': [ '1.0.0' ],
728 silly audit   fsevents: [ '2.3.3' ],
728 silly audit   'function-bind': [ '1.1.2' ],
728 silly audit   'function.prototype.name': [ '1.1.6' ],
728 silly audit   'functions-have-names': [ '1.2.3' ],
728 silly audit   'get-intrinsic': [ '1.2.4' ],
728 silly audit   'get-symbol-description': [ '1.0.2' ],
728 silly audit   'get-tsconfig': [ '4.7.6' ],
728 silly audit   glob: [ '10.3.10', '7.2.3' ],
728 silly audit   'glob-to-regexp': [ '0.4.1' ],
728 silly audit   globals: [ '13.24.0' ],
728 silly audit   globalthis: [ '1.0.4' ],
728 silly audit   globby: [ '11.1.0' ],
728 silly audit   gopd: [ '1.0.1' ],
728 silly audit   'graceful-fs': [ '4.2.11' ],
728 silly audit   graphemer: [ '1.4.0' ],
728 silly audit   'has-bigints': [ '1.0.2' ],
728 silly audit   'has-flag': [ '4.0.0' ],
728 silly audit   'has-property-descriptors': [ '1.0.2' ],
728 silly audit   'has-proto': [ '1.0.3' ],
728 silly audit   'has-symbols': [ '1.0.3' ],
728 silly audit   'has-tostringtag': [ '1.0.2' ],
728 silly audit   hasown: [ '2.0.2' ],
728 silly audit   ignore: [ '5.3.1' ],
728 silly audit   'import-fresh': [ '3.3.0' ],
728 silly audit   imurmurhash: [ '0.1.4' ],
728 silly audit   inflight: [ '1.0.6' ],
728 silly audit   inherits: [ '2.0.4' ],
728 silly audit   'internal-slot': [ '1.0.7' ],
728 silly audit   'is-arguments': [ '1.1.1' ],
728 silly audit   'is-array-buffer': [ '3.0.4' ],
728 silly audit   'is-async-function': [ '2.0.0' ],
728 silly audit   'is-bigint': [ '1.0.4' ],
728 silly audit   'is-binary-path': [ '2.1.0' ],
728 silly audit   'is-boolean-object': [ '1.1.2' ],
728 silly audit   'is-callable': [ '1.2.7' ],
728 silly audit   'is-core-module': [ '2.15.0' ],
728 silly audit   'is-data-view': [ '1.0.1' ],
728 silly audit   'is-date-object': [ '1.0.5' ],
728 silly audit   'is-extglob': [ '2.1.1' ],
728 silly audit   'is-finalizationregistry': [ '1.0.2' ],
728 silly audit   'is-fullwidth-code-point': [ '3.0.0' ],
728 silly audit   'is-generator-function': [ '1.0.10' ],
728 silly audit   'is-glob': [ '4.0.3' ],
728 silly audit   'is-map': [ '2.0.3' ],
728 silly audit   'is-negative-zero': [ '2.0.3' ],
728 silly audit   'is-number': [ '7.0.0' ],
728 silly audit   'is-number-object': [ '1.0.7' ],
728 silly audit   'is-path-inside': [ '3.0.3' ],
728 silly audit   'is-regex': [ '1.1.4' ],
728 silly audit   'is-set': [ '2.0.3' ],
728 silly audit   'is-shared-array-buffer': [ '1.0.3' ],
728 silly audit   'is-string': [ '1.0.7' ],
728 silly audit   'is-symbol': [ '1.0.4' ],
728 silly audit   'is-typed-array': [ '1.1.13' ],
728 silly audit   'is-weakmap': [ '2.0.2' ],
728 silly audit   'is-weakref': [ '1.0.2' ],
728 silly audit   'is-weakset': [ '2.0.3' ],
728 silly audit   isarray: [ '2.0.5' ],
728 silly audit   isexe: [ '2.0.0' ],
728 silly audit   'iterator.prototype': [ '1.1.2' ],
728 silly audit   jackspeak: [ '2.3.6' ],
728 silly audit   jiti: [ '1.21.6', '2.7.0' ],
728 silly audit   'js-cookie': [ '3.0.5' ],
728 silly audit   'js-tokens': [ '4.0.0' ],
728 silly audit   'js-yaml': [ '4.1.0' ],
728 silly audit   'json-buffer': [ '3.0.1' ],
728 silly audit   'json-schema-traverse': [ '0.4.1', '1.0.0' ],
728 silly audit   'json-stable-stringify-without-jsonify': [ '1.0.1' ],
728 silly audit   json5: [ '1.0.2' ],
728 silly audit   'jsx-ast-utils': [ '3.3.5' ],
728 silly audit   keyv: [ '4.5.4' ],
728 silly audit   'language-subtag-registry': [ '0.3.23' ],
728 silly audit   'language-tags': [ '1.0.9' ],
728 silly audit   levn: [ '0.4.1' ],
728 silly audit   lilconfig: [ '2.1.0', '3.1.2' ],
728 silly audit   'lines-and-columns': [ '1.2.4' ],
728 silly audit   'locate-path': [ '6.0.0' ],
728 silly audit   lodash: [ '4.17.21' ],
728 silly audit   'lodash.merge': [ '4.6.2' ],
728 silly audit   'loose-envify': [ '1.4.0' ],
728 silly audit   'lower-case': [ '2.0.2' ],
728 silly audit   'lru-cache': [ '10.4.3' ],
728 silly audit   'lucide-react': [ '0.424.0' ],
728 silly audit   'make-error': [ '1.3.6' ],
728 silly audit   'map-obj': [ '4.3.0' ],
728 silly audit   merge2: [ '1.4.1' ],
728 silly audit   micromatch: [ '4.0.7' ],
728 silly audit   'mime-db': [ '1.52.0' ],
728 silly audit   'mime-types': [ '2.1.35' ],
728 silly audit   minimist: [ '1.2.8' ],
728 silly audit   minipass: [ '7.1.2' ],
728 silly audit   ms: [ '2.1.2' ],
728 silly audit   mz: [ '2.7.0' ],
728 silly audit   nanoid: [ '3.3.7' ],
728 silly audit   'natural-compare': [ '1.4.0' ],
728 silly audit   next: [ '14.2.5' ],
728 silly audit   'next-cloudinary': [ '6.9.0' ],
728 silly audit   postcss: [ '8.4.31', '8.4.40' ],
728 silly audit   'no-case': [ '3.0.4' ],
728 silly audit   'normalize-path': [ '3.0.0' ],
728 silly audit   'object-assign': [ '4.1.1' ],
728 silly audit   'object-hash': [ '3.0.0' ],
728 silly audit   'object-inspect': [ '1.13.2' ],
728 silly audit   'object-is': [ '1.1.6' ],
728 silly audit   'object-keys': [ '1.1.1' ],
728 silly audit   'object.assign': [ '4.1.5' ],
728 silly audit   'object.entries': [ '1.1.8' ],
728 silly audit   'object.fromentries': [ '2.0.8' ],
728 silly audit   'object.groupby': [ '1.0.3' ],
728 silly audit   'object.values': [ '1.2.0' ],
728 silly audit   once: [ '1.4.0' ],
728 silly audit   optionator: [ '0.9.4' ],
728 silly audit   'p-limit': [ '3.1.0' ],
728 silly audit   'p-locate': [ '5.0.0' ],
728 silly audit   'parent-module': [ '1.0.1' ],
728 silly audit   'path-exists': [ '4.0.0' ],
728 silly audit   'path-is-absolute': [ '1.0.1' ],
728 silly audit   'path-key': [ '3.1.1' ],
728 silly audit   'path-parse': [ '1.0.7' ],
728 silly audit   'path-scurry': [ '1.11.1' ],
728 silly audit   'path-to-regexp': [ '6.2.2' ],
728 silly audit   'path-type': [ '4.0.0' ],
728 silly audit   pg: [ '8.22.0' ],
728 silly audit   'pg-cloudflare': [ '1.4.0' ],
728 silly audit   'pg-connection-string': [ '2.14.0' ],
728 silly audit   'pg-int8': [ '1.0.1' ],
728 silly audit   'pg-pool': [ '3.14.0' ],
728 silly audit   'pg-protocol': [ '1.15.0' ],
728 silly audit   'pg-types': [ '2.2.0' ],
728 silly audit   'postgres-array': [ '2.0.0', '3.0.4' ],
728 silly audit   pgpass: [ '1.0.5' ],
728 silly audit   picocolors: [ '1.0.1' ],
728 silly audit   picomatch: [ '2.3.1' ],
728 silly audit   pify: [ '2.3.0' ],
728 silly audit   pirates: [ '4.0.6' ],
728 silly audit   'possible-typed-array-names': [ '1.0.0' ],
728 silly audit   'postcss-import': [ '15.1.0' ],
728 silly audit   'postcss-js': [ '4.0.1' ],
728 silly audit   'postcss-load-config': [ '4.0.2' ],
728 silly audit   'postcss-nested': [ '6.2.0' ],
728 silly audit   'postcss-selector-parser': [ '6.1.1' ],
728 silly audit   'postcss-value-parser': [ '4.2.0' ],
728 silly audit   'postgres-bytea': [ '1.0.1' ],
728 silly audit   'postgres-date': [ '1.0.7' ],
728 silly audit   'postgres-interval': [ '1.2.0' ],
728 silly audit   'prelude-ls': [ '1.2.1' ],
728 silly audit   'prop-types': [ '15.8.1' ],
728 silly audit   'proxy-from-env': [ '1.1.0' ],
728 silly audit   punycode: [ '2.3.1' ],
728 silly audit   q: [ '1.5.1' ],
728 silly audit   'queue-microtask': [ '1.2.3' ],
728 silly audit   react: [ '18.3.1' ],
728 silly audit   'react-dom': [ '18.3.1' ],
728 silly audit   'react-is': [ '16.13.1' ],
728 silly audit   'read-cache': [ '1.0.0' ],
728 silly audit   readdirp: [ '3.6.0', '5.0.0' ],
728 silly audit   'reflect.getprototypeof': [ '1.0.6' ],
728 silly audit   'regexp.prototype.flags': [ '1.5.2' ],
728 silly audit   'resolve-from': [ '4.0.0' ],
728 silly audit   'resolve-pkg-maps': [ '1.0.0' ],
728 silly audit   reusify: [ '1.0.4' ],
728 silly audit   rimraf: [ '3.0.2' ],
728 silly audit   'run-parallel': [ '1.2.0' ],
728 silly audit   'safe-array-concat': [ '1.1.2' ],
728 silly audit   'safe-regex-test': [ '1.0.3' ],
728 silly audit   scheduler: [ '0.23.2' ],
728 silly audit   'server-only': [ '0.0.1' ],
728 silly audit   'set-function-length': [ '1.2.2' ],
728 silly audit   'set-function-name': [ '2.0.2' ],
728 silly audit   'shebang-command': [ '2.0.0' ],
728 silly audit   'shebang-regex': [ '3.0.0' ],
728 silly audit   'side-channel': [ '1.0.6' ],
728 silly audit   'signal-exit': [ '4.1.0', '3.0.7' ],
728 silly audit   slash: [ '3.0.0' ],
728 silly audit   'snake-case': [ '3.0.4' ],
728 silly audit   'snakecase-keys': [ '5.4.4' ],
728 silly audit   'type-fest': [ '2.19.0', '0.20.2' ],
728 silly audit   'source-map-js': [ '1.2.0' ],
728 silly audit   split2: [ '4.2.0' ],
728 silly audit   'stop-iteration-iterator': [ '1.0.0' ],
728 silly audit   streamsearch: [ '1.1.0' ],
728 silly audit   'string-width': [ '5.1.2', '4.2.3' ],
728 silly audit   'string.prototype.includes': [ '2.0.0' ],
728 silly audit   'string.prototype.matchall': [ '4.0.11' ],
728 silly audit   'string.prototype.repeat': [ '1.0.0' ],
728 silly audit   'string.prototype.trim': [ '1.2.9' ],
728 silly audit   'string.prototype.trimend': [ '1.0.8' ],
728 silly audit   'string.prototype.trimstart': [ '1.0.8' ],
728 silly audit   'strip-bom': [ '3.0.0' ],
728 silly audit   'strip-json-comments': [ '3.1.1' ],
728 silly audit   'styled-jsx': [ '5.1.1' ],
728 silly audit   sucrase: [ '3.35.0' ],
728 silly audit   'supports-color': [ '7.2.0' ],
728 silly audit   'supports-preserve-symlinks-flag': [ '1.0.0' ],
728 silly audit   swr: [ '2.2.5' ],
728 silly audit   tailwindcss: [ '3.4.7' ],
728 silly audit   tapable: [ '2.2.1' ],
728 silly audit   'text-table': [ '0.2.0' ],
728 silly audit   thenify: [ '3.3.1' ],
728 silly audit   'thenify-all': [ '1.6.0' ],
728 silly audit   'to-regex-range': [ '5.0.1' ],
728 silly audit   'ts-api-utils': [ '1.3.0' ],
728 silly audit   'ts-interface-checker': [ '0.1.13' ],
728 silly audit   'ts-node': [ '10.9.2' ],
728 silly audit   'tsconfig-paths': [ '3.15.0' ],
728 silly audit   'type-check': [ '0.4.0' ],
728 silly audit   'typed-array-buffer': [ '1.0.2' ],
728 silly audit   'typed-array-byte-length': [ '1.0.1' ],
728 silly audit   'typed-array-byte-offset': [ '1.0.2' ],
728 silly audit   'typed-array-length': [ '1.0.6' ],
728 silly audit   typescript: [ '5.5.4' ],
728 silly audit   'unbox-primitive': [ '1.0.2' ],
728 silly audit   'undici-types': [ '5.26.5' ],
728 silly audit   'uri-js': [ '4.4.1' ],
728 silly audit   'use-sync-external-store': [ '1.2.2' ],
728 silly audit   'util-deprecate': [ '1.0.2' ],
728 silly audit   'v8-compile-cache-lib': [ '3.0.1' ],
728 silly audit   which: [ '2.0.2' ],
728 silly audit   'which-boxed-primitive': [ '1.0.2' ],
728 silly audit   'which-builtin-type': [ '1.1.4' ],
728 silly audit   'which-collection': [ '1.0.2' ],
728 silly audit   'which-typed-array': [ '1.1.15' ],
728 silly audit   'word-wrap': [ '1.2.5' ],
728 silly audit   'wrap-ansi': [ '8.1.0', '7.0.0' ],
728 silly audit   wrappy: [ '1.0.2' ],
728 silly audit   xtend: [ '4.0.2' ],
728 silly audit   yaml: [ '2.5.0' ],
728 silly audit   yn: [ '3.1.1' ],
728 silly audit   'yocto-queue': [ '0.1.0' ],
728 silly audit   zod: [ '3.23.8' ],
728 silly audit   '@types/pg': [ '8.20.3' ],
728 silly audit   prisma: [ '7.9.1' ],
728 silly audit   '@prisma/config': [ '7.9.1' ],
728 silly audit   '@prisma/dev': [ '0.24.17' ],
728 silly audit   '@prisma/engines': [ '7.9.1' ],
728 silly audit   '@prisma/studio-core': [ '0.33.0' ],
728 silly audit   mysql2: [ '3.15.3' ],
728 silly audit   postgres: [ '3.4.7' ],
728 silly audit   c12: [ '3.3.4' ],
728 silly audit   'deepmerge-ts': [ '7.1.5' ],
728 silly audit   effect: [ '3.20.0' ],
728 silly audit   empathic: [ '2.0.0' ],
728 silly audit   '@electric-sql/pglite': [ '0.4.3' ],
728 silly audit   '@electric-sql/pglite-socket': [ '0.1.3' ],
728 silly audit   '@electric-sql/pglite-tools': [ '0.3.3' ],
728 silly audit   '@prisma/get-platform': [ '7.2.0', '7.9.1' ],
728 silly audit   '@prisma/query-plan-executor': [ '7.2.0' ],
728 silly audit   '@prisma/streams-local': [ '0.1.11' ],
728 silly audit   'find-my-way': [ '9.7.0' ],
728 silly audit   'foreground-child': [ '3.3.1' ],
728 silly audit   'get-port-please': [ '3.2.0' ],
728 silly audit   pathe: [ '2.0.3' ],
728 silly audit   'proper-lockfile': [ '4.1.2' ],
728 silly audit   remeda: [ '2.33.4' ],
728 silly audit   'std-env': [ '3.10.0' ],
728 silly audit   valibot: [ '1.4.2' ],
728 silly audit   zeptomatch: [ '2.1.0' ],
728 silly audit   '@prisma/engines-version': [ '7.9.0-1.e922089b7d7502aff4249d5da3420f6fa55fc6ad' ],
728 silly audit   '@prisma/fetch-engine': [ '7.9.1' ],
728 silly audit   'better-result': [ '2.10.0' ],
728 silly audit   'env-paths': [ '3.0.0' ],
728 silly audit   '@radix-ui/react-toggle': [ '1.1.10' ],
728 silly audit   '@visx/curve': [ '4.0.1-alpha.0' ],
728 silly audit   '@visx/event': [ '4.0.1-alpha.0' ],
728 silly audit   '@visx/grid': [ '4.0.1-alpha.0' ],
728 silly audit   '@visx/group': [ '4.0.1-alpha.0' ],
728 silly audit   '@visx/responsive': [ '4.0.1-alpha.0' ],
728 silly audit   '@visx/scale': [ '4.0.1-alpha.0' ],
728 silly audit   '@visx/shape': [ '4.0.1-alpha.0' ],
728 silly audit   'd3-array': [ '3.2.4', '3.2.1' ],
728 silly audit   'd3-shape': [ '3.2.0' ],
728 silly audit   elkjs: [ '0.11.1' ],
728 silly audit   '@visx/vendor': [ '4.0.0-alpha.0' ],
728 silly audit   '@visx/point': [ '4.0.1-alpha.0' ],
728 silly audit   classnames: [ '2.5.1' ],
728 silly audit   '@types/lodash': [ '4.17.25' ],
728 silly audit   '@types/d3-array': [ '3.0.3' ],
728 silly audit   '@types/d3-color': [ '3.1.0' ],
728 silly audit   '@types/d3-delaunay': [ '6.0.1' ],
728 silly audit   '@types/d3-format': [ '3.0.1' ],
728 silly audit   '@types/d3-geo': [ '3.1.0' ],
728 silly audit   '@types/d3-interpolate': [ '3.0.1' ],
728 silly audit   '@types/d3-path': [ '3.1.1' ],
728 silly audit   '@types/d3-scale': [ '4.0.2' ],
728 silly audit   '@types/d3-shape': [ '3.1.7' ],
728 silly audit   '@types/d3-time': [ '3.0.0' ],
728 silly audit   '@types/d3-time-format': [ '2.1.0' ],
728 silly audit   'd3-color': [ '3.1.0' ],
728 silly audit   'd3-delaunay': [ '6.0.2' ],
728 silly audit   'd3-format': [ '3.1.0' ],
728 silly audit   'd3-geo': [ '3.1.0' ],
728 silly audit   'd3-interpolate': [ '3.0.1' ],
728 silly audit   'd3-path': [ '3.1.0' ],
728 silly audit   'd3-scale': [ '4.0.2' ],
728 silly audit   'd3-time': [ '3.1.0' ],
728 silly audit   'd3-time-format': [ '4.1.0' ],
728 silly audit   internmap: [ '2.0.3' ],
728 silly audit   '@types/geojson': [ '7946.0.16' ],
728 silly audit   confbox: [ '0.2.4' ],
728 silly audit   defu: [ '6.1.7' ],
728 silly audit   exsolve: [ '1.1.1' ],
728 silly audit   giget: [ '3.3.1' ],
728 silly audit   ohash: [ '2.0.11' ],
728 silly audit   'perfect-debounce': [ '2.1.0' ],
728 silly audit   'pkg-types': [ '2.3.1' ],
728 silly audit   rc9: [ '3.0.1' ],
728 silly audit   delaunator: [ '5.1.0' ],
728 silly audit   'robust-predicates': [ '3.0.3' ],
728 silly audit   '@standard-schema/spec': [ '1.1.0' ],
728 silly audit   'fast-check': [ '3.23.2' ],
728 silly audit   'pure-rand': [ '6.1.0' ],
728 silly audit   'fast-querystring': [ '1.1.2' ],
728 silly audit   'safe-regex2': [ '5.1.1' ],
728 silly audit   'fast-decode-uri-component': [ '1.0.1' ],
728 silly audit   'cross-spawn': [ '7.0.6' ],
728 silly audit   'aws-ssl-profiles': [ '1.1.2' ],
728 silly audit   denque: [ '2.1.0' ],
728 silly audit   'generate-function': [ '2.3.1' ],
728 silly audit   'iconv-lite': [ '0.7.3' ],
728 silly audit   long: [ '5.3.2' ],
728 silly audit   'lru.min': [ '1.1.4' ],
728 silly audit   'named-placeholders': [ '1.1.6' ],
728 silly audit   'seq-queue': [ '0.0.5' ],
728 silly audit   sqlstring: [ '2.3.3' ],
728 silly audit   'is-property': [ '1.0.2' ],
728 silly audit   'safer-buffer': [ '2.1.2' ],
728 silly audit   retry: [ '0.12.0' ],
728 silly audit   destr: [ '2.0.5' ],
728 silly audit   ret: [ '0.5.0' ],
728 silly audit   grammex: [ '3.1.13' ],
728 silly audit   graphmatch: [ '1.1.1' ],
728 silly audit   'fast-uri': [ '3.1.5' ],
728 silly audit   'require-from-string': [ '2.0.2' ],
728 silly audit   '@radix-ui/primitive': [ '1.1.3' ],
728 silly audit   '@radix-ui/react-primitive': [ '2.1.3' ],
728 silly audit   '@radix-ui/react-use-controllable-state': [ '1.2.2' ],
728 silly audit   '@radix-ui/react-use-effect-event': [ '0.0.2' ],
728 silly audit   '@radix-ui/react-use-layout-effect': [ '1.1.1' ],
728 silly audit   '@radix-ui/react-slot': [ '1.2.3' ],
728 silly audit   '@radix-ui/react-compose-refs': [ '1.1.2' ]
728 silly audit }
729 http cache @radix-ui/react-compose-refs@https://registry.npmjs.org/@radix-ui/react-compose-refs/-/react-compose-refs-1.1.2.tgz 0ms (cache hit)
730 http cache @radix-ui/react-slot@https://registry.npmjs.org/@radix-ui/react-slot/-/react-slot-1.2.3.tgz 0ms (cache hit)
731 http cache @radix-ui/react-use-effect-event@https://registry.npmjs.org/@radix-ui/react-use-effect-event/-/react-use-effect-event-0.0.2.tgz 0ms (cache hit)
732 http cache @radix-ui/react-use-layout-effect@https://registry.npmjs.org/@radix-ui/react-use-layout-effect/-/react-use-layout-effect-1.1.1.tgz 0ms (cache hit)
733 http cache @radix-ui/react-use-controllable-state@https://registry.npmjs.org/@radix-ui/react-use-controllable-state/-/react-use-controllable-state-1.2.2.tgz 0ms (cache hit)
734 http cache @radix-ui/primitive@https://registry.npmjs.org/@radix-ui/primitive/-/primitive-1.1.3.tgz 0ms (cache hit)
735 http cache require-from-string@https://registry.npmjs.org/require-from-string/-/require-from-string-2.0.2.tgz 0ms (cache hit)
736 http cache fast-uri@https://registry.npmjs.org/fast-uri/-/fast-uri-3.1.5.tgz 0ms (cache hit)
737 http cache graphmatch@https://registry.npmjs.org/graphmatch/-/graphmatch-1.1.1.tgz 0ms (cache hit)
738 http cache destr@https://registry.npmjs.org/destr/-/destr-2.0.5.tgz 0ms (cache hit)
739 http cache retry@https://registry.npmjs.org/retry/-/retry-0.12.0.tgz 0ms (cache hit)
740 http cache ret@https://registry.npmjs.org/ret/-/ret-0.5.0.tgz 0ms (cache hit)
741 http cache grammex@https://registry.npmjs.org/grammex/-/grammex-3.1.13.tgz 0ms (cache hit)
742 http cache safer-buffer@https://registry.npmjs.org/safer-buffer/-/safer-buffer-2.1.2.tgz 0ms (cache hit)
743 http cache is-property@https://registry.npmjs.org/is-property/-/is-property-1.0.2.tgz 0ms (cache hit)
744 http cache sqlstring@https://registry.npmjs.org/sqlstring/-/sqlstring-2.3.3.tgz 0ms (cache hit)
745 http cache named-placeholders@https://registry.npmjs.org/named-placeholders/-/named-placeholders-1.1.6.tgz 0ms (cache hit)
746 http cache lru.min@https://registry.npmjs.org/lru.min/-/lru.min-1.1.4.tgz 0ms (cache hit)
747 http cache seq-queue@https://registry.npmjs.org/seq-queue/-/seq-queue-0.0.5.tgz 0ms (cache hit)
748 http cache iconv-lite@https://registry.npmjs.org/iconv-lite/-/iconv-lite-0.7.3.tgz 0ms (cache hit)
749 http cache generate-function@https://registry.npmjs.org/generate-function/-/generate-function-2.3.1.tgz 0ms (cache hit)
750 http cache aws-ssl-profiles@https://registry.npmjs.org/aws-ssl-profiles/-/aws-ssl-profiles-1.1.2.tgz 0ms (cache hit)
751 http cache denque@https://registry.npmjs.org/denque/-/denque-2.1.0.tgz 0ms (cache hit)
752 http cache fast-decode-uri-component@https://registry.npmjs.org/fast-decode-uri-component/-/fast-decode-uri-component-1.0.1.tgz 0ms (cache hit)
753 http cache long@https://registry.npmjs.org/long/-/long-5.3.2.tgz 0ms (cache hit)
754 http cache safe-regex2@https://registry.npmjs.org/safe-regex2/-/safe-regex2-5.1.1.tgz 0ms (cache hit)
755 http cache fast-querystring@https://registry.npmjs.org/fast-querystring/-/fast-querystring-1.1.2.tgz 0ms (cache hit)
756 http cache @standard-schema/spec@https://registry.npmjs.org/@standard-schema/spec/-/spec-1.1.0.tgz 0ms (cache hit)
757 http cache fast-check@https://registry.npmjs.org/fast-check/-/fast-check-3.23.2.tgz 0ms (cache hit)
758 http cache robust-predicates@https://registry.npmjs.org/robust-predicates/-/robust-predicates-3.0.3.tgz 0ms (cache hit)
759 http cache pure-rand@https://registry.npmjs.org/pure-rand/-/pure-rand-6.1.0.tgz 0ms (cache hit)
760 http cache rc9@https://registry.npmjs.org/rc9/-/rc9-3.0.1.tgz 0ms (cache hit)
761 http cache pkg-types@https://registry.npmjs.org/pkg-types/-/pkg-types-2.3.1.tgz 0ms (cache hit)
762 http cache delaunator@https://registry.npmjs.org/delaunator/-/delaunator-5.1.0.tgz 0ms (cache hit)
763 http cache ohash@https://registry.npmjs.org/ohash/-/ohash-2.0.11.tgz 0ms (cache hit)
764 http cache giget@https://registry.npmjs.org/giget/-/giget-3.3.1.tgz 0ms (cache hit)
765 http cache perfect-debounce@https://registry.npmjs.org/perfect-debounce/-/perfect-debounce-2.1.0.tgz 0ms (cache hit)
766 http cache defu@https://registry.npmjs.org/defu/-/defu-6.1.7.tgz 0ms (cache hit)
767 http cache exsolve@https://registry.npmjs.org/exsolve/-/exsolve-1.1.1.tgz 0ms (cache hit)
768 http cache @types/geojson@https://registry.npmjs.org/@types/geojson/-/geojson-7946.0.16.tgz 0ms (cache hit)
769 http cache d3-time-format@https://registry.npmjs.org/d3-time-format/-/d3-time-format-4.1.0.tgz 1ms (cache hit)
770 http cache confbox@https://registry.npmjs.org/confbox/-/confbox-0.2.4.tgz 0ms (cache hit)
771 http cache d3-time@https://registry.npmjs.org/d3-time/-/d3-time-3.1.0.tgz 0ms (cache hit)
772 http cache internmap@https://registry.npmjs.org/internmap/-/internmap-2.0.3.tgz 0ms (cache hit)
773 http cache d3-scale@https://registry.npmjs.org/d3-scale/-/d3-scale-4.0.2.tgz 0ms (cache hit)
774 http cache d3-path@https://registry.npmjs.org/d3-path/-/d3-path-3.1.0.tgz 0ms (cache hit)
775 http cache d3-interpolate@https://registry.npmjs.org/d3-interpolate/-/d3-interpolate-3.0.1.tgz 0ms (cache hit)
776 http cache d3-format@https://registry.npmjs.org/d3-format/-/d3-format-3.1.0.tgz 0ms (cache hit)
777 http cache d3-geo@https://registry.npmjs.org/d3-geo/-/d3-geo-3.1.0.tgz 0ms (cache hit)
778 http cache @types/d3-time-format@https://registry.npmjs.org/@types/d3-time-format/-/d3-time-format-2.1.0.tgz 0ms (cache hit)
779 http cache d3-color@https://registry.npmjs.org/d3-color/-/d3-color-3.1.0.tgz 0ms (cache hit)
780 http cache @types/d3-time@https://registry.npmjs.org/@types/d3-time/-/d3-time-3.0.0.tgz 0ms (cache hit)
781 http cache d3-delaunay@https://registry.npmjs.org/d3-delaunay/-/d3-delaunay-6.0.2.tgz 0ms (cache hit)
782 http cache @types/d3-path@https://registry.npmjs.org/@types/d3-path/-/d3-path-3.1.1.tgz 0ms (cache hit)
783 http cache @types/d3-shape@https://registry.npmjs.org/@types/d3-shape/-/d3-shape-3.1.7.tgz 0ms (cache hit)
784 http cache @types/d3-scale@https://registry.npmjs.org/@types/d3-scale/-/d3-scale-4.0.2.tgz 0ms (cache hit)
785 http cache @types/d3-geo@https://registry.npmjs.org/@types/d3-geo/-/d3-geo-3.1.0.tgz 0ms (cache hit)
786 http cache @types/d3-format@https://registry.npmjs.org/@types/d3-format/-/d3-format-3.0.1.tgz 0ms (cache hit)
787 http cache @types/d3-delaunay@https://registry.npmjs.org/@types/d3-delaunay/-/d3-delaunay-6.0.1.tgz 0ms (cache hit)
788 http cache classnames@https://registry.npmjs.org/classnames/-/classnames-2.5.1.tgz 0ms (cache hit)
789 http cache @types/d3-color@https://registry.npmjs.org/@types/d3-color/-/d3-color-3.1.0.tgz 0ms (cache hit)
790 http cache @visx/point@https://registry.npmjs.org/@visx/point/-/point-4.0.1-alpha.0.tgz 0ms (cache hit)
791 http cache @types/d3-array@https://registry.npmjs.org/@types/d3-array/-/d3-array-3.0.3.tgz 0ms (cache hit)
792 http cache @types/d3-interpolate@https://registry.npmjs.org/@types/d3-interpolate/-/d3-interpolate-3.0.1.tgz 0ms (cache hit)
793 http cache @types/lodash@https://registry.npmjs.org/@types/lodash/-/lodash-4.17.25.tgz 0ms (cache hit)
794 http cache @visx/shape@https://registry.npmjs.org/@visx/shape/-/shape-4.0.1-alpha.0.tgz 0ms (cache hit)
795 http cache @visx/vendor@https://registry.npmjs.org/@visx/vendor/-/vendor-4.0.0-alpha.0.tgz 0ms (cache hit)
796 http cache d3-shape@https://registry.npmjs.org/d3-shape/-/d3-shape-3.2.0.tgz 0ms (cache hit)
797 http cache elkjs@https://registry.npmjs.org/elkjs/-/elkjs-0.11.1.tgz 0ms (cache hit)
798 http cache @visx/scale@https://registry.npmjs.org/@visx/scale/-/scale-4.0.1-alpha.0.tgz 0ms (cache hit)
799 http cache @visx/responsive@https://registry.npmjs.org/@visx/responsive/-/responsive-4.0.1-alpha.0.tgz 0ms (cache hit)
800 http cache d3-array@https://registry.npmjs.org/d3-array/-/d3-array-3.2.4.tgz 0ms (cache hit)
801 http cache @visx/curve@https://registry.npmjs.org/@visx/curve/-/curve-4.0.1-alpha.0.tgz 0ms (cache hit)
802 http cache @visx/grid@https://registry.npmjs.org/@visx/grid/-/grid-4.0.1-alpha.0.tgz 0ms (cache hit)
803 http cache @visx/group@https://registry.npmjs.org/@visx/group/-/group-4.0.1-alpha.0.tgz 0ms (cache hit)
804 http cache env-paths@https://registry.npmjs.org/env-paths/-/env-paths-3.0.0.tgz 0ms (cache hit)
805 http cache @visx/event@https://registry.npmjs.org/@visx/event/-/event-4.0.1-alpha.0.tgz 0ms (cache hit)
806 http cache zeptomatch@https://registry.npmjs.org/zeptomatch/-/zeptomatch-2.1.0.tgz 0ms (cache hit)
807 http cache valibot@https://registry.npmjs.org/valibot/-/valibot-1.4.2.tgz 0ms (cache hit)
808 http cache better-result@https://registry.npmjs.org/better-result/-/better-result-2.10.0.tgz 0ms (cache hit)
809 http cache remeda@https://registry.npmjs.org/remeda/-/remeda-2.33.4.tgz 0ms (cache hit)
810 http cache pathe@https://registry.npmjs.org/pathe/-/pathe-2.0.3.tgz 0ms (cache hit)
811 http cache get-port-please@https://registry.npmjs.org/get-port-please/-/get-port-please-3.2.0.tgz 0ms (cache hit)
812 http cache find-my-way@https://registry.npmjs.org/find-my-way/-/find-my-way-9.7.0.tgz 0ms (cache hit)
813 http cache @prisma/streams-local@https://registry.npmjs.org/@prisma/streams-local/-/streams-local-0.1.11.tgz 0ms (cache hit)
814 http cache @electric-sql/pglite-tools@https://registry.npmjs.org/@electric-sql/pglite-tools/-/pglite-tools-0.3.3.tgz 0ms (cache hit)
815 http cache proper-lockfile@https://registry.npmjs.org/proper-lockfile/-/proper-lockfile-4.1.2.tgz 0ms (cache hit)
816 http cache @prisma/query-plan-executor@https://registry.npmjs.org/@prisma/query-plan-executor/-/query-plan-executor-7.2.0.tgz 0ms (cache hit)
817 http cache @electric-sql/pglite@https://registry.npmjs.org/@electric-sql/pglite/-/pglite-0.4.3.tgz 0ms (cache hit)
818 http cache @electric-sql/pglite-socket@https://registry.npmjs.org/@electric-sql/pglite-socket/-/pglite-socket-0.1.3.tgz 0ms (cache hit)
819 http cache effect@https://registry.npmjs.org/effect/-/effect-3.20.0.tgz 0ms (cache hit)
820 http cache deepmerge-ts@https://registry.npmjs.org/deepmerge-ts/-/deepmerge-ts-7.1.5.tgz 0ms (cache hit)
821 http cache empathic@https://registry.npmjs.org/empathic/-/empathic-2.0.0.tgz 0ms (cache hit)
822 http cache postgres@https://registry.npmjs.org/postgres/-/postgres-3.4.7.tgz 0ms (cache hit)
823 http cache @prisma/studio-core@https://registry.npmjs.org/@prisma/studio-core/-/studio-core-0.33.0.tgz 0ms (cache hit)
824 http cache c12@https://registry.npmjs.org/c12/-/c12-3.3.4.tgz 0ms (cache hit)
825 http cache @prisma/dev@https://registry.npmjs.org/@prisma/dev/-/dev-0.24.17.tgz 0ms (cache hit)
826 http cache @prisma/config@https://registry.npmjs.org/@prisma/config/-/config-7.9.1.tgz 0ms (cache hit)
827 http cache mysql2@https://registry.npmjs.org/mysql2/-/mysql2-3.15.3.tgz 0ms (cache hit)
828 http cache cross-spawn@https://registry.npmjs.org/cross-spawn/-/cross-spawn-7.0.6.tgz 0ms (cache hit)
829 http cache std-env@https://registry.npmjs.org/std-env/-/std-env-3.10.0.tgz 0ms (cache hit)
830 http cache @prisma/fetch-engine@https://registry.npmjs.org/@prisma/fetch-engine/-/fetch-engine-7.9.1.tgz 0ms (cache hit)
831 http cache prisma@https://registry.npmjs.org/prisma/-/prisma-7.9.1.tgz 0ms (cache hit)
832 http cache @prisma/engines-version@https://registry.npmjs.org/@prisma/engines-version/-/engines-version-7.9.0-1.e922089b7d7502aff4249d5da3420f6fa55fc6ad.tgz 0ms (cache hit)
833 http cache @prisma/get-platform@https://registry.npmjs.org/@prisma/get-platform/-/get-platform-7.2.0.tgz 0ms (cache hit)
834 http cache @prisma/debug@https://registry.npmjs.org/@prisma/debug/-/debug-7.9.1.tgz 0ms (cache hit)
835 http cache foreground-child@https://registry.npmjs.org/foreground-child/-/foreground-child-3.3.1.tgz 0ms (cache hit)
836 http cache @prisma/engines@https://registry.npmjs.org/@prisma/engines/-/engines-7.9.1.tgz 1ms (cache hit)
837 http cache signal-exit@https://registry.npmjs.org/signal-exit/-/signal-exit-3.0.7.tgz 0ms (cache hit)
838 http cache d3-array@https://registry.npmjs.org/d3-array/-/d3-array-3.2.1.tgz 0ms (cache hit)
839 http cache json-schema-traverse@https://registry.npmjs.org/json-schema-traverse/-/json-schema-traverse-1.0.0.tgz 0ms (cache hit)
840 http cache ajv@https://registry.npmjs.org/ajv/-/ajv-8.20.0.tgz 0ms (cache hit)
841 http cache @radix-ui/react-toggle@https://registry.npmjs.org/@radix-ui/react-toggle/-/react-toggle-1.1.10.tgz 0ms (cache hit)
842 http cache readdirp@https://registry.npmjs.org/readdirp/-/readdirp-5.0.0.tgz 0ms (cache hit)
843 http cache jiti@https://registry.npmjs.org/jiti/-/jiti-2.7.0.tgz 0ms (cache hit)
844 http cache @radix-ui/react-primitive@https://registry.npmjs.org/@radix-ui/react-primitive/-/react-primitive-2.1.3.tgz 0ms (cache hit)
845 http cache chokidar@https://registry.npmjs.org/chokidar/-/chokidar-5.0.0.tgz 0ms (cache hit)
846 silly tarball no local data for @radix-ui/react-compose-refs@https://registry.npmjs.org/@radix-ui/react-compose-refs/-/react-compose-refs-1.1.2.tgz. Extracting by manifest.
847 http cache @prisma/get-platform@https://registry.npmjs.org/@prisma/get-platform/-/get-platform-7.9.1.tgz 0ms (cache hit)
848 silly tarball no local data for @radix-ui/react-slot@https://registry.npmjs.org/@radix-ui/react-slot/-/react-slot-1.2.3.tgz. Extracting by manifest.
849 silly tarball no local data for @radix-ui/react-use-effect-event@https://registry.npmjs.org/@radix-ui/react-use-effect-event/-/react-use-effect-event-0.0.2.tgz. Extracting by manifest.
850 silly tarball no local data for @radix-ui/react-use-layout-effect@https://registry.npmjs.org/@radix-ui/react-use-layout-effect/-/react-use-layout-effect-1.1.1.tgz. Extracting by manifest.
851 silly tarball no local data for @radix-ui/react-use-controllable-state@https://registry.npmjs.org/@radix-ui/react-use-controllable-state/-/react-use-controllable-state-1.2.2.tgz. Extracting by manifest.
852 silly tarball no local data for @radix-ui/primitive@https://registry.npmjs.org/@radix-ui/primitive/-/primitive-1.1.3.tgz. Extracting by manifest.
853 silly tarball no local data for require-from-string@https://registry.npmjs.org/require-from-string/-/require-from-string-2.0.2.tgz. Extracting by manifest.
854 http cache @prisma/debug@https://registry.npmjs.org/@prisma/debug/-/debug-7.2.0.tgz 0ms (cache hit)
855 silly tarball no local data for fast-uri@https://registry.npmjs.org/fast-uri/-/fast-uri-3.1.5.tgz. Extracting by manifest.
856 silly tarball no local data for graphmatch@https://registry.npmjs.org/graphmatch/-/graphmatch-1.1.1.tgz. Extracting by manifest.
857 silly tarball no local data for destr@https://registry.npmjs.org/destr/-/destr-2.0.5.tgz. Extracting by manifest.
858 silly tarball no local data for retry@https://registry.npmjs.org/retry/-/retry-0.12.0.tgz. Extracting by manifest.
859 silly tarball no local data for ret@https://registry.npmjs.org/ret/-/ret-0.5.0.tgz. Extracting by manifest.
860 silly tarball no local data for grammex@https://registry.npmjs.org/grammex/-/grammex-3.1.13.tgz. Extracting by manifest.
861 silly tarball no local data for safer-buffer@https://registry.npmjs.org/safer-buffer/-/safer-buffer-2.1.2.tgz. Extracting by manifest.
862 silly tarball no local data for is-property@https://registry.npmjs.org/is-property/-/is-property-1.0.2.tgz. Extracting by manifest.
863 http cache @prisma/get-platform@https://registry.npmjs.org/@prisma/get-platform/-/get-platform-7.9.1.tgz 0ms (cache hit)
864 silly tarball no local data for sqlstring@https://registry.npmjs.org/sqlstring/-/sqlstring-2.3.3.tgz. Extracting by manifest.
865 silly tarball no local data for named-placeholders@https://registry.npmjs.org/named-placeholders/-/named-placeholders-1.1.6.tgz. Extracting by manifest.
866 silly tarball no local data for lru.min@https://registry.npmjs.org/lru.min/-/lru.min-1.1.4.tgz. Extracting by manifest.
867 silly tarball no local data for seq-queue@https://registry.npmjs.org/seq-queue/-/seq-queue-0.0.5.tgz. Extracting by manifest.
868 silly tarball no local data for iconv-lite@https://registry.npmjs.org/iconv-lite/-/iconv-lite-0.7.3.tgz. Extracting by manifest.
869 silly tarball no local data for generate-function@https://registry.npmjs.org/generate-function/-/generate-function-2.3.1.tgz. Extracting by manifest.
870 silly tarball no local data for aws-ssl-profiles@https://registry.npmjs.org/aws-ssl-profiles/-/aws-ssl-profiles-1.1.2.tgz. Extracting by manifest.
871 silly tarball no local data for denque@https://registry.npmjs.org/denque/-/denque-2.1.0.tgz. Extracting by manifest.
872 silly tarball no local data for fast-decode-uri-component@https://registry.npmjs.org/fast-decode-uri-component/-/fast-decode-uri-component-1.0.1.tgz. Extracting by manifest.
873 silly tarball no local data for long@https://registry.npmjs.org/long/-/long-5.3.2.tgz. Extracting by manifest.
874 silly tarball no local data for safe-regex2@https://registry.npmjs.org/safe-regex2/-/safe-regex2-5.1.1.tgz. Extracting by manifest.
875 silly tarball no local data for fast-querystring@https://registry.npmjs.org/fast-querystring/-/fast-querystring-1.1.2.tgz. Extracting by manifest.
876 silly tarball no local data for @standard-schema/spec@https://registry.npmjs.org/@standard-schema/spec/-/spec-1.1.0.tgz. Extracting by manifest.
877 silly tarball no local data for fast-check@https://registry.npmjs.org/fast-check/-/fast-check-3.23.2.tgz. Extracting by manifest.
878 silly tarball no local data for robust-predicates@https://registry.npmjs.org/robust-predicates/-/robust-predicates-3.0.3.tgz. Extracting by manifest.
879 silly tarball no local data for pure-rand@https://registry.npmjs.org/pure-rand/-/pure-rand-6.1.0.tgz. Extracting by manifest.
880 silly tarball no local data for rc9@https://registry.npmjs.org/rc9/-/rc9-3.0.1.tgz. Extracting by manifest.
881 silly tarball no local data for pkg-types@https://registry.npmjs.org/pkg-types/-/pkg-types-2.3.1.tgz. Extracting by manifest.
882 silly tarball no local data for delaunator@https://registry.npmjs.org/delaunator/-/delaunator-5.1.0.tgz. Extracting by manifest.
883 silly tarball no local data for ohash@https://registry.npmjs.org/ohash/-/ohash-2.0.11.tgz. Extracting by manifest.
884 silly tarball no local data for giget@https://registry.npmjs.org/giget/-/giget-3.3.1.tgz. Extracting by manifest.
885 silly tarball no local data for perfect-debounce@https://registry.npmjs.org/perfect-debounce/-/perfect-debounce-2.1.0.tgz. Extracting by manifest.
886 silly tarball no local data for defu@https://registry.npmjs.org/defu/-/defu-6.1.7.tgz. Extracting by manifest.
887 silly tarball no local data for exsolve@https://registry.npmjs.org/exsolve/-/exsolve-1.1.1.tgz. Extracting by manifest.
888 silly tarball no local data for @types/geojson@https://registry.npmjs.org/@types/geojson/-/geojson-7946.0.16.tgz. Extracting by manifest.
889 silly tarball no local data for d3-time-format@https://registry.npmjs.org/d3-time-format/-/d3-time-format-4.1.0.tgz. Extracting by manifest.
890 silly tarball no local data for confbox@https://registry.npmjs.org/confbox/-/confbox-0.2.4.tgz. Extracting by manifest.
891 silly tarball no local data for d3-time@https://registry.npmjs.org/d3-time/-/d3-time-3.1.0.tgz. Extracting by manifest.
892 silly tarball no local data for internmap@https://registry.npmjs.org/internmap/-/internmap-2.0.3.tgz. Extracting by manifest.
893 silly tarball no local data for d3-scale@https://registry.npmjs.org/d3-scale/-/d3-scale-4.0.2.tgz. Extracting by manifest.
894 silly tarball no local data for d3-path@https://registry.npmjs.org/d3-path/-/d3-path-3.1.0.tgz. Extracting by manifest.
895 silly tarball no local data for d3-interpolate@https://registry.npmjs.org/d3-interpolate/-/d3-interpolate-3.0.1.tgz. Extracting by manifest.
896 silly tarball no local data for d3-format@https://registry.npmjs.org/d3-format/-/d3-format-3.1.0.tgz. Extracting by manifest.
897 silly tarball no local data for d3-geo@https://registry.npmjs.org/d3-geo/-/d3-geo-3.1.0.tgz. Extracting by manifest.
898 silly tarball no local data for @types/d3-time-format@https://registry.npmjs.org/@types/d3-time-format/-/d3-time-format-2.1.0.tgz. Extracting by manifest.
899 silly tarball no local data for d3-color@https://registry.npmjs.org/d3-color/-/d3-color-3.1.0.tgz. Extracting by manifest.
900 silly tarball no local data for @types/d3-time@https://registry.npmjs.org/@types/d3-time/-/d3-time-3.0.0.tgz. Extracting by manifest.
901 silly tarball no local data for d3-delaunay@https://registry.npmjs.org/d3-delaunay/-/d3-delaunay-6.0.2.tgz. Extracting by manifest.
902 silly tarball no local data for @types/d3-path@https://registry.npmjs.org/@types/d3-path/-/d3-path-3.1.1.tgz. Extracting by manifest.
903 silly tarball no local data for @types/d3-shape@https://registry.npmjs.org/@types/d3-shape/-/d3-shape-3.1.7.tgz. Extracting by manifest.
904 silly tarball no local data for @types/d3-scale@https://registry.npmjs.org/@types/d3-scale/-/d3-scale-4.0.2.tgz. Extracting by manifest.
905 silly tarball no local data for @types/d3-geo@https://registry.npmjs.org/@types/d3-geo/-/d3-geo-3.1.0.tgz. Extracting by manifest.
906 silly tarball no local data for @types/d3-format@https://registry.npmjs.org/@types/d3-format/-/d3-format-3.0.1.tgz. Extracting by manifest.
907 silly tarball no local data for @types/d3-delaunay@https://registry.npmjs.org/@types/d3-delaunay/-/d3-delaunay-6.0.1.tgz. Extracting by manifest.
908 silly tarball no local data for classnames@https://registry.npmjs.org/classnames/-/classnames-2.5.1.tgz. Extracting by manifest.
909 silly tarball no local data for @types/d3-color@https://registry.npmjs.org/@types/d3-color/-/d3-color-3.1.0.tgz. Extracting by manifest.
910 silly tarball no local data for @visx/point@https://registry.npmjs.org/@visx/point/-/point-4.0.1-alpha.0.tgz. Extracting by manifest.
911 silly tarball no local data for @types/d3-array@https://registry.npmjs.org/@types/d3-array/-/d3-array-3.0.3.tgz. Extracting by manifest.
912 silly tarball no local data for @types/d3-interpolate@https://registry.npmjs.org/@types/d3-interpolate/-/d3-interpolate-3.0.1.tgz. Extracting by manifest.
913 silly tarball no local data for @types/lodash@https://registry.npmjs.org/@types/lodash/-/lodash-4.17.25.tgz. Extracting by manifest.
914 silly tarball no local data for @visx/shape@https://registry.npmjs.org/@visx/shape/-/shape-4.0.1-alpha.0.tgz. Extracting by manifest.
915 silly tarball no local data for @visx/vendor@https://registry.npmjs.org/@visx/vendor/-/vendor-4.0.0-alpha.0.tgz. Extracting by manifest.
916 silly tarball no local data for d3-shape@https://registry.npmjs.org/d3-shape/-/d3-shape-3.2.0.tgz. Extracting by manifest.
917 silly tarball no local data for elkjs@https://registry.npmjs.org/elkjs/-/elkjs-0.11.1.tgz. Extracting by manifest.
918 silly tarball no local data for @visx/scale@https://registry.npmjs.org/@visx/scale/-/scale-4.0.1-alpha.0.tgz. Extracting by manifest.
919 silly tarball no local data for @visx/responsive@https://registry.npmjs.org/@visx/responsive/-/responsive-4.0.1-alpha.0.tgz. Extracting by manifest.
920 silly tarball no local data for d3-array@https://registry.npmjs.org/d3-array/-/d3-array-3.2.4.tgz. Extracting by manifest.
921 silly tarball no local data for @visx/curve@https://registry.npmjs.org/@visx/curve/-/curve-4.0.1-alpha.0.tgz. Extracting by manifest.
922 silly tarball no local data for @visx/grid@https://registry.npmjs.org/@visx/grid/-/grid-4.0.1-alpha.0.tgz. Extracting by manifest.
923 silly tarball no local data for @visx/group@https://registry.npmjs.org/@visx/group/-/group-4.0.1-alpha.0.tgz. Extracting by manifest.
924 silly tarball no local data for env-paths@https://registry.npmjs.org/env-paths/-/env-paths-3.0.0.tgz. Extracting by manifest.
925 silly tarball no local data for @visx/event@https://registry.npmjs.org/@visx/event/-/event-4.0.1-alpha.0.tgz. Extracting by manifest.
926 silly tarball no local data for zeptomatch@https://registry.npmjs.org/zeptomatch/-/zeptomatch-2.1.0.tgz. Extracting by manifest.
927 silly tarball no local data for valibot@https://registry.npmjs.org/valibot/-/valibot-1.4.2.tgz. Extracting by manifest.
928 silly tarball no local data for better-result@https://registry.npmjs.org/better-result/-/better-result-2.10.0.tgz. Extracting by manifest.
929 silly tarball no local data for remeda@https://registry.npmjs.org/remeda/-/remeda-2.33.4.tgz. Extracting by manifest.
930 silly tarball no local data for pathe@https://registry.npmjs.org/pathe/-/pathe-2.0.3.tgz. Extracting by manifest.
931 silly tarball no local data for get-port-please@https://registry.npmjs.org/get-port-please/-/get-port-please-3.2.0.tgz. Extracting by manifest.
932 silly tarball no local data for find-my-way@https://registry.npmjs.org/find-my-way/-/find-my-way-9.7.0.tgz. Extracting by manifest.
933 silly tarball no local data for @prisma/streams-local@https://registry.npmjs.org/@prisma/streams-local/-/streams-local-0.1.11.tgz. Extracting by manifest.
934 silly tarball no local data for @electric-sql/pglite-tools@https://registry.npmjs.org/@electric-sql/pglite-tools/-/pglite-tools-0.3.3.tgz. Extracting by manifest.
935 silly tarball no local data for proper-lockfile@https://registry.npmjs.org/proper-lockfile/-/proper-lockfile-4.1.2.tgz. Extracting by manifest.
936 silly tarball no local data for @prisma/query-plan-executor@https://registry.npmjs.org/@prisma/query-plan-executor/-/query-plan-executor-7.2.0.tgz. Extracting by manifest.
937 silly tarball no local data for @electric-sql/pglite@https://registry.npmjs.org/@electric-sql/pglite/-/pglite-0.4.3.tgz. Extracting by manifest.
938 silly tarball no local data for @electric-sql/pglite-socket@https://registry.npmjs.org/@electric-sql/pglite-socket/-/pglite-socket-0.1.3.tgz. Extracting by manifest.
939 silly tarball no local data for effect@https://registry.npmjs.org/effect/-/effect-3.20.0.tgz. Extracting by manifest.
940 silly tarball no local data for deepmerge-ts@https://registry.npmjs.org/deepmerge-ts/-/deepmerge-ts-7.1.5.tgz. Extracting by manifest.
941 silly tarball no local data for empathic@https://registry.npmjs.org/empathic/-/empathic-2.0.0.tgz. Extracting by manifest.
942 silly tarball no local data for postgres@https://registry.npmjs.org/postgres/-/postgres-3.4.7.tgz. Extracting by manifest.
943 silly tarball no local data for @prisma/studio-core@https://registry.npmjs.org/@prisma/studio-core/-/studio-core-0.33.0.tgz. Extracting by manifest.
944 silly tarball no local data for c12@https://registry.npmjs.org/c12/-/c12-3.3.4.tgz. Extracting by manifest.
945 silly tarball no local data for @prisma/dev@https://registry.npmjs.org/@prisma/dev/-/dev-0.24.17.tgz. Extracting by manifest.
946 silly tarball no local data for @prisma/config@https://registry.npmjs.org/@prisma/config/-/config-7.9.1.tgz. Extracting by manifest.
947 silly tarball no local data for mysql2@https://registry.npmjs.org/mysql2/-/mysql2-3.15.3.tgz. Extracting by manifest.
948 silly tarball no local data for cross-spawn@https://registry.npmjs.org/cross-spawn/-/cross-spawn-7.0.6.tgz. Extracting by manifest.
949 silly tarball no local data for std-env@https://registry.npmjs.org/std-env/-/std-env-3.10.0.tgz. Extracting by manifest.
950 silly tarball no local data for @prisma/fetch-engine@https://registry.npmjs.org/@prisma/fetch-engine/-/fetch-engine-7.9.1.tgz. Extracting by manifest.
951 silly tarball no local data for prisma@https://registry.npmjs.org/prisma/-/prisma-7.9.1.tgz. Extracting by manifest.
952 silly tarball no local data for @prisma/engines-version@https://registry.npmjs.org/@prisma/engines-version/-/engines-version-7.9.0-1.e922089b7d7502aff4249d5da3420f6fa55fc6ad.tgz. Extracting by manifest.
953 silly tarball no local data for @prisma/get-platform@https://registry.npmjs.org/@prisma/get-platform/-/get-platform-7.2.0.tgz. Extracting by manifest.
954 silly tarball no local data for foreground-child@https://registry.npmjs.org/foreground-child/-/foreground-child-3.3.1.tgz. Extracting by manifest.
955 silly tarball no local data for @prisma/engines@https://registry.npmjs.org/@prisma/engines/-/engines-7.9.1.tgz. Extracting by manifest.
956 silly tarball no local data for signal-exit@https://registry.npmjs.org/signal-exit/-/signal-exit-3.0.7.tgz. Extracting by manifest.
957 silly tarball no local data for d3-array@https://registry.npmjs.org/d3-array/-/d3-array-3.2.1.tgz. Extracting by manifest.
958 silly tarball no local data for json-schema-traverse@https://registry.npmjs.org/json-schema-traverse/-/json-schema-traverse-1.0.0.tgz. Extracting by manifest.
959 silly tarball no local data for ajv@https://registry.npmjs.org/ajv/-/ajv-8.20.0.tgz. Extracting by manifest.
960 silly tarball no local data for @radix-ui/react-toggle@https://registry.npmjs.org/@radix-ui/react-toggle/-/react-toggle-1.1.10.tgz. Extracting by manifest.
961 silly tarball no local data for readdirp@https://registry.npmjs.org/readdirp/-/readdirp-5.0.0.tgz. Extracting by manifest.
962 silly tarball no local data for jiti@https://registry.npmjs.org/jiti/-/jiti-2.7.0.tgz. Extracting by manifest.
963 silly tarball no local data for @radix-ui/react-primitive@https://registry.npmjs.org/@radix-ui/react-primitive/-/react-primitive-2.1.3.tgz. Extracting by manifest.
964 silly tarball no local data for chokidar@https://registry.npmjs.org/chokidar/-/chokidar-5.0.0.tgz. Extracting by manifest.
965 silly tarball no local data for @prisma/get-platform@https://registry.npmjs.org/@prisma/get-platform/-/get-platform-7.9.1.tgz. Extracting by manifest.
966 silly tarball no local data for @prisma/debug@https://registry.npmjs.org/@prisma/debug/-/debug-7.2.0.tgz. Extracting by manifest.
967 silly tarball no local data for @prisma/get-platform@https://registry.npmjs.org/@prisma/get-platform/-/get-platform-7.9.1.tgz. Extracting by manifest.
968 http fetch POST 200 https://registry.npmjs.org/-/npm/v1/security/advisories/bulk 380ms
969 silly audit report {
969 silly audit report   '@clerk/nextjs': [
969 silly audit report     {
969 silly audit report       id: 1117132,
969 silly audit report       url: 'https://github.com/advisories/GHSA-vqx2-fgx2-5wq9',
969 silly audit report       title: 'Official Clerk JavaScript SDKs: Middleware-based route protection bypass',
969 silly audit report       severity: 'critical',
969 silly audit report       vulnerable_versions: '>=5.0.0 <5.7.6',
969 silly audit report       cwe: [Array],
969 silly audit report       cvss: [Object]
969 silly audit report     }
969 silly audit report   ],
969 silly audit report   'brace-expansion': [
969 silly audit report     {
969 silly audit report       id: 1105443,
969 silly audit report       url: 'https://github.com/advisories/GHSA-v6h2-p8h4-qcjw',
969 silly audit report       title: 'brace-expansion Regular Expression Denial of Service vulnerability',
969 silly audit report       severity: 'low',
969 silly audit report       vulnerable_versions: '>=1.0.0 <=1.1.11',
969 silly audit report       cwe: [Array],
969 silly audit report       cvss: [Object]
969 silly audit report     },
969 silly audit report     {
969 silly audit report       id: 1105444,
969 silly audit report       url: 'https://github.com/advisories/GHSA-v6h2-p8h4-qcjw',
969 silly audit report       title: 'brace-expansion Regular Expression Denial of Service vulnerability',
969 silly audit report       severity: 'low',
969 silly audit report       vulnerable_versions: '>=2.0.0 <=2.0.1',
969 silly audit report       cwe: [Array],
969 silly audit report       cvss: [Object]
969 silly audit report     },
969 silly audit report     {
969 silly audit report       id: 1130588,
969 silly audit report       url: 'https://github.com/advisories/GHSA-mh99-v99m-4gvg',
969 silly audit report       title: 'brace-expansion: DoS via unbounded expansion length causing an out-of-memory process crash',
969 silly audit report       severity: 'high',
969 silly audit report       vulnerable_versions: '<1.1.17',
969 silly audit report       cwe: [Array],
969 silly audit report       cvss: [Object]
969 silly audit report     },
969 silly audit report     {
969 silly audit report       id: 1130589,
969 silly audit report       url: 'https://github.com/advisories/GHSA-mh99-v99m-4gvg',
969 silly audit report       title: 'brace-expansion: DoS via unbounded expansion length causing an out-of-memory process crash',
969 silly audit report       severity: 'high',
969 silly audit report       vulnerable_versions: '>=2.0.0 <2.1.3',
969 silly audit report       cwe: [Array],
969 silly audit report       cvss: [Object]
969 silly audit report     },
969 silly audit report     {
969 silly audit report       id: 1115540,
969 silly audit report       url: 'https://github.com/advisories/GHSA-f886-m6hf-6m8v',
969 silly audit report       title: 'brace-expansion: Zero-step sequence causes process hang and memory exhaustion',
969 silly audit report       severity: 'moderate',
969 silly audit report       vulnerable_versions: '<1.1.13',
969 silly audit report       cwe: [Array],
969 silly audit report       cvss: [Object]
969 silly audit report     },
969 silly audit report     {
969 silly audit report       id: 1115541,
969 silly audit report       url: 'https://github.com/advisories/GHSA-f886-m6hf-6m8v',
969 silly audit report       title: 'brace-expansion: Zero-step sequence causes process hang and memory exhaustion',
969 silly audit report       severity: 'moderate',
969 silly audit report       vulnerable_versions: '>=2.0.0 <2.0.3',
969 silly audit report       cwe: [Array],
969 silly audit report       cvss: [Object]
969 silly audit report     },
969 silly audit report     {
969 silly audit report       id: 1123896,
969 silly audit report       url: 'https://github.com/advisories/GHSA-3jxr-9vmj-r5cp',
969 silly audit report       title: 'brace-expansion: DoS via exponential-time expansion of consecutive non-expanding {} groups',
969 silly audit report       severity: 'high',
969 silly audit report       vulnerable_versions: '>=2.0.0 <2.1.2',
969 silly audit report       cwe: [Array],
969 silly audit report       cvss: [Object]
969 silly audit report     },
969 silly audit report     {
969 silly audit report       id: 1123897,
969 silly audit report       url: 'https://github.com/advisories/GHSA-3jxr-9vmj-r5cp',
969 silly audit report       title: 'brace-expansion: DoS via exponential-time expansion of consecutive non-expanding {} groups',
969 silly audit report       severity: 'high',
969 silly audit report       vulnerable_versions: '<1.1.16',
969 silly audit report       cwe: [Array],
969 silly audit report       cvss: [Object]
969 silly audit report     }
969 silly audit report   ],
969 silly audit report   minimatch: [
969 silly audit report     {
969 silly audit report       id: 1113459,
969 silly audit report       url: 'https://github.com/advisories/GHSA-3ppc-4f35-3m26',
969 silly audit report       title: 'minimatch has a ReDoS via repeated wildcards with non-matching literal in pattern',
969 silly audit report       severity: 'high',
969 silly audit report       vulnerable_versions: '<3.1.3',
969 silly audit report       cwe: [Array],
969 silly audit report       cvss: [Object]
969 silly audit report     },
969 silly audit report     {
969 silly audit report       id: 1113465,
969 silly audit report       url: 'https://github.com/advisories/GHSA-3ppc-4f35-3m26',
969 silly audit report       title: 'minimatch has a ReDoS via repeated wildcards with non-matching literal in pattern',
969 silly audit report       severity: 'high',
969 silly audit report       vulnerable_versions: '>=9.0.0 <9.0.6',
969 silly audit report       cwe: [Array],
969 silly audit report       cvss: [Object]
969 silly audit report     },
969 silly audit report     {
969 silly audit report       id: 1113538,
969 silly audit report       url: 'https://github.com/advisories/GHSA-7r86-cg39-jmmj',
969 silly audit report       title: 'minimatch has ReDoS: matchOne() combinatorial backtracking via multiple non-adjacent GLOBSTAR segments',
969 silly audit report       severity: 'high',
969 silly audit report       vulnerable_versions: '<3.1.3',
969 silly audit report       cwe: [Array],
969 silly audit report       cvss: [Object]
969 silly audit report     },
969 silly audit report     {
969 silly audit report       id: 1113544,
969 silly audit report       url: 'https://github.com/advisories/GHSA-7r86-cg39-jmmj',
969 silly audit report       title: 'minimatch has ReDoS: matchOne() combinatorial backtracking via multiple non-adjacent GLOBSTAR segments',
969 silly audit report       severity: 'high',
969 silly audit report       vulnerable_versions: '>=9.0.0 <9.0.7',
969 silly audit report       cwe: [Array],
969 silly audit report       cvss: [Object]
969 silly audit report     },
969 silly audit report     {
969 silly audit report       id: 1113546,
969 silly audit report       url: 'https://github.com/advisories/GHSA-23c5-xmqv-rm74',
969 silly audit report       title: 'minimatch ReDoS: nested *() extglobs generate catastrophically backtracking regular expressions',
969 silly audit report       severity: 'high',
969 silly audit report       vulnerable_versions: '<3.1.4',
969 silly audit report       cwe: [Array],
969 silly audit report       cvss: [Object]
969 silly audit report     },
969 silly audit report     {
969 silly audit report       id: 1113552,
969 silly audit report       url: 'https://github.com/advisories/GHSA-23c5-xmqv-rm74',
969 silly audit report       title: 'minimatch ReDoS: nested *() extglobs generate catastrophically backtracking regular expressions',
969 silly audit report       severity: 'high',
969 silly audit report       vulnerable_versions: '>=9.0.0 <9.0.7',
969 silly audit report       cwe: [Array],
969 silly audit report       cvss: [Object]
969 silly audit report     }
969 silly audit report   ],
969 silly audit report   ajv: [
969 silly audit report     {
969 silly audit report       id: 1113714,
969 silly audit report       url: 'https://github.com/advisories/GHSA-2g4f-4pwh-qvx6',
969 silly audit report       title: 'ajv has ReDoS when using `$data` option',
969 silly audit report       severity: 'moderate',
969 silly audit report       vulnerable_versions: '<6.14.0',
969 silly audit report       cwe: [Array],
969 silly audit report       cvss: [Object]
969 silly audit report     }
969 silly audit report   ],
969 silly audit report   axios: [
969 silly audit report     {
969 silly audit report       id: 1111035,
969 silly audit report       url: 'https://github.com/advisories/GHSA-jr5f-v2jv-69x6',
969 silly audit report       title: 'axios Requests Vulnerable To Possible SSRF and Credential Leakage via Absolute URL',
969 silly audit report       severity: 'high',
969 silly audit report       vulnerable_versions: '>=1.0.0 <1.8.2',
969 silly audit report       cwe: [Array],
969 silly audit report       cvss: [Object]
969 silly audit report     },
969 silly audit report     {
969 silly audit report       id: 1118607,
969 silly audit report       url: 'https://github.com/advisories/GHSA-q8qp-cvcw-x6jj',
969 silly audit report       title: 'Axios has prototype pollution read-side gadgets in HTTP adapter that allow credential injection and request hijacking',
969 silly audit report       severity: 'high',
969 silly audit report       vulnerable_versions: '>=1.0.0 <1.15.2',
969 silly audit report       cwe: [Array],
969 silly audit report       cvss: [Object]
969 silly audit report     },
969 silly audit report     {
969 silly audit report       id: 1112195,
969 silly audit report       url: 'https://github.com/advisories/GHSA-4hjh-wcwx-xvwj',
969 silly audit report       title: 'Axios is vulnerable to DoS attack through lack of data size check',
969 silly audit report       severity: 'high',
969 silly audit report       vulnerable_versions: '>=1.0.0 <1.12.0',
969 silly audit report       cwe: [Array],
969 silly audit report       cvss: [Object]
969 silly audit report     },
969 silly audit report     {
969 silly audit report       id: 1119404,
969 silly audit report       url: 'https://github.com/advisories/GHSA-fvcv-3m26-pcqx',
969 silly audit report       title: 'Axios has Unrestricted Cloud Metadata Exfiltration via Header Injection Chain',
969 silly audit report       severity: 'moderate',
969 silly audit report       vulnerable_versions: '>=1.0.0 <1.15.0',
969 silly audit report       cwe: [Array],
969 silly audit report       cvss: [Object]
969 silly audit report     },
969 silly audit report     {
969 silly audit report       id: 1120125,
969 silly audit report       url: 'https://github.com/advisories/GHSA-62hf-57xw-28j9',
969 silly audit report       title: 'Axios: unbounded recursion in toFormData causes DoS via deeply nested request data',
969 silly audit report       severity: 'moderate',
969 silly audit report       vulnerable_versions: '>=1.0.0 <1.15.1',
969 silly audit report       cwe: [Array],
969 silly audit report       cvss: [Object]
969 silly audit report     },
969 silly audit report     {
969 silly audit report       id: 1120547,
969 silly audit report       url: 'https://github.com/advisories/GHSA-hfxv-24rg-xrqf',
969 silly audit report       title: 'Axios: Regular Expression Denial of Service (ReDoS) via Cookie Name Injection',
969 silly audit report       severity: 'high',
969 silly audit report       vulnerable_versions: '>=1.0.0 <1.16.0',
969 silly audit report       cwe: [Array],
969 silly audit report       cvss: [Object]
969 silly audit report     },
969 silly audit report     {
969 silly audit report       id: 1120643,
969 silly audit report       url: 'https://github.com/advisories/GHSA-777c-7fjr-54vf',
969 silly audit report       title: 'Allocation of Resources Without Limits or Throttling in Axios',
969 silly audit report       severity: 'high',
969 silly audit report       vulnerable_versions: '>=1.7.0 <1.16.0',
969 silly audit report       cwe: [Array],
969 silly audit report       cvss: [Object]
969 silly audit report     },
969 silly audit report     {
969 silly audit report       id: 1120645,
969 silly audit report       url: 'https://github.com/advisories/GHSA-p92q-9vqr-4j8v',
969 silly audit report       title: 'Axios: Proxy-Authorization Credential Leak to Origin Server Across HTTP-to-HTTPS Redirect in Axios Node.js HTTP Adapter',
969 silly audit report       severity: 'high',
969 silly audit report       vulnerable_versions: '>=1.0.0 <1.16.0',
969 silly audit report       cwe: [Array],
969 silly audit report       cvss: [Object]
969 silly audit report     },
969 silly audit report     {
969 silly audit report       id: 1120647,
969 silly audit report       url: 'https://github.com/advisories/GHSA-j5f8-grm9-p9fc',
969 silly audit report       title: 'Axios: Proxy-Authorization header leaks to redirect target when proxy is re-evaluated to direct connection',
969 silly audit report       severity: 'high',
969 silly audit report       vulnerable_versions: '>=1.0.0 <1.16.0',
969 silly audit report       cwe: [Array],
969 silly audit report       cvss: [Object]
969 silly audit report     },
969 silly audit report     {
969 silly audit report       id: 1120649,
969 silly audit report       url: 'https://github.com/advisories/GHSA-3g43-6gmg-66jw',
969 silly audit report       title: 'axios Vulnerable to Credential Theft and Response Hijacking via Prototype Pollution Gadget in Config Merge',
969 silly audit report       severity: 'high',
969 silly audit report       vulnerable_versions: '>=1.0.0 <1.15.2',
969 silly audit report       cwe: [Array],
969 silly audit report       cvss: [Object]
969 silly audit report     },
969 silly audit report     {
969 silly audit report       id: 1120650,
969 silly audit report       url: 'https://github.com/advisories/GHSA-35jp-ww65-95wh',
969 silly audit report       title: 'axios Vulnerable to Full Man-in-the-Middle via Prototype Pollution Gadget in `config.proxy`',
969 silly audit report       severity: 'high',
969 silly audit report       vulnerable_versions: '>=1.0.0 <1.16.0',
969 silly audit report       cwe: [Array],
969 silly audit report       cvss: [Object]
969 silly audit report     },
969 silly audit report     {
969 silly audit report       id: 1120652,
969 silly audit report       url: 'https://github.com/advisories/GHSA-898c-q2cr-xwhg',
969 silly audit report       title: 'axios has DoS & Header Injection via Prototype Pollution Read-Side Gadgets in axios merge functions',
969 silly audit report       severity: 'moderate',
969 silly audit report       vulnerable_versions: '>=1.0.0 <1.16.0',
969 silly audit report       cwe: [Array],
969 silly audit report       cvss: [Object]
969 silly audit report     },
969 silly audit report     {
969 silly audit report       id: 1116673,
969 silly audit report       url: 'https://github.com/advisories/GHSA-3p68-rc4w-qgx5',
969 silly audit report       title: 'Axios has a NO_PROXY Hostname Normalization Bypass that Leads to SSRF',
969 silly audit report       severity: 'moderate',
969 silly audit report       vulnerable_versions: '>=1.0.0 <1.15.0',
969 silly audit report       cwe: [Array],
969 silly audit report       cvss: [Object]
969 silly audit report     },
969 silly audit report     {
969 silly audit report       id: 1117574,
969 silly audit report       url: 'https://github.com/advisories/GHSA-w9j2-pvgh-6h63',
969 silly audit report       title: 'Axios: Authentication Bypass via Prototype Pollution Gadget in `validateStatus` Merge Strategy',
969 silly audit report       severity: 'moderate',
969 silly audit report       vulnerable_versions: '>=1.0.0 <1.15.1',
969 silly audit report       cwe: [Array],
969 silly audit report       cvss: [Object]
969 silly audit report     },
969 silly audit report     {
969 silly audit report       id: 1117576,
969 silly audit report       url: 'https://github.com/advisories/GHSA-pmwg-cvhr-8vh7',
969 silly audit report       title: 'Axios: Incomplete Fix for CVE-2025-62718 — NO_PROXY Protection Bypassed via RFC 1122 Loopback Subnet (127.0.0.0/8) in Axios 1.15.0',
969 silly audit report       severity: 'high',
969 silly audit report       vulnerable_versions: '>=1.0.0 <1.15.1',
969 silly audit report       cwe: [Array],
969 silly audit report       cvss: [Object]
969 silly audit report     },
969 silly audit report     {
969 silly audit report       id: 1117577,
969 silly audit report       url: 'https://github.com/advisories/GHSA-3w6x-2g7m-8v23',
969 silly audit report       title: 'Axios: Invisible JSON Response Tampering via Prototype Pollution Gadget in `parseReviver`',
969 silly audit report       severity: 'moderate',
969 silly audit report       vulnerable_versions: '>=1.0.0 <1.15.2',
969 silly audit report       cwe: [Array],
969 silly audit report       cvss: [Object]
969 silly audit report     },
969 silly audit report     {
969 silly audit report       id: 1117580,
969 silly audit report       url: 'https://github.com/advisories/GHSA-xhjh-pmcv-23jw',
969 silly audit report       title: 'Axios: Null Byte Injection via Reverse-Encoding in AxiosURLSearchParams',
969 silly audit report       severity: 'low',
969 silly audit report       vulnerable_versions: '>=1.0.0 <1.15.1',
969 silly audit report       cwe: [Array],
969 silly audit report       cvss: [Object]
969 silly audit report     },
969 silly audit report     {
969 silly audit report       id: 1117581,
969 silly audit report       url: 'https://github.com/advisories/GHSA-445q-vr5w-6q77',
969 silly audit report       title: 'Axios: CRLF Injection in multipart/form-data body via unsanitized blob.type in formDataToStream',
969 silly audit report       severity: 'moderate',
969 silly audit report       vulnerable_versions: '>=1.0.0 <1.15.1',
969 silly audit report       cwe: [Array],
969 silly audit report       cvss: [Object]
969 silly audit report     },
969 silly audit report     {
969 silly audit report       id: 1117583,
969 silly audit report       url: 'https://github.com/advisories/GHSA-m7pr-hjqh-92cm',
969 silly audit report       title: 'Axios: no_proxy bypass via IP alias allows SSRF',
969 silly audit report       severity: 'moderate',
969 silly audit report       vulnerable_versions: '>=1.0.0 <1.15.1',
969 silly audit report       cwe: [Array],
969 silly audit report       cvss: [Object]
969 silly audit report     },
969 silly audit report     {
969 silly audit report       id: 1117587,
969 silly audit report       url: 'https://github.com/advisories/GHSA-5c9x-8gcm-mpgx',
969 silly audit report       title: "Axios' HTTP adapter-streamed uploads bypass maxBodyLength when maxRedirects: 0",
969 silly audit report       severity: 'moderate',
969 silly audit report       vulnerable_versions: '>=1.0.0 <1.15.1',
969 silly audit report       cwe: [Array],
969 silly audit report       cvss: [Object]
969 silly audit report     },
969 silly audit report     {
969 silly audit report       id: 1117589,
969 silly audit report       url: 'https://github.com/advisories/GHSA-vf2m-468p-8v99',
969 silly audit report       title: 'Axios: HTTP adapter streamed responses bypass maxContentLength',
969 silly audit report       severity: 'moderate',
969 silly audit report       vulnerable_versions: '>=1.0.0 <1.15.1',
969 silly audit report       cwe: [Array],
969 silly audit report       cvss: [Object]
969 silly audit report     },
969 silly audit report     {
969 silly audit report       id: 1117591,
969 silly audit report       url: 'https://github.com/advisories/GHSA-pf86-5x62-jrwf',
969 silly audit report       title: 'Axios: Prototype Pollution Gadgets - Response Tampering, Data Exfiltration, and Request Hijacking',
969 silly audit report       severity: 'high',
969 silly audit report       vulnerable_versions: '>=1.0.0 <1.15.1',
969 silly audit report       cwe: [Array],
969 silly audit report       cvss: [Object]
969 silly audit report     },
969 silly audit report     {
969 silly audit report       id: 1117593,
969 silly audit report       url: 'https://github.com/advisories/GHSA-6chq-wfr3-2hj9',
969 silly audit report       title: 'Axios: Header Injection via Prototype Pollution',
969 silly audit report       severity: 'high',
969 silly audit report       vulnerable_versions: '>=1.0.0 <1.15.1',
969 silly audit report       cwe: [Array],
969 silly audit report       cvss: [Object]
969 silly audit report     },
969 silly audit report     {
969 silly audit report       id: 1117595,
969 silly audit report       url: 'https://github.com/advisories/GHSA-xx6v-rp6x-q39c',
969 silly audit report       title: 'Axios: XSRF Token Cross-Origin Leakage via Prototype Pollution Gadget in `withXSRFToken` Boolean Coercion',
969 silly audit report       severity: 'moderate',
969 silly audit report       vulnerable_versions: '>=1.0.0 <1.15.1',
969 silly audit report       cwe: [Array],
969 silly audit report       cvss: [Object]
969 silly audit report     },
969 silly audit report     {
969 silly audit report       id: 1117858,
969 silly audit report       url: 'https://github.com/advisories/GHSA-43fc-jf86-j433',
969 silly audit report       title: 'Axios is Vulnerable to Denial of Service via __proto__ Key in mergeConfig',
969 silly audit report       severity: 'high',
969 silly audit report       vulnerable_versions: '>=1.0.0 <=1.13.4',
969 silly audit report       cwe: [Array],
969 silly audit report       cvss: [Object]
969 silly audit report     },
969 silly audit report     {
969 silly audit report       id: 1123882,
969 silly audit report       url: 'https://github.com/advisories/GHSA-42h9-826w-cgv3',
969 silly audit report       title: 'Axios: Excessive recursion in formDataToJSON can cause denial of service',
969 silly audit report       severity: 'moderate',
969 silly audit report       vulnerable_versions: '>=1.0.0 <1.18.0',
969 silly audit report       cwe: [Array],
969 silly audit report       cvss: [Object]
969 silly audit report     },
969 silly audit report     {
969 silly audit report       id: 1123885,
969 silly audit report       url: 'https://github.com/advisories/GHSA-pmv8-rq9r-6j72',
969 silly audit report       title: 'Axios: Deep formToJSON Key Recursion Can Cause Denial of Service',
969 silly audit report       severity: 'moderate',
969 silly audit report       vulnerable_versions: '>=1.0.0 <1.18.0',
969 silly audit report       cwe: [Array],
969 silly audit report       cvss: [Object]
969 silly audit report     },
969 silly audit report     {
969 silly audit report       id: 1123957,
969 silly audit report       url: 'https://github.com/advisories/GHSA-jqh4-m9w3-8hp9',
969 silly audit report       title: 'Axios: Fetch adapter `ReadableStream` uploads bypass `maxBodyLength`',
969 silly audit report       severity: 'moderate',
969 silly audit report       vulnerable_versions: '>=1.7.0 <1.18.0',
969 silly audit report       cwe: [Array],
969 silly audit report       cvss: [Object]
969 silly audit report     },
969 silly audit report     {
969 silly audit report       id: 1123959,
969 silly audit report       url: 'https://github.com/advisories/GHSA-mmx7-hfxf-jppx',
969 silly audit report       title: 'Axios: Prototype pollution gadgets can alter axios request construction',
969 silly audit report       severity: 'moderate',
969 silly audit report       vulnerable_versions: '>=1.0.0 <1.18.0',
969 silly audit report       cwe: [Array],
969 silly audit report       cvss: [Object]
969 silly audit report     },
969 silly audit report     {
969 silly audit report       id: 1123971,
969 silly audit report       url: 'https://github.com/advisories/GHSA-7q8q-rj6j-mhjq',
969 silly audit report       title: 'Axios: Nested axios option objects can consume polluted prototype values',
969 silly audit report       severity: 'moderate',
969 silly audit report       vulnerable_versions: '>=1.0.0 <1.18.0',
969 silly audit report       cwe: [Array],
969 silly audit report       cvss: [Object]
969 silly audit report     },
969 silly audit report     {
969 silly audit report       id: 1098583,
969 silly audit report       url: 'https://github.com/advisories/GHSA-8hc4-vh64-cxmj',
969 silly audit report       title: 'Server-Side Request Forgery in axios',
969 silly audit report       severity: 'high',
969 silly audit report       vulnerable_versions: '>=1.3.2 <=1.7.3',
969 silly audit report       cwe: [Array],
969 silly audit report       cvss: [Object]
969 silly audit report     }
969 silly audit report   ],
969 silly audit report   cloudinary: [
969 silly audit report     {
969 silly audit report       id: 1109723,
969 silly audit report       url: 'https://github.com/advisories/GHSA-g4mf-96x5-5m2c',
969 silly audit report       title: 'Cloudinary Node SDK is vulnerable to Arbitrary Argument Injection through parameters that include an ampersand',
969 silly audit report       severity: 'high',
969 silly audit report       vulnerable_versions: '<2.7.0',
969 silly audit report       cwe: [Array],
969 silly audit report       cvss: [Object]
969 silly audit report     }
969 silly audit report   ],
969 silly audit report   cookie: [
969 silly audit report     {
969 silly audit report       id: 1103907,
969 silly audit report       url: 'https://github.com/advisories/GHSA-pxg6-pf52-xh8x',
969 silly audit report       title: 'cookie accepts cookie name, path, and domain with out of bounds characters',
969 silly audit report       severity: 'low',
969 silly audit report       vulnerable_versions: '<0.7.0',
969 silly audit report       cwe: [Array],
969 silly audit report       cvss: [Object]
969 silly audit report     }
969 silly audit report   ],
969 silly audit report   diff: [
969 silly audit report     {
969 silly audit report       id: 1112704,
969 silly audit report       url: 'https://github.com/advisories/GHSA-73rr-hh4g-fpgx',
969 silly audit report       title: 'jsdiff has a Denial of Service vulnerability in parsePatch and applyPatch',
969 silly audit report       severity: 'low',
969 silly audit report       vulnerable_versions: '>=4.0.0 <4.0.4',
969 silly audit report       cwe: [Array],
969 silly audit report       cvss: [Object]
969 silly audit report     }
969 silly audit report   ],
969 silly audit report   flatted: [
969 silly audit report     {
969 silly audit report       id: 1114526,
969 silly audit report       url: 'https://github.com/advisories/GHSA-25h7-pfq9-p65f',
969 silly audit report       title: 'flatted vulnerable to unbounded recursion DoS in parse() revive phase',
969 silly audit report       severity: 'high',
969 silly audit report       vulnerable_versions: '<3.4.0',
969 silly audit report       cwe: [Array],
969 silly audit report       cvss: [Object]
969 silly audit report     },
969 silly audit report     {
969 silly audit report       id: 1115357,
969 silly audit report       url: 'https://github.com/advisories/GHSA-rf6f-7fwh-wjgh',
969 silly audit report       title: 'Prototype Pollution via parse() in NodeJS flatted',
969 silly audit report       severity: 'high',
969 silly audit report       vulnerable_versions: '<=3.4.1',
969 silly audit report       cwe: [Array],
969 silly audit report       cvss: [Object]
969 silly audit report     }
969 silly audit report   ],
969 silly audit report   'follow-redirects': [
969 silly audit report     {
969 silly audit report       id: 1116560,
969 silly audit report       url: 'https://github.com/advisories/GHSA-r4q5-vmmm-2653',
969 silly audit report       title: 'follow-redirects leaks Custom Authentication Headers to Cross-Domain Redirect Targets',
969 silly audit report       severity: 'moderate',
969 silly audit report       vulnerable_versions: '<=1.15.11',
969 silly audit report       cwe: [Array],
969 silly audit report       cvss: [Object]
969 silly audit report     }
969 silly audit report   ],
969 silly audit report   'form-data': [
969 silly audit report     {
969 silly audit report       id: 1109538,
969 silly audit report       url: 'https://github.com/advisories/GHSA-fjxv-7rqg-78g4',
969 silly audit report       title: 'form-data uses unsafe random function in form-data for choosing boundary',
969 silly audit report       severity: 'critical',
969 silly audit report       vulnerable_versions: '>=4.0.0 <4.0.4',
969 silly audit report       cwe: [Array],
969 silly audit report       cvss: [Object]
969 silly audit report     },
969 silly audit report     {
969 silly audit report       id: 1120743,
969 silly audit report       url: 'https://github.com/advisories/GHSA-hmw2-7cc7-3qxx',
969 silly audit report       title: 'form-data: CRLF injection in form-data via unescaped multipart field names and filenames',
969 silly audit report       severity: 'high',
969 silly audit report       vulnerable_versions: '>=4.0.0 <4.0.6',
969 silly audit report       cwe: [Array],
969 silly audit report       cvss: [Object]
969 silly audit report     }
969 silly audit report   ],
969 silly audit report   glob: [
969 silly audit report     {
969 silly audit report       id: 1109842,
969 silly audit report       url: 'https://github.com/advisories/GHSA-5j98-mcp5-4vw2',
969 silly audit report       title: 'glob CLI: Command injection via -c/--cmd executes matches with shell:true',
969 silly audit report       severity: 'high',
969 silly audit report       vulnerable_versions: '>=10.2.0 <10.5.0',
969 silly audit report       cwe: [Array],
969 silly audit report       cvss: [Object]
969 silly audit report     }
969 silly audit report   ],
969 silly audit report   'js-cookie': [
969 silly audit report     {
969 silly audit report       id: 1120607,
969 silly audit report       url: 'https://github.com/advisories/GHSA-qjx8-664m-686j',
969 silly audit report       title: 'JavaScript Cookie: Per-instance prototype hijack in assign() enables cookie-attribute injection',
969 silly audit report       severity: 'high',
969 silly audit report       vulnerable_versions: '<=3.0.5',
969 silly audit report       cwe: [Array],
969 silly audit report       cvss: [Object]
969 silly audit report     }
969 silly audit report   ],
969 silly audit report   'js-yaml': [
969 silly audit report     {
969 silly audit report       id: 1112715,
969 silly audit report       url: 'https://github.com/advisories/GHSA-mh29-5h37-fv8m',
969 silly audit report       title: 'js-yaml has prototype pollution in merge (<<)',
969 silly audit report       severity: 'moderate',
969 silly audit report       vulnerable_versions: '>=4.0.0 <4.1.1',
969 silly audit report       cwe: [Array],
969 silly audit report       cvss: [Object]
969 silly audit report     },
969 silly audit report     {
969 silly audit report       id: 1121860,
969 silly audit report       url: 'https://github.com/advisories/GHSA-h67p-54hq-rp68',
969 silly audit report       title: 'JS-YAML: Quadratic-complexity DoS in merge key handling via repeated aliases',
969 silly audit report       severity: 'moderate',
969 silly audit report       vulnerable_versions: '>=4.0.0 <=4.1.1',
969 silly audit report       cwe: [Array],
969 silly audit report       cvss: [Object]
969 silly audit report     },
969 silly audit report     {
969 silly audit report       id: 1123911,
969 silly audit report       url: 'https://github.com/advisories/GHSA-52cp-r559-cp3m',
969 silly audit report       title: 'js-yaml: YAML merge-key chains can force quadratic CPU consumption',
969 silly audit report       severity: 'high',
969 silly audit report       vulnerable_versions: '>=4.0.0 <4.3.0',
969 silly audit report       cwe: [Array],
969 silly audit report       cvss: [Object]
969 silly audit report     }
969 silly audit report   ],
969 silly audit report   lodash: [
969 silly audit report     {
969 silly audit report       id: 1120370,
969 silly audit report       url: 'https://github.com/advisories/GHSA-xxjr-mmjv-4gpg',
969 silly audit report       title: 'Lodash has Prototype Pollution Vulnerability in `_.unset` and `_.omit` functions',
969 silly audit report       severity: 'moderate',
969 silly audit report       vulnerable_versions: '>=4.0.0 <=4.17.22',
969 silly audit report       cwe: [Array],
969 silly audit report       cvss: [Object]
969 silly audit report     },
969 silly audit report     {
969 silly audit report       id: 1115806,
969 silly audit report       url: 'https://github.com/advisories/GHSA-r5fr-rjxr-66jc',
969 silly audit report       title: 'lodash vulnerable to Code Injection via `_.template` imports key names',
969 silly audit report       severity: 'high',
969 silly audit report       vulnerable_versions: '>=4.0.0 <=4.17.23',
969 silly audit report       cwe: [Array],
969 silly audit report       cvss: [Object]
969 silly audit report     },
969 silly audit report     {
969 silly audit report       id: 1115810,
969 silly audit report       url: 'https://github.com/advisories/GHSA-f23m-r3pf-42rh',
969 silly audit report       title: 'lodash vulnerable to Prototype Pollution via array path bypass in `_.unset` and `_.omit`',
969 silly audit report       severity: 'moderate',
969 silly audit report       vulnerable_versions: '<=4.17.23',
969 silly audit report       cwe: [Array],
969 silly audit report       cvss: [Object]
969 silly audit report     }
969 silly audit report   ],
969 silly audit report   micromatch: [
969 silly audit report     {
969 silly audit report       id: 1098681,
969 silly audit report       url: 'https://github.com/advisories/GHSA-952p-6rrq-rcjv',
969 silly audit report       title: 'Regular Expression Denial of Service (ReDoS) in micromatch',
969 silly audit report       severity: 'moderate',
969 silly audit report       vulnerable_versions: '<4.0.8',
969 silly audit report       cwe: [Array],
969 silly audit report       cvss: [Object]
969 silly audit report     }
969 silly audit report   ],
969 silly audit report   nanoid: [
969 silly audit report     {
969 silly audit report       id: 1109563,
969 silly audit report       url: 'https://github.com/advisories/GHSA-mwcw-c2x4-8c55',
969 silly audit report       title: 'Predictable results in nanoid generation when given non-integer values',
969 silly audit report       severity: 'moderate',
969 silly audit report       vulnerable_versions: '<3.3.8',
969 silly audit report       cwe: [Array],
969 silly audit report       cvss: [Object]
969 silly audit report     }
969 silly audit report   ],
969 silly audit report   next: [
969 silly audit report     {
969 silly audit report       id: 1099638,
969 silly audit report       url: 'https://github.com/advisories/GHSA-gp8f-8m3g-qvj9',
969 silly audit report       title: 'Next.js Cache Poisoning',
969 silly audit report       severity: 'high',
969 silly audit report       vulnerable_versions: '>=14.0.0 <14.2.10',
969 silly audit report       cwe: [Array],
969 silly audit report       cvss: [Object]
969 silly audit report     },
969 silly audit report     {
969 silly audit report       id: 1100421,
969 silly audit report       url: 'https://github.com/advisories/GHSA-g77x-44xx-532m',
969 silly audit report       title: 'Denial of Service condition in Next.js image optimization',
969 silly audit report       severity: 'moderate',
969 silly audit report       vulnerable_versions: '>=10.0.0 <14.2.7',
969 silly audit report       cwe: [Array],
969 silly audit report       cvss: [Object]
969 silly audit report     },
969 silly audit report     {
969 silly audit report       id: 1117931,
969 silly audit report       url: 'https://github.com/advisories/GHSA-8h8q-6873-q5fj',
969 silly audit report       title: 'Next.js Vulnerable to Denial of Service with Server Components',
969 silly audit report       severity: 'high',
969 silly audit report       vulnerable_versions: '>=13.0.0 <15.5.16',
969 silly audit report       cwe: [Array],
969 silly audit report       cvss: [Object]
969 silly audit report     },
969 silly audit report     {
969 silly audit report       id: 1101438,
969 silly audit report       url: 'https://github.com/advisories/GHSA-7m27-7ghc-44w9',
969 silly audit report       title: 'Next.js Allows a Denial of Service (DoS) with Server Actions',
969 silly audit report       severity: 'moderate',
969 silly audit report       vulnerable_versions: '>=14.0.0 <14.2.21',
969 silly audit report       cwe: [Array],
969 silly audit report       cvss: [Object]
969 silly audit report     },
969 silly audit report     {
969 silly audit report       id: 1105461,
969 silly audit report       url: 'https://github.com/advisories/GHSA-3h52-269p-cp9r',
969 silly audit report       title: 'Information exposure in Next.js dev server due to lack of origin verification',
969 silly audit report       severity: 'low',
969 silly audit report       vulnerable_versions: '>=13.0 <14.2.30',
969 silly audit report       cwe: [Array],
969 silly audit report       cvss: [Object]
969 silly audit report     },
969 silly audit report     {
969 silly audit report       id: 1111391,
969 silly audit report       url: 'https://github.com/advisories/GHSA-mwv6-3258-q52c',
969 silly audit report       title: 'Next Vulnerable to Denial of Service with Server Components',
969 silly audit report       severity: 'high',
969 silly audit report       vulnerable_versions: '>=13.3.0 <14.2.34',
969 silly audit report       cwe: [Array],
969 silly audit report       cvss: [Object]
969 silly audit report     },
969 silly audit report     {
969 silly audit report       id: 1107226,
969 silly audit report       url: 'https://github.com/advisories/GHSA-g5qg-72qw-gw5v',
969 silly audit report       title: 'Next.js Affected by Cache Key Confusion for Image Optimization API Routes',
969 silly audit report       severity: 'moderate',
969 silly audit report       vulnerable_versions: '>=0.9.9 <14.2.31',
969 silly audit report       cwe: [Array],
969 silly audit report       cvss: [Object]
969 silly audit report     },
969 silly audit report     {
969 silly audit report       id: 1107420,
969 silly audit report       url: 'https://github.com/advisories/GHSA-7gfc-8cq8-jh5f',
969 silly audit report       title: 'Next.js authorization bypass vulnerability',
969 silly audit report       severity: 'high',
969 silly audit report       vulnerable_versions: '>=9.5.5 <14.2.15',
969 silly audit report       cwe: [Array],
969 silly audit report       cvss: [Object]
969 silly audit report     },
969 silly audit report     {
969 silly audit report       id: 1107512,
969 silly audit report       url: 'https://github.com/advisories/GHSA-4342-x723-ch2f',
969 silly audit report       title: 'Next.js Improper Middleware Redirect Handling Leads to SSRF',
969 silly audit report       severity: 'moderate',
969 silly audit report       vulnerable_versions: '>=0.9.9 <14.2.32',
969 silly audit report       cwe: [Array],
969 silly audit report       cvss: [Object]
969 silly audit report     },
969 silly audit report     {
969 silly audit report       id: 1107513,
969 silly audit report       url: 'https://github.com/advisories/GHSA-xv57-4mr9-wg8v',
969 silly audit report       title: 'Next.js Content Injection Vulnerability for Image Optimization',
969 silly audit report       severity: 'moderate',
969 silly audit report       vulnerable_versions: '>=0.9.9 <14.2.31',
969 silly audit report       cwe: [Array],
969 silly audit report       cvss: [Object]
969 silly audit report     },
969 silly audit report     {
969 silly audit report       id: 1112182,
969 silly audit report       url: 'https://github.com/advisories/GHSA-5j59-xgg2-r9c4',
969 silly audit report       title: 'Next has a Denial of Service with Server Components - Incomplete Fix Follow-Up',
969 silly audit report       severity: 'high',
969 silly audit report       vulnerable_versions: '>=13.3.1-canary.0 <14.2.35',
969 silly audit report       cwe: [Array],
969 silly audit report       cvss: [Object]
969 silly audit report     },
969 silly audit report     {
969 silly audit report       id: 1108291,
969 silly audit report       url: 'https://github.com/advisories/GHSA-qpjv-v59x-3qc4',
969 silly audit report       title: 'Next.js Race Condition to Cache Poisoning',
969 silly audit report       severity: 'low',
969 silly audit report       vulnerable_versions: '>=0.9.9 <14.2.24',
969 silly audit report       cwe: [Array],
969 silly audit report       cvss: [Object]
969 silly audit report     },
969 silly audit report     {
969 silly audit report       id: 1118942,
969 silly audit report       url: 'https://github.com/advisories/GHSA-3g8h-86w9-wvmq',
969 silly audit report       title: "Next.js's Middleware / Proxy redirects can be cache-poisoned",
969 silly audit report       severity: 'low',
969 silly audit report       vulnerable_versions: '>=12.2.0 <15.5.16',
969 silly audit report       cwe: [Array],
969 silly audit report       cvss: [Object]
969 silly audit report     },
969 silly audit report     {
969 silly audit report       id: 1118944,
969 silly audit report       url: 'https://github.com/advisories/GHSA-ffhc-5mcf-pf4q',
969 silly audit report       title: 'Next.js vulnerable to cross-site scripting in App Router applications using CSP nonces',
969 silly audit report       severity: 'moderate',
969 silly audit report       vulnerable_versions: '>=13.4.0 <15.5.16',
969 silly audit report       cwe: [Array],
969 silly audit report       cvss: [Object]
969 silly audit report     },
969 silly audit report     {
969 silly audit report       id: 1118946,
969 silly audit report       url: 'https://github.com/advisories/GHSA-vfv6-92ff-j949',
969 silly audit report       title: 'Next.js vulnerable to cache poisoning via collisions in React Server Component cache-busting',
969 silly audit report       severity: 'low',
969 silly audit report       vulnerable_versions: '>=13.4.6 <15.5.16',
969 silly audit report       cwe: [Array],
969 silly audit report       cvss: [Object]
969 silly audit report     },
969 silly audit report     {
969 silly audit report       id: 1118948,
969 silly audit report       url: 'https://github.com/advisories/GHSA-gx5p-jg67-6x7h',
969 silly audit report       title: 'Next.js has cross-site scripting in beforeInteractive scripts with untrusted input',
969 silly audit report       severity: 'moderate',
969 silly audit report       vulnerable_versions: '>=13.0.0 <15.5.16',
969 silly audit report       cwe: [Array],
969 silly audit report       cvss: [Object]
969 silly audit report     },
969 silly audit report     {
969 silly audit report       id: 1118952,
969 silly audit report       url: 'https://github.com/advisories/GHSA-h64f-5h5j-jqjh',
969 silly audit report       title: 'Next.js has a Denial of Service in the Image Optimization API',
969 silly audit report       severity: 'moderate',
969 silly audit report       vulnerable_versions: '>=10.0.0 <15.5.16',
969 silly audit report       cwe: [Array],
969 silly audit report       cvss: [Object]
969 silly audit report     },
969 silly audit report     {
969 silly audit report       id: 1118954,
969 silly audit report       url: 'https://github.com/advisories/GHSA-c4j6-fc7j-m34r',
969 silly audit report       title: 'Next.js vulnerable to server-side request forgery in applications using WebSocket upgrades',
969 silly audit report       severity: 'high',
969 silly audit report       vulnerable_versions: '>=13.4.13 <15.5.16',
969 silly audit report       cwe: [Array],
969 silly audit report       cvss: [Object]
969 silly audit report     },
969 silly audit report     {
969 silly audit report       id: 1118958,
969 silly audit report       url: 'https://github.com/advisories/GHSA-wfc6-r584-vfw7',
969 silly audit report       title: 'Next.js vulnerable to cache poisoning in React Server Component responses',
969 silly audit report       severity: 'moderate',
969 silly audit report       vulnerable_versions: '>=14.2.0 <15.5.16',
969 silly audit report       cwe: [Array],
969 silly audit report       cvss: [Object]
969 silly audit report     },
969 silly audit report     {
969 silly audit report       id: 1118962,
969 silly audit report       url: 'https://github.com/advisories/GHSA-36qx-fr4f-26g5',
969 silly audit report       title: 'Next.js has a Middleware / Proxy bypass in Pages Router applications using i18n',
969 silly audit report       severity: 'high',
969 silly audit report       vulnerable_versions: '>=12.2.0 <15.5.16',
969 silly audit report       cwe: [Array],
969 silly audit report       cvss: [Object]
969 silly audit report     },
969 silly audit report     {
969 silly audit report       id: 1112593,
969 silly audit report       url: 'https://github.com/advisories/GHSA-9g9p-9gw9-jx7f',
969 silly audit report       title: 'Next.js self-hosted applications vulnerable to DoS via Image Optimizer remotePatterns configuration',
969 silly audit report       severity: 'moderate',
969 silly audit report       vulnerable_versions: '>=10.0.0 <15.5.10',
969 silly audit report       cwe: [Array],
969 silly audit report       cvss: [Object]
969 silly audit report     },
969 silly audit report     {
969 silly audit report       id: 1112653,
969 silly audit report       url: 'https://github.com/advisories/GHSA-h25m-26qc-wcjf',
969 silly audit report       title: 'Next.js HTTP request deserialization can lead to DoS when using insecure React Server Components',
969 silly audit report       severity: 'high',
969 silly audit report       vulnerable_versions: '>=13.0.0 <15.0.8',
969 silly audit report       cwe: [Array],
969 silly audit report       cvss: [Object]
969 silly audit report     },
969 silly audit report     {
969 silly audit report       id: 1113689,
969 silly audit report       url: 'https://github.com/advisories/GHSA-f82v-jwr5-mffw',
969 silly audit report       title: 'Authorization Bypass in Next.js Middleware',
969 silly audit report       severity: 'critical',
969 silly audit report       vulnerable_versions: '>=14.0.0 <14.2.25',
969 silly audit report       cwe: [Array],
969 silly audit report       cvss: [Object]
969 silly audit report     },
969 silly audit report     {
969 silly audit report       id: 1114897,
969 silly audit report       url: 'https://github.com/advisories/GHSA-ggv3-7p47-pfv8',
969 silly audit report       title: 'Next.js: HTTP request smuggling in rewrites',
969 silly audit report       severity: 'moderate',
969 silly audit report       vulnerable_versions: '>=9.5.0 <15.5.13',
969 silly audit report       cwe: [Array],
969 silly audit report       cvss: [Object]
969 silly audit report     },
969 silly audit report     {
969 silly audit report       id: 1114940,
969 silly audit report       url: 'https://github.com/advisories/GHSA-3x4c-7xq6-9pq8',
969 silly audit report       title: 'Next.js: Unbounded next/image disk cache growth can exhaust storage',
969 silly audit report       severity: 'moderate',
969 silly audit report       vulnerable_versions: '>=10.0.0 <15.5.14',
969 silly audit report       cwe: [Array],
969 silly audit report       cvss: [Object]
969 silly audit report     },
969 silly audit report     {
969 silly audit report       id: 1116376,
969 silly audit report       url: 'https://github.com/advisories/GHSA-q4gf-8mx6-v5v3',
969 silly audit report       title: 'Next.js has a Denial of Service with Server Components',
969 silly audit report       severity: 'high',
969 silly audit report       vulnerable_versions: '>=13.0.0 <15.5.15',
969 silly audit report       cwe: [Array],
969 silly audit report       cvss: [Object]
969 silly audit report     },
969 silly audit report     {
969 silly audit report       id: 1124185,
969 silly audit report       url: 'https://github.com/advisories/GHSA-89xv-2m56-2m9x',
969 silly audit report       title: 'Next.js: Server-Side Request Forgery in Server Actions on custom servers',
969 silly audit report       severity: 'high',
969 silly audit report       vulnerable_versions: '>=14.1.1 <15.5.21',
969 silly audit report       cwe: [Array],
969 silly audit report       cvss: [Object]
969 silly audit report     },
969 silly audit report     {
969 silly audit report       id: 1124172,
969 silly audit report       url: 'https://github.com/advisories/GHSA-m99w-x7hq-7vfj',
969 silly audit report       title: 'Next.js: Denial of Service in App Router using Server Actions',
969 silly audit report       severity: 'high',
969 silly audit report       vulnerable_versions: '>=13.0.0 <15.5.21',
969 silly audit report       cwe: [Array],
969 silly audit report       cvss: [Object]
969 silly audit report     },
969 silly audit report     {
969 silly audit report       id: 1124187,
969 silly audit report       url: 'https://github.com/advisories/GHSA-68g3-v927-f742',
969 silly audit report       title: 'Next.js: Cache confusion of response bodies for requests with bodies',
969 silly audit report       severity: 'moderate',
969 silly audit report       vulnerable_versions: '>=13.0.0 <15.5.21',
969 silly audit report       cwe: [Array],
969 silly audit report       cvss: [Object]
969 silly audit report     },
969 silly audit report     {
969 silly audit report       id: 1124189,
969 silly audit report       url: 'https://github.com/advisories/GHSA-4633-3j49-mh5q',
969 silly audit report       title: 'Next.js: Cache confusion of response bodies for requests with bodies containing invalid UTF-8 byte sequences',
969 silly audit report       severity: 'moderate',
969 silly audit report       vulnerable_versions: '>=13.0.0 <15.5.21',
969 silly audit report       cwe: [Array],
969 silly audit report       cvss: [Object]
969 silly audit report     },
969 silly audit report     {
969 silly audit report       id: 1124191,
969 silly audit report       url: 'https://github.com/advisories/GHSA-4c39-4ccg-62r3',
969 silly audit report       title: 'Next.js: Unbounded Server Action payload in Edge runtime',
969 silly audit report       severity: 'moderate',
969 silly audit report       vulnerable_versions: '>=13.0.0 <15.5.21',
969 silly audit report       cwe: [Array],
969 silly audit report       cvss: [Object]
969 silly audit report     },
969 silly audit report     {
969 silly audit report       id: 1124193,
969 silly audit report       url: 'https://github.com/advisories/GHSA-p9j2-gv94-2wf4',
969 silly audit report       title: 'Next.js: Server-Side Request Forgery in rewrites via attacker-controlled destination hostname',
969 silly audit report       severity: 'high',
969 silly audit report       vulnerable_versions: '>=12.0.0 <15.5.21',
969 silly audit report       cwe: [Array],
969 silly audit report       cvss: [Object]
969 silly audit report     },
969 silly audit report     {
969 silly audit report       id: 1124197,
969 silly audit report       url: 'https://github.com/advisories/GHSA-955p-x3mx-jcvp',
969 silly audit report       title: 'Next.js: Unauthenticated disclosure of internal Server Function endpoints',
969 silly audit report       severity: 'moderate',
969 silly audit report       vulnerable_versions: '>=13.0.0 <15.5.21',
969 silly audit report       cwe: [Array],
969 silly audit report       cvss: [Object]
969 silly audit report     }
969 silly audit report   ],
969 silly audit report   postcss: [
969 silly audit report     {
969 silly audit report       id: 1117015,
969 silly audit report       url: 'https://github.com/advisories/GHSA-qx2v-qp2m-jg93',
969 silly audit report       title: 'PostCSS has XSS via Unescaped </style> in its CSS Stringify Output',
969 silly audit report       severity: 'moderate',
969 silly audit report       vulnerable_versions: '<8.5.10',
969 silly audit report       cwe: [Array],
969 silly audit report       cvss: [Object]
969 silly audit report     },
969 silly audit report     {
969 silly audit report       id: 1124252,
969 silly audit report       url: 'https://github.com/advisories/GHSA-6g55-p6wh-862q',
969 silly audit report       title: 'PostCSS: Arbitrary file read and information disclosure via attacker-controlled sourceMappingURL in CSS comments',
969 silly audit report       severity: 'high',
969 silly audit report       vulnerable_versions: '<=8.5.11',
969 silly audit report       cwe: [Array],
969 silly audit report       cvss: [Object]
969 silly audit report     },
969 silly audit report     {
969 silly audit report       id: 1124288,
969 silly audit report       url: 'https://github.com/advisories/GHSA-r28c-9q8g-f849',
969 silly audit report       title: 'PostCSS: Path Traversal in Previous Source Map Auto-Loading (sourceMappingURL) leads to Arbitrary .map File Disclosure',
969 silly audit report       severity: 'high',
969 silly audit report       vulnerable_versions: '<=8.5.17',
969 silly audit report       cwe: [Array],
969 silly audit report       cvss: [Object]
969 silly audit report     }
969 silly audit report   ],
969 silly audit report   'path-to-regexp': [
969 silly audit report     {
969 silly audit report       id: 1101846,
969 silly audit report       url: 'https://github.com/advisories/GHSA-9wv6-86v2-598j',
969 silly audit report       title: 'path-to-regexp outputs backtracking regular expressions',
969 silly audit report       severity: 'high',
969 silly audit report       vulnerable_versions: '>=4.0.0 <6.3.0',
969 silly audit report       cwe: [Array],
969 silly audit report       cvss: [Object]
969 silly audit report     }
969 silly audit report   ],
969 silly audit report   picomatch: [
969 silly audit report     {
969 silly audit report       id: 1115549,
969 silly audit report       url: 'https://github.com/advisories/GHSA-3v7f-55p6-f55p',
969 silly audit report       title: 'Picomatch: Method Injection in POSIX Character Classes causes incorrect Glob Matching',
969 silly audit report       severity: 'moderate',
969 silly audit report       vulnerable_versions: '<2.3.2',
969 silly audit report       cwe: [Array],
969 silly audit report       cvss: [Object]
969 silly audit report     },
969 silly audit report     {
969 silly audit report       id: 1115552,
969 silly audit report       url: 'https://github.com/advisories/GHSA-c2c7-rcm5-vvqj',
969 silly audit report       title: 'Picomatch has a ReDoS vulnerability via extglob quantifiers',
969 silly audit report       severity: 'high',
969 silly audit report       vulnerable_versions: '<2.3.2',
969 silly audit report       cwe: [Array],
969 silly audit report       cvss: [Object]
969 silly audit report     }
969 silly audit report   ],
969 silly audit report   yaml: [
969 silly audit report     {
969 silly audit report       id: 1115556,
969 silly audit report       url: 'https://github.com/advisories/GHSA-48c2-rrv3-qjmp',
969 silly audit report       title: 'yaml is vulnerable to Stack Overflow via deeply nested YAML collections',
969 silly audit report       severity: 'moderate',
969 silly audit report       vulnerable_versions: '>=2.0.0 <2.8.3',
969 silly audit report       cwe: [Array],
969 silly audit report       cvss: [Object]
969 silly audit report     }
969 silly audit report   ]
969 silly audit report }
970 silly packumentCache corgi:https://registry.npmjs.org/@clerk%2fnextjs cache-miss
971 silly packumentCache corgi:https://registry.npmjs.org/brace-expansion cache-miss
972 silly packumentCache corgi:https://registry.npmjs.org/minimatch cache-miss
973 silly packumentCache corgi:https://registry.npmjs.org/ajv cache-miss
974 silly packumentCache corgi:https://registry.npmjs.org/axios cache-miss
975 silly packumentCache corgi:https://registry.npmjs.org/cloudinary cache-miss
976 silly packumentCache corgi:https://registry.npmjs.org/cookie cache-miss
977 silly packumentCache corgi:https://registry.npmjs.org/diff cache-miss
978 silly packumentCache corgi:https://registry.npmjs.org/flatted cache-miss
979 silly packumentCache corgi:https://registry.npmjs.org/follow-redirects cache-miss
980 silly packumentCache corgi:https://registry.npmjs.org/form-data cache-miss
981 silly packumentCache corgi:https://registry.npmjs.org/glob cache-miss
982 silly packumentCache corgi:https://registry.npmjs.org/js-cookie cache-miss
983 silly packumentCache corgi:https://registry.npmjs.org/js-yaml cache-miss
984 silly packumentCache corgi:https://registry.npmjs.org/lodash cache-miss
985 silly packumentCache corgi:https://registry.npmjs.org/micromatch cache-miss
986 silly packumentCache corgi:https://registry.npmjs.org/nanoid cache-miss
987 silly packumentCache corgi:https://registry.npmjs.org/next cache-miss
988 silly packumentCache corgi:https://registry.npmjs.org/postcss cache-miss
989 silly packumentCache corgi:https://registry.npmjs.org/path-to-regexp cache-miss
990 silly packumentCache corgi:https://registry.npmjs.org/picomatch cache-miss
991 silly packumentCache corgi:https://registry.npmjs.org/yaml cache-miss
992 http fetch GET 200 https://registry.npmjs.org/require-from-string/-/require-from-string-2.0.2.tgz 814ms (cache miss)
993 http fetch GET 200 https://registry.npmjs.org/graphmatch/-/graphmatch-1.1.1.tgz 812ms (cache miss)
994 http fetch GET 200 https://registry.npmjs.org/retry/-/retry-0.12.0.tgz 810ms (cache miss)
995 http fetch GET 200 https://registry.npmjs.org/@radix-ui/primitive/-/primitive-1.1.3.tgz 817ms (cache miss)
996 http fetch GET 200 https://registry.npmjs.org/@radix-ui/react-slot/-/react-slot-1.2.3.tgz 823ms (cache miss)
997 http fetch GET 200 https://registry.npmjs.org/@radix-ui/react-compose-refs/-/react-compose-refs-1.1.2.tgz 847ms (cache miss)
998 http fetch GET 200 https://registry.npmjs.org/@radix-ui/react-use-layout-effect/-/react-use-layout-effect-1.1.1.tgz 845ms (cache miss)
999 http fetch GET 200 https://registry.npmjs.org/is-property/-/is-property-1.0.2.tgz 837ms (cache miss)
1000 http fetch GET 200 https://registry.npmjs.org/lru.min/-/lru.min-1.1.4.tgz 835ms (cache miss)
1001 http fetch GET 200 https://registry.npmjs.org/seq-queue/-/seq-queue-0.0.5.tgz 835ms (cache miss)
1002 http fetch GET 200 https://registry.npmjs.org/sqlstring/-/sqlstring-2.3.3.tgz 838ms (cache miss)
1003 http fetch GET 200 https://registry.npmjs.org/denque/-/denque-2.1.0.tgz 850ms (cache miss)
1004 http fetch GET 200 https://registry.npmjs.org/generate-function/-/generate-function-2.3.1.tgz 852ms (cache miss)
1005 http fetch GET 200 https://registry.npmjs.org/fast-decode-uri-component/-/fast-decode-uri-component-1.0.1.tgz 851ms (cache miss)
1006 http fetch GET 200 https://registry.npmjs.org/safe-regex2/-/safe-regex2-5.1.1.tgz 850ms (cache miss)
1007 http fetch GET 200 https://registry.npmjs.org/fast-querystring/-/fast-querystring-1.1.2.tgz 850ms (cache miss)
1008 http fetch GET 200 https://registry.npmjs.org/named-placeholders/-/named-placeholders-1.1.6.tgz 880ms (cache miss)
1009 http fetch GET 200 https://registry.npmjs.org/delaunator/-/delaunator-5.1.0.tgz 867ms (cache miss)
1010 http fetch GET 200 https://registry.npmjs.org/@standard-schema/spec/-/spec-1.1.0.tgz 873ms (cache miss)
1011 http fetch GET 200 https://registry.npmjs.org/ohash/-/ohash-2.0.11.tgz 868ms (cache miss)
1012 http fetch GET 200 https://registry.npmjs.org/perfect-debounce/-/perfect-debounce-2.1.0.tgz 881ms (cache miss)
1013 http fetch GET 200 https://registry.npmjs.org/exsolve/-/exsolve-1.1.1.tgz 881ms (cache miss)
1014 http fetch GET 200 https://registry.npmjs.org/@types/geojson/-/geojson-7946.0.16.tgz 881ms (cache miss)
1015 http fetch GET 200 https://registry.npmjs.org/internmap/-/internmap-2.0.3.tgz 879ms (cache miss)
1016 http fetch GET 200 https://registry.npmjs.org/defu/-/defu-6.1.7.tgz 885ms (cache miss)
1017 http fetch GET 200 https://registry.npmjs.org/d3-path/-/d3-path-3.1.0.tgz 892ms (cache miss)
1018 http fetch GET 200 https://registry.npmjs.org/d3-format/-/d3-format-3.1.0.tgz 891ms (cache miss)
1019 http cache https://registry.npmjs.org/brace-expansion 579ms (cache hit)
1020 silly packumentCache corgi:https://registry.npmjs.org/brace-expansion set size:34964 disposed:false
1021 http cache https://registry.npmjs.org/ajv 581ms (cache hit)
1022 silly packumentCache corgi:https://registry.npmjs.org/ajv set size:467559 disposed:false
1023 http cache https://registry.npmjs.org/minimatch 592ms (cache hit)
1024 silly packumentCache corgi:https://registry.npmjs.org/minimatch set size:169442 disposed:false
1025 http cache https://registry.npmjs.org/flatted 586ms (cache hit)
1026 silly packumentCache corgi:https://registry.npmjs.org/flatted set size:59752 disposed:false
1027 http cache https://registry.npmjs.org/axios 596ms (cache hit)
1028 silly packumentCache corgi:https://registry.npmjs.org/axios set size:299759 disposed:false
1029 http cache https://registry.npmjs.org/diff 611ms (cache hit)
1030 silly packumentCache corgi:https://registry.npmjs.org/diff set size:67741 disposed:false
1031 http cache https://registry.npmjs.org/cookie 614ms (cache hit)
1032 silly packumentCache corgi:https://registry.npmjs.org/cookie set size:25657 disposed:false
1033 http cache https://registry.npmjs.org/cloudinary 617ms (cache hit)
1034 silly packumentCache corgi:https://registry.npmjs.org/cloudinary set size:158064 disposed:false
1035 http cache https://registry.npmjs.org/follow-redirects 617ms (cache hit)
1036 silly packumentCache corgi:https://registry.npmjs.org/follow-redirects set size:88479 disposed:false
1037 http cache https://registry.npmjs.org/form-data 618ms (cache hit)
1038 silly packumentCache corgi:https://registry.npmjs.org/form-data set size:55002 disposed:false
1039 http cache https://registry.npmjs.org/js-cookie 618ms (cache hit)
1040 silly packumentCache corgi:https://registry.npmjs.org/js-cookie set size:53502 disposed:false
1041 http cache https://registry.npmjs.org/js-yaml 619ms (cache hit)
1042 silly packumentCache corgi:https://registry.npmjs.org/js-yaml set size:70542 disposed:false
1043 http cache https://registry.npmjs.org/lodash 621ms (cache hit)
1044 silly packumentCache corgi:https://registry.npmjs.org/lodash set size:69555 disposed:false
1045 http cache https://registry.npmjs.org/glob 626ms (cache hit)
1046 silly packumentCache corgi:https://registry.npmjs.org/glob set size:199194 disposed:false
1047 http cache https://registry.npmjs.org/yaml 619ms (cache hit)
1048 silly packumentCache corgi:https://registry.npmjs.org/yaml set size:163878 disposed:false
1049 http cache https://registry.npmjs.org/path-to-regexp 623ms (cache hit)
1050 silly packumentCache corgi:https://registry.npmjs.org/path-to-regexp set size:66575 disposed:false
1051 http cache https://registry.npmjs.org/nanoid 629ms (cache hit)
1052 silly packumentCache corgi:https://registry.npmjs.org/nanoid set size:157603 disposed:false
1053 http cache https://registry.npmjs.org/picomatch 626ms (cache hit)
1054 silly packumentCache corgi:https://registry.npmjs.org/picomatch set size:45123 disposed:false
1055 http cache https://registry.npmjs.org/postcss 630ms (cache hit)
1056 silly packumentCache corgi:https://registry.npmjs.org/postcss set size:354683 disposed:false
1057 http cache https://registry.npmjs.org/micromatch 644ms (cache hit)
1058 silly packumentCache corgi:https://registry.npmjs.org/micromatch set size:71776 disposed:false
1059 http cache https://registry.npmjs.org/@clerk%2fnextjs 691ms (cache hit)
1060 silly packumentCache corgi:https://registry.npmjs.org/@clerk%2fnextjs set size:8246203 disposed:false
1061 http fetch GET 200 https://registry.npmjs.org/@types/d3-time/-/d3-time-3.0.0.tgz 1237ms (cache miss)
1062 http fetch GET 200 https://registry.npmjs.org/@types/d3-time-format/-/d3-time-format-2.1.0.tgz 1241ms (cache miss)
1063 http fetch GET 200 https://registry.npmjs.org/@types/d3-delaunay/-/d3-delaunay-6.0.1.tgz 1232ms (cache miss)
1064 http fetch GET 200 https://registry.npmjs.org/@types/d3-format/-/d3-format-3.0.1.tgz 1235ms (cache miss)
1065 http cache https://registry.npmjs.org/next 979ms (cache hit)
1066 silly packumentCache corgi:https://registry.npmjs.org/next set size:25415748 disposed:false
1067 http fetch GET 200 https://registry.npmjs.org/classnames/-/classnames-2.5.1.tgz 4160ms (cache miss)
1068 http fetch GET 200 https://registry.npmjs.org/@types/d3-color/-/d3-color-3.1.0.tgz 4160ms (cache miss)
1069 http fetch GET 200 https://registry.npmjs.org/@types/d3-interpolate/-/d3-interpolate-3.0.1.tgz 4159ms (cache miss)
1070 http fetch GET 200 https://registry.npmjs.org/@types/d3-path/-/d3-path-3.1.1.tgz 4219ms (cache miss)
1071 http fetch GET 200 https://registry.npmjs.org/env-paths/-/env-paths-3.0.0.tgz 4241ms (cache miss)
1072 http fetch GET 200 https://registry.npmjs.org/@types/d3-array/-/d3-array-3.0.3.tgz 4281ms (cache miss)
1073 http fetch GET 200 https://registry.npmjs.org/@types/d3-geo/-/d3-geo-3.1.0.tgz 4286ms (cache miss)
1074 http fetch GET 200 https://registry.npmjs.org/@visx/group/-/group-4.0.1-alpha.0.tgz 4273ms (cache miss)
1075 http fetch GET 200 https://registry.npmjs.org/@visx/event/-/event-4.0.1-alpha.0.tgz 4294ms (cache miss)
1076 http fetch GET 200 https://registry.npmjs.org/pkg-types/-/pkg-types-2.3.1.tgz 4342ms (cache miss)
1077 http fetch GET 200 https://registry.npmjs.org/get-port-please/-/get-port-please-3.2.0.tgz 4302ms (cache miss)
1078 http fetch GET 200 https://registry.npmjs.org/pathe/-/pathe-2.0.3.tgz 4304ms (cache miss)
1079 http fetch GET 200 https://registry.npmjs.org/@types/d3-shape/-/d3-shape-3.1.7.tgz 4335ms (cache miss)
1080 http fetch GET 200 https://registry.npmjs.org/@types/d3-scale/-/d3-scale-4.0.2.tgz 4335ms (cache miss)
1081 http fetch GET 200 https://registry.npmjs.org/safer-buffer/-/safer-buffer-2.1.2.tgz 4387ms (cache miss)
1082 http fetch GET 200 https://registry.npmjs.org/proper-lockfile/-/proper-lockfile-4.1.2.tgz 4370ms (cache miss)
1083 http fetch GET 200 https://registry.npmjs.org/@visx/curve/-/curve-4.0.1-alpha.0.tgz 4417ms (cache miss)
1084 http fetch GET 200 https://registry.npmjs.org/@visx/responsive/-/responsive-4.0.1-alpha.0.tgz 4420ms (cache miss)
1085 http fetch GET 200 https://registry.npmjs.org/empathic/-/empathic-2.0.0.tgz 4402ms (cache miss)
1086 http fetch GET 200 https://registry.npmjs.org/@visx/point/-/point-4.0.1-alpha.0.tgz 4428ms (cache miss)
1087 http fetch GET 200 https://registry.npmjs.org/c12/-/c12-3.3.4.tgz 4413ms (cache miss)
1088 http fetch GET 200 https://registry.npmjs.org/rc9/-/rc9-3.0.1.tgz 4472ms (cache miss)
1089 http fetch GET 200 https://registry.npmjs.org/cross-spawn/-/cross-spawn-7.0.6.tgz 4417ms (cache miss)
1090 silly packumentCache corgi:https://registry.npmjs.org/@eslint%2feslintrc cache-miss
1091 silly packumentCache corgi:https://registry.npmjs.org/@humanwhocodes%2fconfig-array cache-miss
1092 silly packumentCache corgi:https://registry.npmjs.org/eslint cache-miss
1093 silly packumentCache corgi:https://registry.npmjs.org/eslint-plugin-import cache-miss
1094 silly packumentCache corgi:https://registry.npmjs.org/eslint-plugin-jsx-a11y cache-miss
1095 silly packumentCache corgi:https://registry.npmjs.org/eslint-plugin-react cache-miss
1096 http fetch GET 200 https://registry.npmjs.org/std-env/-/std-env-3.10.0.tgz 4427ms (cache miss)
1097 http fetch GET 200 https://registry.npmjs.org/destr/-/destr-2.0.5.tgz 4543ms (cache miss)
1098 http fetch GET 200 https://registry.npmjs.org/grammex/-/grammex-3.1.13.tgz 4547ms (cache miss)
1099 http fetch GET 200 https://registry.npmjs.org/signal-exit/-/signal-exit-3.0.7.tgz 4472ms (cache miss)
1100 http fetch GET 200 https://registry.npmjs.org/@prisma/config/-/config-7.9.1.tgz 4483ms (cache miss)
1101 http fetch GET 200 https://registry.npmjs.org/@radix-ui/react-use-controllable-state/-/react-use-controllable-state-1.2.2.tgz 4567ms (cache miss)
1102 http fetch GET 200 https://registry.npmjs.org/@prisma/engines-version/-/engines-version-7.9.0-1.e922089b7d7502aff4249d5da3420f6fa55fc6ad.tgz 4499ms (cache miss)
1103 http fetch GET 200 https://registry.npmjs.org/json-schema-traverse/-/json-schema-traverse-1.0.0.tgz 4513ms (cache miss)
1104 http fetch GET 200 https://registry.npmjs.org/better-result/-/better-result-2.10.0.tgz 4562ms (cache miss)
1105 http fetch GET 200 https://registry.npmjs.org/@radix-ui/react-use-effect-event/-/react-use-effect-event-0.0.2.tgz 4639ms (cache miss)
1106 http cache https://registry.npmjs.org/@eslint%2feslintrc 135ms (cache hit)
1107 silly packumentCache corgi:https://registry.npmjs.org/@eslint%2feslintrc set size:84432 disposed:false
1108 http cache https://registry.npmjs.org/@humanwhocodes%2fconfig-array 137ms (cache hit)
1109 silly packumentCache corgi:https://registry.npmjs.org/@humanwhocodes%2fconfig-array set size:69299 disposed:false
1110 http cache https://registry.npmjs.org/eslint-plugin-import 138ms (cache hit)
1111 silly packumentCache corgi:https://registry.npmjs.org/eslint-plugin-import set size:238396 disposed:false
1112 http cache https://registry.npmjs.org/eslint 146ms (cache hit)
1113 silly packumentCache corgi:https://registry.npmjs.org/eslint set size:1175599 disposed:false
1114 http cache https://registry.npmjs.org/eslint-plugin-jsx-a11y 162ms (cache hit)
1115 silly packumentCache corgi:https://registry.npmjs.org/eslint-plugin-jsx-a11y set size:108835 disposed:false
1116 http cache https://registry.npmjs.org/eslint-plugin-react 165ms (cache hit)
1117 silly packumentCache corgi:https://registry.npmjs.org/eslint-plugin-react set size:309843 disposed:false
1118 silly packumentCache corgi:https://registry.npmjs.org/@typescript-eslint%2ftypescript-estree cache-miss
1119 http fetch GET 200 https://registry.npmjs.org/long/-/long-5.3.2.tgz 4663ms (cache miss)
1120 http fetch GET 200 https://registry.npmjs.org/readdirp/-/readdirp-5.0.0.tgz 4598ms (cache miss)
1121 http fetch GET 200 https://registry.npmjs.org/d3-delaunay/-/d3-delaunay-6.0.2.tgz 4666ms (cache miss)
1122 http fetch GET 200 https://registry.npmjs.org/d3-color/-/d3-color-3.1.0.tgz 4687ms (cache miss)
1123 http fetch GET 200 https://registry.npmjs.org/deepmerge-ts/-/deepmerge-ts-7.1.5.tgz 4658ms (cache miss)
1124 http fetch GET 200 https://registry.npmjs.org/@radix-ui/react-primitive/-/react-primitive-2.1.3.tgz 4680ms (cache miss)
1125 http cache https://registry.npmjs.org/@typescript-eslint%2ftypescript-estree 126ms (cache hit)
1126 silly packumentCache corgi:https://registry.npmjs.org/@typescript-eslint%2ftypescript-estree set size:8858558 disposed:false
1127 silly packumentCache corgi:https://registry.npmjs.org/@clerk%2fbackend cache-miss
1128 http fetch GET 200 https://registry.npmjs.org/aws-ssl-profiles/-/aws-ssl-profiles-1.1.2.tgz 5123ms (cache miss)
1129 http fetch GET 200 https://registry.npmjs.org/@radix-ui/react-toggle/-/react-toggle-1.1.10.tgz 5057ms (cache miss)
1130 http fetch GET 200 https://registry.npmjs.org/chokidar/-/chokidar-5.0.0.tgz 5063ms (cache miss)
1131 http fetch GET 200 https://registry.npmjs.org/d3-time/-/d3-time-3.1.0.tgz 5135ms (cache miss)
1132 http cache https://registry.npmjs.org/@clerk%2fbackend 89ms (cache hit)
1133 silly packumentCache corgi:https://registry.npmjs.org/@clerk%2fbackend set size:6707578 disposed:false
1134 silly packumentCache corgi:https://registry.npmjs.org/ts-node cache-miss
1135 http fetch GET 200 https://registry.npmjs.org/giget/-/giget-3.3.1.tgz 5381ms (cache miss)
1136 http cache https://registry.npmjs.org/ts-node 90ms (cache hit)
1137 silly packumentCache corgi:https://registry.npmjs.org/ts-node set size:206364 disposed:false
1138 silly packumentCache corgi:https://registry.npmjs.org/flat-cache cache-miss
1139 http fetch GET 200 https://registry.npmjs.org/robust-predicates/-/robust-predicates-3.0.3.tgz 5480ms (cache miss)
1140 http fetch GET 200 https://registry.npmjs.org/@prisma/engines/-/engines-7.9.1.tgz 5491ms (cache miss)
1141 http cache https://registry.npmjs.org/flat-cache 98ms (cache hit)
1142 silly packumentCache corgi:https://registry.npmjs.org/flat-cache set size:51091 disposed:false
1143 http fetch GET 200 https://registry.npmjs.org/@prisma/debug/-/debug-7.2.0.tgz 5498ms (cache miss)
1144 silly packumentCache corgi:https://registry.npmjs.org/@next%2feslint-plugin-next cache-miss
1145 silly packumentCache corgi:https://registry.npmjs.org/sucrase cache-miss
1146 http fetch GET 200 https://registry.npmjs.org/zeptomatch/-/zeptomatch-2.1.0.tgz 5635ms (cache miss)
1147 http fetch GET 200 https://registry.npmjs.org/valibot/-/valibot-1.4.2.tgz 5636ms (cache miss)
1148 http cache https://registry.npmjs.org/sucrase 69ms (cache hit)
1149 silly packumentCache corgi:https://registry.npmjs.org/sucrase set size:163085 disposed:false
1150 http fetch GET 200 https://registry.npmjs.org/d3-scale/-/d3-scale-4.0.2.tgz 5696ms (cache miss)
1151 http cache https://registry.npmjs.org/@next%2feslint-plugin-next 84ms (cache hit)
1152 silly packumentCache corgi:https://registry.npmjs.org/@next%2feslint-plugin-next set size:3314347 disposed:false
1153 silly packumentCache corgi:https://registry.npmjs.org/@clerk%2fshared cache-miss
1154 http fetch GET 200 https://registry.npmjs.org/d3-interpolate/-/d3-interpolate-3.0.1.tgz 5792ms (cache miss)
1155 http fetch GET 200 https://registry.npmjs.org/confbox/-/confbox-0.2.4.tgz 5799ms (cache miss)
1156 http fetch GET 200 https://registry.npmjs.org/iconv-lite/-/iconv-lite-0.7.3.tgz 5829ms (cache miss)
1157 http fetch GET 200 https://registry.npmjs.org/fast-uri/-/fast-uri-3.1.5.tgz 5859ms (cache miss)
1158 http cache https://registry.npmjs.org/@clerk%2fshared 79ms (cache hit)
1159 silly packumentCache corgi:https://registry.npmjs.org/@clerk%2fshared set size:6992655 disposed:false
1160 http fetch GET 200 https://registry.npmjs.org/@electric-sql/pglite-socket/-/pglite-socket-0.1.3.tgz 5994ms (cache miss)
1161 silly packumentCache corgi:https://registry.npmjs.org/@visx%2fresponsive cache-miss
1162 silly packumentCache corgi:https://registry.npmjs.org/@visx%2fshape cache-miss
1163 http fetch GET 200 https://registry.npmjs.org/ret/-/ret-0.5.0.tgz 6147ms (cache miss)
1164 http fetch GET 200 https://registry.npmjs.org/jiti/-/jiti-2.7.0.tgz 6116ms (cache miss)
1165 http fetch GET 200 https://registry.npmjs.org/d3-time-format/-/d3-time-format-4.1.0.tgz 6189ms (cache miss)
1166 http fetch GET 200 https://registry.npmjs.org/postgres/-/postgres-3.4.7.tgz 6217ms (cache miss)
1167 http fetch GET 200 https://registry.npmjs.org/@prisma/streams-local/-/streams-local-0.1.11.tgz 6226ms (cache miss)
1168 http fetch GET 200 https://registry.npmjs.org/@electric-sql/pglite-tools/-/pglite-tools-0.3.3.tgz 6235ms (cache miss)
1169 http fetch GET 200 https://registry.npmjs.org/foreground-child/-/foreground-child-3.3.1.tgz 6248ms (cache miss)
1170 http fetch GET 200 https://registry.npmjs.org/@prisma/get-platform/-/get-platform-7.2.0.tgz 6281ms (cache miss)
1171 http fetch GET 200 https://registry.npmjs.org/@visx/grid/-/grid-4.0.1-alpha.0.tgz 6317ms (cache miss)
1172 http fetch GET 200 https://registry.npmjs.org/@prisma/get-platform/-/get-platform-7.9.1.tgz 6330ms (cache miss)
1173 http fetch GET 200 https://registry.npmjs.org/@prisma/get-platform/-/get-platform-7.9.1.tgz 6323ms (cache miss)
1174 http fetch GET 200 https://registry.npmjs.org/@prisma/fetch-engine/-/fetch-engine-7.9.1.tgz 6361ms (cache miss)
1175 http fetch GET 200 https://registry.npmjs.org/@prisma/query-plan-executor/-/query-plan-executor-7.2.0.tgz 6376ms (cache miss)
1176 http fetch GET 200 https://registry.npmjs.org/d3-array/-/d3-array-3.2.4.tgz 6441ms (cache miss)
1177 http fetch GET 200 https://registry.npmjs.org/d3-array/-/d3-array-3.2.1.tgz 6467ms (cache miss)
1178 http fetch GET 200 https://registry.npmjs.org/d3-geo/-/d3-geo-3.1.0.tgz 6569ms (cache miss)
1179 http fetch GET 200 https://registry.npmjs.org/d3-shape/-/d3-shape-3.2.0.tgz 6572ms (cache miss)
1180 http fetch GET 200 https://registry.npmjs.org/@visx%2fresponsive 622ms (cache miss)
1181 silly packumentCache corgi:https://registry.npmjs.org/@visx%2fresponsive set size:undefined disposed:false
1182 http fetch GET 200 https://registry.npmjs.org/elkjs/-/elkjs-0.11.1.tgz 6705ms (cache miss)
1183 http fetch GET 200 https://registry.npmjs.org/find-my-way/-/find-my-way-9.7.0.tgz 6743ms (cache miss)
1184 http fetch GET 200 https://registry.npmjs.org/pure-rand/-/pure-rand-6.1.0.tgz 6847ms (cache miss)
1185 http fetch GET 200 https://registry.npmjs.org/@visx%2fshape 1084ms (cache miss)
1186 silly packumentCache corgi:https://registry.npmjs.org/@visx%2fshape set size:undefined disposed:false
1187 silly packumentCache corgi:https://registry.npmjs.org/fast-glob cache-miss
1188 silly packumentCache corgi:https://registry.npmjs.org/tailwindcss cache-miss
1189 http cache https://registry.npmjs.org/fast-glob 28ms (cache hit)
1190 silly packumentCache corgi:https://registry.npmjs.org/fast-glob set size:86036 disposed:false
1191 http cache https://registry.npmjs.org/tailwindcss 45ms (cache hit)
1192 silly packumentCache corgi:https://registry.npmjs.org/tailwindcss set size:4778266 disposed:false
1193 silly packumentCache corgi:https://registry.npmjs.org/next-cloudinary cache-miss
1194 http cache https://registry.npmjs.org/next-cloudinary 253ms (cache hit)
1195 silly packumentCache corgi:https://registry.npmjs.org/next-cloudinary set size:262064 disposed:false
1196 silly packumentCache corgi:https://registry.npmjs.org/postcss-import cache-miss
1197 silly packumentCache corgi:https://registry.npmjs.org/postcss-js cache-miss
1198 silly packumentCache corgi:https://registry.npmjs.org/postcss-load-config cache-miss
1199 silly packumentCache corgi:https://registry.npmjs.org/postcss-nested cache-miss
1200 http cache https://registry.npmjs.org/postcss-nested 159ms (cache hit)
1201 silly packumentCache corgi:https://registry.npmjs.org/postcss-nested set size:43577 disposed:false
1202 http cache https://registry.npmjs.org/postcss-load-config 162ms (cache hit)
1203 silly packumentCache corgi:https://registry.npmjs.org/postcss-load-config set size:37999 disposed:false
1204 http cache https://registry.npmjs.org/postcss-import 167ms (cache hit)
1205 silly packumentCache corgi:https://registry.npmjs.org/postcss-import set size:52251 disposed:false
1206 http cache https://registry.npmjs.org/postcss-js 171ms (cache hit)
1207 silly packumentCache corgi:https://registry.npmjs.org/postcss-js set size:25314 disposed:false
1208 silly packumentCache corgi:https://registry.npmjs.org/anymatch cache-miss
1209 silly packumentCache corgi:https://registry.npmjs.org/readdirp cache-miss
1210 http cache https://registry.npmjs.org/anymatch 36ms (cache hit)
1211 silly packumentCache corgi:https://registry.npmjs.org/anymatch set size:18345 disposed:false
1212 http cache https://registry.npmjs.org/readdirp 37ms (cache hit)
1213 silly packumentCache corgi:https://registry.npmjs.org/readdirp set size:47123 disposed:false
1214 silly packumentCache corgi:https://registry.npmjs.org/@typescript-eslint%2fparser cache-miss
1215 http cache https://registry.npmjs.org/@typescript-eslint%2fparser 54ms (cache hit)
1216 silly packumentCache corgi:https://registry.npmjs.org/@typescript-eslint%2fparser set size:8231311 disposed:false
1217 silly packumentCache corgi:https://registry.npmjs.org/eslint-config-next cache-miss
1218 http fetch GET 200 https://registry.npmjs.org/mysql2/-/mysql2-3.15.3.tgz 8334ms (cache miss)
1219 http cache https://registry.npmjs.org/eslint-config-next 51ms (cache hit)
1220 silly packumentCache corgi:https://registry.npmjs.org/eslint-config-next set size:4014632 disposed:false
1221 silly packumentCache corgi:https://registry.npmjs.org/@clerk%2fclerk-react cache-miss
1222 http fetch GET https://registry.npmjs.org/@clerk%2fclerk-react attempt 1 failed with ECONNRESET
1223 http fetch GET 200 https://registry.npmjs.org/@visx/scale/-/scale-4.0.1-alpha.0.tgz 571514ms (cache miss)
1224 http fetch GET 200 https://registry.npmjs.org/@visx/shape/-/shape-4.0.1-alpha.0.tgz 571754ms (cache miss)
1225 http fetch GET 200 https://registry.npmjs.org/@prisma/dev/-/dev-0.24.17.tgz 571755ms (cache miss)
1226 http fetch GET 200 https://registry.npmjs.org/@visx/vendor/-/vendor-4.0.0-alpha.0.tgz 572454ms (cache miss)
1227 http fetch GET 200 https://registry.npmjs.org/@types/lodash/-/lodash-4.17.25.tgz 572658ms (cache miss)
1228 http fetch GET 200 https://registry.npmjs.org/ajv/-/ajv-8.20.0.tgz 572890ms (cache miss)
1229 http fetch GET 200 https://registry.npmjs.org/remeda/-/remeda-2.33.4.tgz 573002ms (cache miss)
1230 http fetch GET 200 https://registry.npmjs.org/fast-check/-/fast-check-3.23.2.tgz 574733ms (cache miss)
1231 warn cleanup Failed to remove some directories [
1231 warn cleanup   [
1231 warn cleanup     '\\\\?\\D:\\Web_Development_Course\\16_ai_powered_saas\\ai_powered_saas(self_practice)\\node_modules\\@prisma\\get-platform',
1231 warn cleanup     [Error: EPERM: operation not permitted, rmdir 'D:\Web_Development_Course\16_ai_powered_saas\ai_powered_saas(self_practice)\node_modules\@prisma\get-platform\node_modules\@prisma\debug\dist'] {
1231 warn cleanup       errno: -4048,
1231 warn cleanup       code: 'EPERM',
1231 warn cleanup       syscall: 'rmdir',
1231 warn cleanup       path: 'D:\\Web_Development_Course\\16_ai_powered_saas\\ai_powered_saas(self_practice)\\node_modules\\@prisma\\get-platform\\node_modules\\@prisma\\debug\\dist'
1231 warn cleanup     }
1231 warn cleanup   ],
1231 warn cleanup   [
1231 warn cleanup     '\\\\?\\D:\\Web_Development_Course\\16_ai_powered_saas\\ai_powered_saas(self_practice)\\node_modules\\@prisma\\engines',
1231 warn cleanup     [Error: EPERM: operation not permitted, rmdir 'D:\Web_Development_Course\16_ai_powered_saas\ai_powered_saas(self_practice)\node_modules\@prisma\engines\node_modules\@prisma\get-platform\dist\test-utils'] {
1231 warn cleanup       errno: -4048,
1231 warn cleanup       code: 'EPERM',
1231 warn cleanup       syscall: 'rmdir',
1231 warn cleanup       path: 'D:\\Web_Development_Course\\16_ai_powered_saas\\ai_powered_saas(self_practice)\\node_modules\\@prisma\\engines\\node_modules\\@prisma\\get-platform\\dist\\test-utils'
1231 warn cleanup     }
1231 warn cleanup   ],
1231 warn cleanup   [
1231 warn cleanup     '\\\\?\\D:\\Web_Development_Course\\16_ai_powered_saas\\ai_powered_saas(self_practice)\\node_modules\\effect',
1231 warn cleanup     [Error: ENOTEMPTY: directory not empty, rmdir 'D:\Web_Development_Course\16_ai_powered_saas\ai_powered_saas(self_practice)\node_modules\effect\dist\esm\internal'] {
1231 warn cleanup       errno: -4051,
1231 warn cleanup       code: 'ENOTEMPTY',
1231 warn cleanup       syscall: 'rmdir',
1231 warn cleanup       path: 'D:\\Web_Development_Course\\16_ai_powered_saas\\ai_powered_saas(self_practice)\\node_modules\\effect\\dist\\esm\\internal'
1231 warn cleanup     }
1231 warn cleanup   ]
1231 warn cleanup ]
1232 verbose stack Error: read ECONNRESET
1232 verbose stack     at TLSWrap.onStreamRead (node:internal/stream_base_commons:216:20)
1233 error code ECONNRESET
1234 error syscall read
1235 error errno -4077
1236 error network read ECONNRESET
1237 error network This is a problem related to network connectivity.
1237 error network In most cases you are behind a proxy or have bad network settings.
1237 error network
1237 error network If you are behind a proxy, please make sure that the 'proxy' config is set properly.  See: 'npm help config'
1238 silly unfinished npm timer reify 1785761785212
1239 silly unfinished npm timer reify:audit 1785761799909
1240 silly unfinished npm timer reify:unpack 1785761800001
1241 silly unfinished npm timer reifyNode:node_modules/@electric-sql/pglite 1785761800003
1242 silly unfinished npm timer reifyNode:node_modules/effect 1785761800003
1243 silly unfinished npm timer reifyNode:node_modules/@prisma/studio-core 1785761800003
1244 silly unfinished npm timer reifyNode:node_modules/prisma 1785761800003
1245 silly unfinished npm timer auditReport:init 1785761800461
1246 silly unfinished npm timer metavuln:calculate:security-advisory:@clerk/clerk-react:Zrcsvfvx7zQ0d/UHpRtrVv1OGqWAQ+J02m2ThBH5GGnPAFk8XsJZi3qcqn7WE8MYfrwXdRC13LvR9XwItvqaYg== 1785761808602
1247 silly unfinished npm timer metavuln:packument:@clerk/clerk-react 1785761808602
1248 verbose cwd D:\Web_Development_Course\16_ai_powered_saas\ai_powered_saas(self_practice)
1249 verbose os Windows_NT 10.0.26200
1250 verbose node v24.15.0
1251 verbose npm  v11.12.1
1252 verbose exit -4077
1253 verbose code -4077
1254 error A complete log of this run can be found in: D:\Web_Development_Course\16_ai_powered_saas\ai_powered_saas(self_practice)\.npm-cache\_logs\2026-08-03T12_56_24_535Z-debug-0.log
