0 verbose cli C:\Program Files\nodejs\node.exe C:\Program Files\nodejs\node_modules\npm\bin\npm-cli.js
1 info using npm@11.12.1
2 info using node@v24.15.0
3 silly config load:file:C:\Program Files\nodejs\node_modules\npm\npmrc
4 silly config load:file:D:\Web_Development_Course\16_ai_powered_saas\ai_powered_saas(self_practice)\.npmrc
5 silly config load:file:C:\Users\omkar\.npmrc
6 silly config load:file:C:\Users\omkar\AppData\Roaming\npm\etc\npmrc
7 verbose title npm install @prisma/client@latest @prisma/adapter-pg@latest pg@latest dotenv@latest
8 verbose argv "install" "@prisma/client@latest" "@prisma/adapter-pg@latest" "pg@latest" "dotenv@latest" "--cache" ".npm-cache"
9 verbose logfile logs-max:10 dir:D:\Web_Development_Course\16_ai_powered_saas\ai_powered_saas(self_practice)\.npm-cache\_logs\2026-08-03T12_53_02_837Z-
10 verbose logfile D:\Web_Development_Course\16_ai_powered_saas\ai_powered_saas(self_practice)\.npm-cache\_logs\2026-08-03T12_53_02_837Z-debug-0.log
11 silly logfile done cleaning log files
12 silly packumentCache heap:2348810240 maxSize:587202560 maxEntrySize:293601280
13 silly packumentCache corgi:https://registry.npmjs.org/@prisma%2fclient cache-miss
14 silly packumentCache corgi:https://registry.npmjs.org/@prisma%2fadapter-pg cache-miss
15 silly packumentCache corgi:https://registry.npmjs.org/pg cache-miss
16 silly packumentCache corgi:https://registry.npmjs.org/dotenv cache-miss
17 http fetch GET 200 https://registry.npmjs.org/dotenv 341ms (cache miss)
18 silly packumentCache corgi:https://registry.npmjs.org/dotenv set size:undefined disposed:false
19 http fetch GET 200 https://registry.npmjs.org/pg 740ms (cache miss)
20 silly packumentCache corgi:https://registry.npmjs.org/pg set size:undefined disposed:false
21 http fetch GET 200 https://registry.npmjs.org/@prisma%2fadapter-pg 1301ms (cache miss)
22 silly packumentCache corgi:https://registry.npmjs.org/@prisma%2fadapter-pg set size:undefined disposed:false
23 http fetch GET 200 https://registry.npmjs.org/@prisma%2fclient 1492ms (cache miss)
24 silly packumentCache corgi:https://registry.npmjs.org/@prisma%2fclient set size:undefined disposed:false
25 silly idealTree buildDeps
26 silly fetch manifest @prisma/client@7.9.1
27 silly packumentCache full:https://registry.npmjs.org/@prisma%2fclient cache-miss
28 http fetch GET 200 https://registry.npmjs.org/@prisma%2fclient 1847ms (cache miss)
29 silly packumentCache full:https://registry.npmjs.org/@prisma%2fclient set size:undefined disposed:false
30 silly fetch manifest prisma@^5.18.0
31 silly packumentCache full:https://registry.npmjs.org/prisma cache-miss
32 http fetch GET 200 https://registry.npmjs.org/prisma 1480ms (cache miss)
33 silly packumentCache full:https://registry.npmjs.org/prisma set size:undefined disposed:false
34 silly fetch manifest typescript@^5.5.4
35 silly packumentCache full:https://registry.npmjs.org/typescript cache-miss
36 http fetch GET 200 https://registry.npmjs.org/typescript 666ms (cache miss)
37 silly packumentCache full:https://registry.npmjs.org/typescript set size:undefined disposed:false
38 silly fetch manifest dotenv@17.4.2
39 silly packumentCache full:https://registry.npmjs.org/dotenv cache-miss
40 http fetch GET 200 https://registry.npmjs.org/dotenv 70ms (cache miss)
41 silly packumentCache full:https://registry.npmjs.org/dotenv set size:undefined disposed:false
42 silly fetch manifest pg@8.22.0
43 silly packumentCache full:https://registry.npmjs.org/pg cache-miss
44 http fetch GET 200 https://registry.npmjs.org/pg 86ms (cache miss)
45 silly packumentCache full:https://registry.npmjs.org/pg set size:undefined disposed:false
46 silly fetch manifest pg-native@>=3.0.1
47 silly packumentCache full:https://registry.npmjs.org/pg-native cache-miss
48 http fetch GET 200 https://registry.npmjs.org/pg-native 58ms (cache miss)
49 silly packumentCache full:https://registry.npmjs.org/pg-native set size:undefined disposed:false
50 silly fetch manifest @prisma/adapter-pg@7.9.1
51 silly packumentCache full:https://registry.npmjs.org/@prisma%2fadapter-pg cache-miss
52 http fetch GET 200 https://registry.npmjs.org/@prisma%2fadapter-pg 772ms (cache miss)
53 silly packumentCache full:https://registry.npmjs.org/@prisma%2fadapter-pg set size:undefined disposed:false
54 silly placeDep ROOT @prisma/adapter-pg@7.9.1 OK for: cloudinary-saas@0.1.0 want: 7.9.1
55 silly placeDep ROOT @prisma/client@7.9.1 REPLACE for: cloudinary-saas@0.1.0 want: 7.9.1
56 silly placeDep ROOT dotenv@17.4.2 OK for: cloudinary-saas@0.1.0 want: 17.4.2
57 silly placeDep ROOT pg@8.22.0 OK for: cloudinary-saas@0.1.0 want: 8.22.0
58 silly fetch manifest pg@^8.16.3
59 silly packumentCache full:https://registry.npmjs.org/pg cache-miss
60 silly fetch manifest @types/pg@^8.16.0
61 silly packumentCache full:https://registry.npmjs.org/@types%2fpg cache-miss
62 silly fetch manifest postgres-array@3.0.4
63 silly packumentCache full:https://registry.npmjs.org/postgres-array cache-miss
64 silly fetch manifest @prisma/driver-adapter-utils@7.9.1
65 silly packumentCache full:https://registry.npmjs.org/@prisma%2fdriver-adapter-utils cache-miss
66 silly fetch manifest @prisma/client-runtime-utils@7.9.1
67 silly packumentCache full:https://registry.npmjs.org/@prisma%2fclient-runtime-utils cache-miss
68 silly fetch manifest pgpass@1.0.5
69 silly packumentCache full:https://registry.npmjs.org/pgpass cache-miss
70 silly fetch manifest pg-pool@^3.14.0
71 silly packumentCache full:https://registry.npmjs.org/pg-pool cache-miss
72 silly fetch manifest pg-types@2.2.0
73 silly packumentCache full:https://registry.npmjs.org/pg-types cache-miss
74 silly fetch manifest pg-protocol@^1.15.0
75 silly packumentCache full:https://registry.npmjs.org/pg-protocol cache-miss
76 silly fetch manifest pg-connection-string@^2.14.0
77 silly packumentCache full:https://registry.npmjs.org/pg-connection-string cache-miss
78 silly fetch manifest pg-cloudflare@^1.4.0
79 silly packumentCache full:https://registry.npmjs.org/pg-cloudflare cache-miss
80 http cache https://registry.npmjs.org/pg 77ms (cache hit)
81 silly packumentCache full:https://registry.npmjs.org/pg set size:479959 disposed:false
82 http fetch GET 200 https://registry.npmjs.org/postgres-array 130ms (cache miss)
83 silly packumentCache full:https://registry.npmjs.org/postgres-array set size:undefined disposed:false
84 http fetch GET 200 https://registry.npmjs.org/@types%2fpg 133ms (cache miss)
85 silly packumentCache full:https://registry.npmjs.org/@types%2fpg set size:undefined disposed:false
86 http fetch GET 200 https://registry.npmjs.org/pgpass 199ms (cache miss)
87 silly packumentCache full:https://registry.npmjs.org/pgpass set size:undefined disposed:false
88 http fetch GET 200 https://registry.npmjs.org/pg-cloudflare 197ms (cache miss)
89 silly packumentCache full:https://registry.npmjs.org/pg-cloudflare set size:undefined disposed:false
90 http fetch GET 200 https://registry.npmjs.org/pg-connection-string 205ms (cache miss)
91 silly packumentCache full:https://registry.npmjs.org/pg-connection-string set size:undefined disposed:false
92 http fetch GET 200 https://registry.npmjs.org/pg-protocol 210ms (cache miss)
93 silly packumentCache full:https://registry.npmjs.org/pg-protocol set size:undefined disposed:false
94 http fetch GET 200 https://registry.npmjs.org/pg-pool 217ms (cache miss)
95 silly packumentCache full:https://registry.npmjs.org/pg-pool set size:undefined disposed:false
96 http fetch GET 200 https://registry.npmjs.org/pg-types 381ms (cache miss)
97 silly packumentCache full:https://registry.npmjs.org/pg-types set size:undefined disposed:false
98 http fetch GET 200 https://registry.npmjs.org/@prisma%2fclient-runtime-utils 740ms (cache miss)
99 silly packumentCache full:https://registry.npmjs.org/@prisma%2fclient-runtime-utils set size:undefined disposed:false
100 http fetch GET 200 https://registry.npmjs.org/@prisma%2fdriver-adapter-utils 762ms (cache miss)
101 silly packumentCache full:https://registry.npmjs.org/@prisma%2fdriver-adapter-utils set size:undefined disposed:false
102 silly placeDep ROOT @prisma/driver-adapter-utils@7.9.1 OK for: @prisma/adapter-pg@7.9.1 want: 7.9.1
103 silly placeDep ROOT @types/pg@8.20.3 OK for: @prisma/adapter-pg@7.9.1 want: ^8.16.0
104 silly placeDep ROOT postgres-array@3.0.4 OK for: @prisma/adapter-pg@7.9.1 want: 3.0.4
105 silly fetch manifest @prisma/debug@7.9.1
106 silly packumentCache full:https://registry.npmjs.org/@prisma%2fdebug cache-miss
107 silly fetch manifest pg-types@^2.2.0
108 silly packumentCache full:https://registry.npmjs.org/pg-types cache-miss
109 silly fetch manifest pg-protocol@*
110 silly packumentCache full:https://registry.npmjs.org/pg-protocol cache-miss
111 http cache https://registry.npmjs.org/pg-types 11ms (cache hit)
112 silly packumentCache full:https://registry.npmjs.org/pg-types set size:51397 disposed:false
113 http cache https://registry.npmjs.org/pg-protocol 14ms (cache hit)
114 silly packumentCache full:https://registry.npmjs.org/pg-protocol set size:55319 disposed:false
115 http fetch GET 200 https://registry.npmjs.org/@prisma%2fdebug 975ms (cache miss)
116 silly packumentCache full:https://registry.npmjs.org/@prisma%2fdebug set size:undefined disposed:false
117 silly placeDep ROOT @prisma/client-runtime-utils@7.9.1 OK for: @prisma/client@7.9.1 want: 7.9.1
118 silly placeDep node_modules/@prisma/driver-adapter-utils @prisma/debug@7.9.1 OK for: @prisma/driver-adapter-utils@7.9.1 want: 7.9.1
119 silly placeDep ROOT pg-protocol@1.15.0 OK for: @types/pg@8.20.3 want: *
120 silly placeDep ROOT pg-types@2.2.0 OK for: @types/pg@8.20.3 want: ^2.2.0
121 silly fetch manifest pg-int8@1.0.1
122 silly packumentCache full:https://registry.npmjs.org/pg-int8 cache-miss
123 silly fetch manifest postgres-date@~1.0.4
124 silly packumentCache full:https://registry.npmjs.org/postgres-date cache-miss
125 silly fetch manifest postgres-array@~2.0.0
126 silly packumentCache full:https://registry.npmjs.org/postgres-array cache-miss
127 silly fetch manifest postgres-bytea@~1.0.0
128 silly packumentCache full:https://registry.npmjs.org/postgres-bytea cache-miss
129 silly fetch manifest postgres-interval@^1.1.0
130 silly packumentCache full:https://registry.npmjs.org/postgres-interval cache-miss
131 http cache https://registry.npmjs.org/postgres-array 27ms (cache hit)
132 silly packumentCache full:https://registry.npmjs.org/postgres-array set size:21967 disposed:false
133 http fetch GET 200 https://registry.npmjs.org/postgres-bytea 77ms (cache miss)
134 silly packumentCache full:https://registry.npmjs.org/postgres-bytea set size:undefined disposed:false
135 http fetch GET 200 https://registry.npmjs.org/pg-int8 80ms (cache miss)
136 silly packumentCache full:https://registry.npmjs.org/pg-int8 set size:undefined disposed:false
137 http fetch GET 200 https://registry.npmjs.org/postgres-date 82ms (cache miss)
138 silly packumentCache full:https://registry.npmjs.org/postgres-date set size:undefined disposed:false
139 http fetch GET 200 https://registry.npmjs.org/postgres-interval 127ms (cache miss)
140 silly packumentCache full:https://registry.npmjs.org/postgres-interval set size:undefined disposed:false
141 silly fetch manifest pg@>=8.0
142 silly packumentCache full:https://registry.npmjs.org/pg cache-hit
143 silly placeDep ROOT pg-cloudflare@1.4.0 OK for: pg@8.22.0 want: ^1.4.0
144 silly placeDep ROOT pg-connection-string@2.14.0 OK for: pg@8.22.0 want: ^2.14.0
145 silly placeDep ROOT pg-pool@3.14.0 OK for: pg@8.22.0 want: ^3.14.0
146 silly placeDep ROOT pgpass@1.0.5 OK for: pg@8.22.0 want: 1.0.5
147 silly fetch manifest split2@^4.1.0
148 silly packumentCache full:https://registry.npmjs.org/split2 cache-miss
149 http fetch GET 200 https://registry.npmjs.org/split2 85ms (cache miss)
150 silly packumentCache full:https://registry.npmjs.org/split2 set size:undefined disposed:false
151 silly placeDep ROOT pg-int8@1.0.1 OK for: pg-types@2.2.0 want: 1.0.1
152 silly placeDep node_modules/pg-types postgres-array@2.0.0 OK for: pg-types@2.2.0 want: ~2.0.0
153 silly placeDep ROOT postgres-bytea@1.0.1 OK for: pg-types@2.2.0 want: ~1.0.0
154 silly placeDep ROOT postgres-date@1.0.7 OK for: pg-types@2.2.0 want: ~1.0.4
155 silly placeDep ROOT postgres-interval@1.2.0 OK for: pg-types@2.2.0 want: ^1.1.0
156 silly fetch manifest xtend@^4.0.0
157 silly packumentCache full:https://registry.npmjs.org/xtend cache-miss
158 http fetch GET 200 https://registry.npmjs.org/xtend 74ms (cache miss)
159 silly packumentCache full:https://registry.npmjs.org/xtend set size:undefined disposed:false
160 silly placeDep ROOT split2@4.2.0 OK for: pgpass@1.0.5 want: ^4.1.0
161 silly placeDep ROOT xtend@4.0.2 OK for: postgres-interval@1.2.0 want: ^4.0.0
162 silly reify mark retired [
162 silly reify   'D:\\Web_Development_Course\\16_ai_powered_saas\\ai_powered_saas(self_practice)\\node_modules\\@prisma\\client'
162 silly reify ]
163 silly reify moves {
163 silly reify   'D:\\Web_Development_Course\\16_ai_powered_saas\\ai_powered_saas(self_practice)\\node_modules\\@prisma\\client': 'D:\\Web_Development_Course\\16_ai_powered_saas\\ai_powered_saas(self_practice)\\node_modules\\@prisma\\.client-qGdwcjkk'
163 silly reify }
164 silly audit bulk request {
164 silly audit   '@alloc/quick-lru': [ '5.2.0' ],
164 silly audit   '@clerk/backend': [ '1.5.2' ],
164 silly audit   tslib: [ '2.4.1', '2.6.3' ],
164 silly audit   '@clerk/clerk-react': [ '5.3.1' ],
164 silly audit   '@clerk/nextjs': [ '5.2.12' ],
164 silly audit   '@clerk/shared': [ '2.4.3' ],
164 silly audit   '@clerk/types': [ '4.11.0' ],
164 silly audit   csstype: [ '3.1.1', '3.1.3' ],
164 silly audit   '@cloudinary-util/types': [ '1.1.0' ],
164 silly audit   '@cloudinary-util/url-loader': [ '5.5.0' ],
164 silly audit   '@cloudinary-util/util': [ '3.1.0' ],
164 silly audit   '@cloudinary/transformation-builder-sdk': [ '1.14.1' ],
164 silly audit   '@cloudinary/url-gen': [ '1.15.0' ],
164 silly audit   '@cspotcode/source-map-support': [ '0.8.1' ],
164 silly audit   '@jridgewell/trace-mapping': [ '0.3.9', '0.3.25' ],
164 silly audit   '@eslint-community/eslint-utils': [ '4.4.0' ],
164 silly audit   '@eslint-community/regexpp': [ '4.11.0' ],
164 silly audit   '@eslint/eslintrc': [ '2.1.4' ],
164 silly audit   '@eslint/js': [ '8.57.0' ],
164 silly audit   '@humanwhocodes/config-array': [ '0.11.14' ],
164 silly audit   '@humanwhocodes/module-importer': [ '1.0.1' ],
164 silly audit   '@humanwhocodes/object-schema': [ '2.0.3' ],
164 silly audit   '@isaacs/cliui': [ '8.0.2' ],
164 silly audit   'ansi-regex': [ '6.0.1', '5.0.1' ],
164 silly audit   'strip-ansi': [ '7.1.0', '6.0.1' ],
164 silly audit   '@jridgewell/gen-mapping': [ '0.3.5' ],
164 silly audit   '@jridgewell/resolve-uri': [ '3.1.2' ],
164 silly audit   '@jridgewell/set-array': [ '1.2.1' ],
164 silly audit   '@jridgewell/sourcemap-codec': [ '1.5.0' ],
164 silly audit   '@next/env': [ '14.2.5' ],
164 silly audit   '@next/eslint-plugin-next': [ '14.2.5' ],
164 silly audit   '@next/swc-darwin-arm64': [ '14.2.5' ],
164 silly audit   '@next/swc-darwin-x64': [ '14.2.5' ],
164 silly audit   '@next/swc-linux-arm64-gnu': [ '14.2.5' ],
164 silly audit   '@next/swc-linux-arm64-musl': [ '14.2.5' ],
164 silly audit   '@next/swc-linux-x64-gnu': [ '14.2.5' ],
164 silly audit   '@next/swc-linux-x64-musl': [ '14.2.5' ],
164 silly audit   '@next/swc-win32-arm64-msvc': [ '14.2.5' ],
164 silly audit   '@next/swc-win32-ia32-msvc': [ '14.2.5' ],
164 silly audit   '@next/swc-win32-x64-msvc': [ '14.2.5' ],
164 silly audit   '@nodelib/fs.scandir': [ '2.1.5' ],
164 silly audit   '@nodelib/fs.stat': [ '2.0.5' ],
164 silly audit   '@nodelib/fs.walk': [ '1.2.8' ],
164 silly audit   '@pkgjs/parseargs': [ '0.11.0' ],
164 silly audit   '@prisma/debug': [ '5.18.0', '7.9.1' ],
164 silly audit   '@prisma/engines': [ '5.18.0' ],
164 silly audit   '@prisma/engines-version': [ '5.18.0-25.4c784e32044a8a016d99474bd02a3b6123742169' ],
164 silly audit   '@prisma/fetch-engine': [ '5.18.0' ],
164 silly audit   '@prisma/get-platform': [ '5.18.0' ],
164 silly audit   '@rushstack/eslint-patch': [ '1.10.4' ],
164 silly audit   '@swc/counter': [ '0.1.3' ],
164 silly audit   '@swc/helpers': [ '0.5.5' ],
164 silly audit   '@tsconfig/node10': [ '1.0.11' ],
164 silly audit   '@tsconfig/node12': [ '1.0.11' ],
164 silly audit   '@tsconfig/node14': [ '1.0.3' ],
164 silly audit   '@tsconfig/node16': [ '1.0.4' ],
164 silly audit   '@tsconfig/recommended': [ '1.0.7' ],
164 silly audit   '@types/json5': [ '0.0.29' ],
164 silly audit   '@types/node': [ '20.14.14' ],
164 silly audit   '@types/prop-types': [ '15.7.12' ],
164 silly audit   '@types/react': [ '18.3.3' ],
164 silly audit   '@types/react-dom': [ '18.3.0' ],
164 silly audit   '@typescript-eslint/parser': [ '7.2.0' ],
164 silly audit   '@typescript-eslint/scope-manager': [ '7.2.0' ],
164 silly audit   '@typescript-eslint/types': [ '7.2.0' ],
164 silly audit   '@typescript-eslint/typescript-estree': [ '7.2.0' ],
164 silly audit   'brace-expansion': [ '2.0.1', '1.1.11' ],
164 silly audit   minimatch: [ '9.0.3', '9.0.5', '3.1.2' ],
164 silly audit   '@typescript-eslint/visitor-keys': [ '7.2.0' ],
164 silly audit   '@ungap/structured-clone': [ '1.2.0' ],
164 silly audit   acorn: [ '8.12.1' ],
164 silly audit   'acorn-jsx': [ '5.3.2' ],
164 silly audit   'acorn-walk': [ '8.3.3' ],
164 silly audit   ajv: [ '6.12.6' ],
164 silly audit   'ansi-styles': [ '4.3.0', '6.2.1' ],
164 silly audit   'any-promise': [ '1.3.0' ],
164 silly audit   anymatch: [ '3.1.3' ],
164 silly audit   arg: [ '5.0.2', '4.1.3' ],
164 silly audit   argparse: [ '2.0.1' ],
164 silly audit   'aria-query': [ '5.1.3' ],
164 silly audit   'array-buffer-byte-length': [ '1.0.1' ],
164 silly audit   'array-includes': [ '3.1.8' ],
164 silly audit   'array-union': [ '2.1.0' ],
164 silly audit   'array.prototype.findlast': [ '1.2.5' ],
164 silly audit   'array.prototype.findlastindex': [ '1.2.5' ],
164 silly audit   'array.prototype.flat': [ '1.3.2' ],
164 silly audit   'array.prototype.flatmap': [ '1.3.2' ],
164 silly audit   'array.prototype.tosorted': [ '1.1.4' ],
164 silly audit   'arraybuffer.prototype.slice': [ '1.0.3' ],
164 silly audit   'ast-types-flow': [ '0.0.8' ],
164 silly audit   asynckit: [ '0.4.0' ],
164 silly audit   'available-typed-arrays': [ '1.0.7' ],
164 silly audit   'axe-core': [ '4.10.0' ],
164 silly audit   axios: [ '1.7.3' ],
164 silly audit   'axobject-query': [ '3.1.1' ],
164 silly audit   'balanced-match': [ '1.0.2' ],
164 silly audit   'binary-extensions': [ '2.3.0' ],
164 silly audit   braces: [ '3.0.3' ],
164 silly audit   busboy: [ '1.6.0' ],
164 silly audit   'call-bind': [ '1.0.7' ],
164 silly audit   callsites: [ '3.1.0' ],
164 silly audit   'camelcase-css': [ '2.0.1' ],
164 silly audit   'caniuse-lite': [ '1.0.30001647' ],
164 silly audit   chalk: [ '4.1.2' ],
164 silly audit   chokidar: [ '3.6.0' ],
164 silly audit   'glob-parent': [ '5.1.2', '6.0.2' ],
164 silly audit   'client-only': [ '0.0.1' ],
164 silly audit   cloudinary: [ '2.4.0' ],
164 silly audit   'color-convert': [ '2.0.1' ],
164 silly audit   'color-name': [ '1.1.4' ],
164 silly audit   'combined-stream': [ '1.0.8' ],
164 silly audit   commander: [ '4.1.1' ],
164 silly audit   'concat-map': [ '0.0.1' ],
164 silly audit   cookie: [ '0.5.0' ],
164 silly audit   'create-require': [ '1.1.1' ],
164 silly audit   'cross-spawn': [ '7.0.3' ],
164 silly audit   'crypto-js': [ '4.2.0' ],
164 silly audit   'css-selector-tokenizer': [ '0.8.0' ],
164 silly audit   cssesc: [ '3.0.0' ],
164 silly audit   culori: [ '3.3.0' ],
164 silly audit   daisyui: [ '4.12.10' ],
164 silly audit   'damerau-levenshtein': [ '1.0.8' ],
164 silly audit   'data-view-buffer': [ '1.0.1' ],
164 silly audit   'data-view-byte-length': [ '1.0.1' ],
164 silly audit   'data-view-byte-offset': [ '1.0.0' ],
164 silly audit   dayjs: [ '1.11.12' ],
164 silly audit   debug: [ '4.3.6', '3.2.7' ],
164 silly audit   'deep-equal': [ '2.2.3' ],
164 silly audit   'deep-is': [ '0.1.4' ],
164 silly audit   'define-data-property': [ '1.1.4' ],
164 silly audit   'define-properties': [ '1.2.1' ],
164 silly audit   'delayed-stream': [ '1.0.0' ],
164 silly audit   didyoumean: [ '1.2.2' ],
164 silly audit   diff: [ '4.0.2' ],
164 silly audit   'dir-glob': [ '3.0.1' ],
164 silly audit   dlv: [ '1.1.3' ],
164 silly audit   doctrine: [ '3.0.0', '2.1.0' ],
164 silly audit   'dot-case': [ '3.0.4' ],
164 silly audit   eastasianwidth: [ '0.2.0' ],
164 silly audit   'emoji-regex': [ '9.2.2', '8.0.0' ],
164 silly audit   'enhanced-resolve': [ '5.17.1' ],
164 silly audit   'es-abstract': [ '1.23.3' ],
164 silly audit   'es-define-property': [ '1.0.0' ],
164 silly audit   'es-errors': [ '1.3.0' ],
164 silly audit   'es-get-iterator': [ '1.1.3' ],
164 silly audit   'es-iterator-helpers': [ '1.0.19' ],
164 silly audit   'es-object-atoms': [ '1.0.0' ],
164 silly audit   'es-set-tostringtag': [ '2.0.3' ],
164 silly audit   'es-shim-unscopables': [ '1.0.2' ],
164 silly audit   'es-to-primitive': [ '1.2.1' ],
164 silly audit   'escape-string-regexp': [ '4.0.0' ],
164 silly audit   eslint: [ '8.57.0' ],
164 silly audit   'eslint-config-next': [ '14.2.5' ],
164 silly audit   'eslint-import-resolver-node': [ '0.3.9' ],
164 silly audit   'eslint-import-resolver-typescript': [ '3.6.1' ],
164 silly audit   'eslint-module-utils': [ '2.8.1' ],
164 silly audit   'eslint-plugin-import': [ '2.29.1' ],
164 silly audit   semver: [ '6.3.1', '7.6.3' ],
164 silly audit   'eslint-plugin-jsx-a11y': [ '6.9.0' ],
164 silly audit   'eslint-plugin-react': [ '7.35.0' ],
164 silly audit   'eslint-plugin-react-hooks': [ '4.6.2' ],
164 silly audit   resolve: [ '2.0.0-next.5', '1.22.8' ],
164 silly audit   'eslint-scope': [ '7.2.2' ],
164 silly audit   'eslint-visitor-keys': [ '3.4.3' ],
164 silly audit   espree: [ '9.6.1' ],
164 silly audit   esquery: [ '1.6.0' ],
164 silly audit   esrecurse: [ '4.3.0' ],
164 silly audit   estraverse: [ '5.3.0' ],
164 silly audit   esutils: [ '2.0.3' ],
164 silly audit   'fast-deep-equal': [ '3.1.3' ],
164 silly audit   'fast-glob': [ '3.3.2' ],
164 silly audit   'fast-json-stable-stringify': [ '2.1.0' ],
164 silly audit   'fast-levenshtein': [ '2.0.6' ],
164 silly audit   fastparse: [ '1.1.2' ],
164 silly audit   fastq: [ '1.17.1' ],
164 silly audit   'file-entry-cache': [ '6.0.1' ],
164 silly audit   filesize: [ '10.1.4' ],
164 silly audit   'fill-range': [ '7.1.1' ],
164 silly audit   'find-up': [ '5.0.0' ],
164 silly audit   'flat-cache': [ '3.2.0' ],
164 silly audit   flatted: [ '3.3.1' ],
164 silly audit   'follow-redirects': [ '1.15.6' ],
164 silly audit   'for-each': [ '0.3.3' ],
164 silly audit   'foreground-child': [ '3.2.1' ],
164 silly audit   'form-data': [ '4.0.0' ],
164 silly audit   'fs.realpath': [ '1.0.0' ],
164 silly audit   fsevents: [ '2.3.3' ],
164 silly audit   'function-bind': [ '1.1.2' ],
164 silly audit   'function.prototype.name': [ '1.1.6' ],
164 silly audit   'functions-have-names': [ '1.2.3' ],
164 silly audit   'get-intrinsic': [ '1.2.4' ],
164 silly audit   'get-symbol-description': [ '1.0.2' ],
164 silly audit   'get-tsconfig': [ '4.7.6' ],
164 silly audit   glob: [ '10.3.10', '7.2.3' ],
164 silly audit   'glob-to-regexp': [ '0.4.1' ],
164 silly audit   globals: [ '13.24.0' ],
164 silly audit   globalthis: [ '1.0.4' ],
164 silly audit   globby: [ '11.1.0' ],
164 silly audit   gopd: [ '1.0.1' ],
164 silly audit   'graceful-fs': [ '4.2.11' ],
164 silly audit   graphemer: [ '1.4.0' ],
164 silly audit   'has-bigints': [ '1.0.2' ],
164 silly audit   'has-flag': [ '4.0.0' ],
164 silly audit   'has-property-descriptors': [ '1.0.2' ],
164 silly audit   'has-proto': [ '1.0.3' ],
164 silly audit   'has-symbols': [ '1.0.3' ],
164 silly audit   'has-tostringtag': [ '1.0.2' ],
164 silly audit   hasown: [ '2.0.2' ],
164 silly audit   ignore: [ '5.3.1' ],
164 silly audit   'import-fresh': [ '3.3.0' ],
164 silly audit   imurmurhash: [ '0.1.4' ],
164 silly audit   inflight: [ '1.0.6' ],
164 silly audit   inherits: [ '2.0.4' ],
164 silly audit   'internal-slot': [ '1.0.7' ],
164 silly audit   'is-arguments': [ '1.1.1' ],
164 silly audit   'is-array-buffer': [ '3.0.4' ],
164 silly audit   'is-async-function': [ '2.0.0' ],
164 silly audit   'is-bigint': [ '1.0.4' ],
164 silly audit   'is-binary-path': [ '2.1.0' ],
164 silly audit   'is-boolean-object': [ '1.1.2' ],
164 silly audit   'is-callable': [ '1.2.7' ],
164 silly audit   'is-core-module': [ '2.15.0' ],
164 silly audit   'is-data-view': [ '1.0.1' ],
164 silly audit   'is-date-object': [ '1.0.5' ],
164 silly audit   'is-extglob': [ '2.1.1' ],
164 silly audit   'is-finalizationregistry': [ '1.0.2' ],
164 silly audit   'is-fullwidth-code-point': [ '3.0.0' ],
164 silly audit   'is-generator-function': [ '1.0.10' ],
164 silly audit   'is-glob': [ '4.0.3' ],
164 silly audit   'is-map': [ '2.0.3' ],
164 silly audit   'is-negative-zero': [ '2.0.3' ],
164 silly audit   'is-number': [ '7.0.0' ],
164 silly audit   'is-number-object': [ '1.0.7' ],
164 silly audit   'is-path-inside': [ '3.0.3' ],
164 silly audit   'is-regex': [ '1.1.4' ],
164 silly audit   'is-set': [ '2.0.3' ],
164 silly audit   'is-shared-array-buffer': [ '1.0.3' ],
164 silly audit   'is-string': [ '1.0.7' ],
164 silly audit   'is-symbol': [ '1.0.4' ],
164 silly audit   'is-typed-array': [ '1.1.13' ],
164 silly audit   'is-weakmap': [ '2.0.2' ],
164 silly audit   'is-weakref': [ '1.0.2' ],
164 silly audit   'is-weakset': [ '2.0.3' ],
164 silly audit   isarray: [ '2.0.5' ],
164 silly audit   isexe: [ '2.0.0' ],
164 silly audit   'iterator.prototype': [ '1.1.2' ],
164 silly audit   jackspeak: [ '2.3.6' ],
164 silly audit   jiti: [ '1.21.6' ],
164 silly audit   'js-cookie': [ '3.0.5' ],
164 silly audit   'js-tokens': [ '4.0.0' ],
164 silly audit   'js-yaml': [ '4.1.0' ],
164 silly audit   'json-buffer': [ '3.0.1' ],
164 silly audit   'json-schema-traverse': [ '0.4.1' ],
164 silly audit   'json-stable-stringify-without-jsonify': [ '1.0.1' ],
164 silly audit   json5: [ '1.0.2' ],
164 silly audit   'jsx-ast-utils': [ '3.3.5' ],
164 silly audit   keyv: [ '4.5.4' ],
164 silly audit   'language-subtag-registry': [ '0.3.23' ],
164 silly audit   'language-tags': [ '1.0.9' ],
164 silly audit   levn: [ '0.4.1' ],
164 silly audit   lilconfig: [ '2.1.0', '3.1.2' ],
164 silly audit   'lines-and-columns': [ '1.2.4' ],
164 silly audit   'locate-path': [ '6.0.0' ],
164 silly audit   lodash: [ '4.17.21' ],
164 silly audit   'lodash.merge': [ '4.6.2' ],
164 silly audit   'loose-envify': [ '1.4.0' ],
164 silly audit   'lower-case': [ '2.0.2' ],
164 silly audit   'lru-cache': [ '10.4.3' ],
164 silly audit   'lucide-react': [ '0.424.0' ],
164 silly audit   'make-error': [ '1.3.6' ],
164 silly audit   'map-obj': [ '4.3.0' ],
164 silly audit   merge2: [ '1.4.1' ],
164 silly audit   micromatch: [ '4.0.7' ],
164 silly audit   'mime-db': [ '1.52.0' ],
164 silly audit   'mime-types': [ '2.1.35' ],
164 silly audit   minimist: [ '1.2.8' ],
164 silly audit   minipass: [ '7.1.2' ],
164 silly audit   ms: [ '2.1.2' ],
164 silly audit   mz: [ '2.7.0' ],
164 silly audit   nanoid: [ '3.3.7' ],
164 silly audit   'natural-compare': [ '1.4.0' ],
164 silly audit   next: [ '14.2.5' ],
164 silly audit   'next-cloudinary': [ '6.9.0' ],
164 silly audit   postcss: [ '8.4.31', '8.4.40' ],
164 silly audit   'no-case': [ '3.0.4' ],
164 silly audit   'normalize-path': [ '3.0.0' ],
164 silly audit   'object-assign': [ '4.1.1' ],
164 silly audit   'object-hash': [ '3.0.0' ],
164 silly audit   'object-inspect': [ '1.13.2' ],
164 silly audit   'object-is': [ '1.1.6' ],
164 silly audit   'object-keys': [ '1.1.1' ],
164 silly audit   'object.assign': [ '4.1.5' ],
164 silly audit   'object.entries': [ '1.1.8' ],
164 silly audit   'object.fromentries': [ '2.0.8' ],
164 silly audit   'object.groupby': [ '1.0.3' ],
164 silly audit   'object.values': [ '1.2.0' ],
164 silly audit   once: [ '1.4.0' ],
164 silly audit   optionator: [ '0.9.4' ],
164 silly audit   'p-limit': [ '3.1.0' ],
164 silly audit   'p-locate': [ '5.0.0' ],
164 silly audit   'parent-module': [ '1.0.1' ],
164 silly audit   'path-exists': [ '4.0.0' ],
164 silly audit   'path-is-absolute': [ '1.0.1' ],
164 silly audit   'path-key': [ '3.1.1' ],
164 silly audit   'path-parse': [ '1.0.7' ],
164 silly audit   'path-scurry': [ '1.11.1' ],
164 silly audit   'path-to-regexp': [ '6.2.2' ],
164 silly audit   'path-type': [ '4.0.0' ],
164 silly audit   picocolors: [ '1.0.1' ],
164 silly audit   picomatch: [ '2.3.1' ],
164 silly audit   pify: [ '2.3.0' ],
164 silly audit   pirates: [ '4.0.6' ],
164 silly audit   'possible-typed-array-names': [ '1.0.0' ],
164 silly audit   'postcss-import': [ '15.1.0' ],
164 silly audit   'postcss-js': [ '4.0.1' ],
164 silly audit   'postcss-load-config': [ '4.0.2' ],
164 silly audit   'postcss-nested': [ '6.2.0' ],
164 silly audit   'postcss-selector-parser': [ '6.1.1' ],
164 silly audit   'postcss-value-parser': [ '4.2.0' ],
164 silly audit   'prelude-ls': [ '1.2.1' ],
164 silly audit   prisma: [ '5.18.0' ],
164 silly audit   'prop-types': [ '15.8.1' ],
164 silly audit   'proxy-from-env': [ '1.1.0' ],
164 silly audit   punycode: [ '2.3.1' ],
164 silly audit   q: [ '1.5.1' ],
164 silly audit   'queue-microtask': [ '1.2.3' ],
164 silly audit   react: [ '18.3.1' ],
164 silly audit   'react-dom': [ '18.3.1' ],
164 silly audit   'react-is': [ '16.13.1' ],
164 silly audit   'read-cache': [ '1.0.0' ],
164 silly audit   readdirp: [ '3.6.0' ],
164 silly audit   'reflect.getprototypeof': [ '1.0.6' ],
164 silly audit   'regexp.prototype.flags': [ '1.5.2' ],
164 silly audit   'resolve-from': [ '4.0.0' ],
164 silly audit   'resolve-pkg-maps': [ '1.0.0' ],
164 silly audit   reusify: [ '1.0.4' ],
164 silly audit   rimraf: [ '3.0.2' ],
164 silly audit   'run-parallel': [ '1.2.0' ],
164 silly audit   'safe-array-concat': [ '1.1.2' ],
164 silly audit   'safe-regex-test': [ '1.0.3' ],
164 silly audit   scheduler: [ '0.23.2' ],
164 silly audit   'server-only': [ '0.0.1' ],
164 silly audit   'set-function-length': [ '1.2.2' ],
164 silly audit   'set-function-name': [ '2.0.2' ],
164 silly audit   'shebang-command': [ '2.0.0' ],
164 silly audit   'shebang-regex': [ '3.0.0' ],
164 silly audit   'side-channel': [ '1.0.6' ],
164 silly audit   'signal-exit': [ '4.1.0' ],
164 silly audit   slash: [ '3.0.0' ],
164 silly audit   'snake-case': [ '3.0.4' ],
164 silly audit   'snakecase-keys': [ '5.4.4' ],
164 silly audit   'type-fest': [ '2.19.0', '0.20.2' ],
164 silly audit   'source-map-js': [ '1.2.0' ],
164 silly audit   'std-env': [ '3.7.0' ],
164 silly audit   'stop-iteration-iterator': [ '1.0.0' ],
164 silly audit   streamsearch: [ '1.1.0' ],
164 silly audit   'string-width': [ '5.1.2', '4.2.3' ],
164 silly audit   'string.prototype.includes': [ '2.0.0' ],
164 silly audit   'string.prototype.matchall': [ '4.0.11' ],
164 silly audit   'string.prototype.repeat': [ '1.0.0' ],
164 silly audit   'string.prototype.trim': [ '1.2.9' ],
164 silly audit   'string.prototype.trimend': [ '1.0.8' ],
164 silly audit   'string.prototype.trimstart': [ '1.0.8' ],
164 silly audit   'strip-bom': [ '3.0.0' ],
164 silly audit   'strip-json-comments': [ '3.1.1' ],
164 silly audit   'styled-jsx': [ '5.1.1' ],
164 silly audit   sucrase: [ '3.35.0' ],
164 silly audit   'supports-color': [ '7.2.0' ],
164 silly audit   'supports-preserve-symlinks-flag': [ '1.0.0' ],
164 silly audit   swr: [ '2.2.5' ],
164 silly audit   tailwindcss: [ '3.4.7' ],
164 silly audit   tapable: [ '2.2.1' ],
164 silly audit   'text-table': [ '0.2.0' ],
164 silly audit   thenify: [ '3.3.1' ],
164 silly audit   'thenify-all': [ '1.6.0' ],
164 silly audit   'to-regex-range': [ '5.0.1' ],
164 silly audit   'ts-api-utils': [ '1.3.0' ],
164 silly audit   'ts-interface-checker': [ '0.1.13' ],
164 silly audit   'ts-node': [ '10.9.2' ],
164 silly audit   'tsconfig-paths': [ '3.15.0' ],
164 silly audit   'type-check': [ '0.4.0' ],
164 silly audit   'typed-array-buffer': [ '1.0.2' ],
164 silly audit   'typed-array-byte-length': [ '1.0.1' ],
164 silly audit   'typed-array-byte-offset': [ '1.0.2' ],
164 silly audit   'typed-array-length': [ '1.0.6' ],
164 silly audit   typescript: [ '5.5.4' ],
164 silly audit   'unbox-primitive': [ '1.0.2' ],
164 silly audit   'undici-types': [ '5.26.5' ],
164 silly audit   'uri-js': [ '4.4.1' ],
164 silly audit   'use-sync-external-store': [ '1.2.2' ],
164 silly audit   'util-deprecate': [ '1.0.2' ],
164 silly audit   'v8-compile-cache-lib': [ '3.0.1' ],
164 silly audit   which: [ '2.0.2' ],
164 silly audit   'which-boxed-primitive': [ '1.0.2' ],
164 silly audit   'which-builtin-type': [ '1.1.4' ],
164 silly audit   'which-collection': [ '1.0.2' ],
164 silly audit   'which-typed-array': [ '1.1.15' ],
164 silly audit   'word-wrap': [ '1.2.5' ],
164 silly audit   'wrap-ansi': [ '8.1.0', '7.0.0' ],
164 silly audit   wrappy: [ '1.0.2' ],
164 silly audit   yaml: [ '2.5.0' ],
164 silly audit   yn: [ '3.1.1' ],
164 silly audit   'yocto-queue': [ '0.1.0' ],
164 silly audit   zod: [ '3.23.8' ],
164 silly audit   '@prisma/adapter-pg': [ '7.9.1' ],
164 silly audit   '@prisma/client': [ '7.9.1' ],
164 silly audit   dotenv: [ '17.4.2' ],
164 silly audit   pg: [ '8.22.0' ],
164 silly audit   '@prisma/driver-adapter-utils': [ '7.9.1' ],
164 silly audit   '@types/pg': [ '8.20.3' ],
164 silly audit   'postgres-array': [ '3.0.4', '2.0.0' ],
164 silly audit   '@prisma/client-runtime-utils': [ '7.9.1' ],
164 silly audit   'pg-protocol': [ '1.15.0' ],
164 silly audit   'pg-types': [ '2.2.0' ],
164 silly audit   'pg-cloudflare': [ '1.4.0' ],
164 silly audit   'pg-connection-string': [ '2.14.0' ],
164 silly audit   'pg-pool': [ '3.14.0' ],
164 silly audit   pgpass: [ '1.0.5' ],
164 silly audit   'pg-int8': [ '1.0.1' ],
164 silly audit   'postgres-bytea': [ '1.0.1' ],
164 silly audit   'postgres-date': [ '1.0.7' ],
164 silly audit   'postgres-interval': [ '1.2.0' ],
164 silly audit   split2: [ '4.2.0' ],
164 silly audit   xtend: [ '4.0.2' ]
164 silly audit }
165 http cache xtend@https://registry.npmjs.org/xtend/-/xtend-4.0.2.tgz 0ms (cache hit)
166 http cache split2@https://registry.npmjs.org/split2/-/split2-4.2.0.tgz 0ms (cache hit)
167 http cache postgres-date@https://registry.npmjs.org/postgres-date/-/postgres-date-1.0.7.tgz 0ms (cache hit)
168 http cache postgres-interval@https://registry.npmjs.org/postgres-interval/-/postgres-interval-1.2.0.tgz 0ms (cache hit)
169 http cache postgres-bytea@https://registry.npmjs.org/postgres-bytea/-/postgres-bytea-1.0.1.tgz 0ms (cache hit)
170 http cache pg-int8@https://registry.npmjs.org/pg-int8/-/pg-int8-1.0.1.tgz 0ms (cache hit)
171 http cache pgpass@https://registry.npmjs.org/pgpass/-/pgpass-1.0.5.tgz 0ms (cache hit)
172 http cache pg-pool@https://registry.npmjs.org/pg-pool/-/pg-pool-3.14.0.tgz 0ms (cache hit)
173 http cache pg-connection-string@https://registry.npmjs.org/pg-connection-string/-/pg-connection-string-2.14.0.tgz 0ms (cache hit)
174 http cache pg-cloudflare@https://registry.npmjs.org/pg-cloudflare/-/pg-cloudflare-1.4.0.tgz 0ms (cache hit)
175 http cache pg-protocol@https://registry.npmjs.org/pg-protocol/-/pg-protocol-1.15.0.tgz 0ms (cache hit)
176 http cache pg-types@https://registry.npmjs.org/pg-types/-/pg-types-2.2.0.tgz 0ms (cache hit)
177 http cache @prisma/client-runtime-utils@https://registry.npmjs.org/@prisma/client-runtime-utils/-/client-runtime-utils-7.9.1.tgz 0ms (cache hit)
178 http cache postgres-array@https://registry.npmjs.org/postgres-array/-/postgres-array-3.0.4.tgz 0ms (cache hit)
179 http cache @prisma/driver-adapter-utils@https://registry.npmjs.org/@prisma/driver-adapter-utils/-/driver-adapter-utils-7.9.1.tgz 0ms (cache hit)
180 http cache @prisma/adapter-pg@https://registry.npmjs.org/@prisma/adapter-pg/-/adapter-pg-7.9.1.tgz 0ms (cache hit)
181 http cache @types/pg@https://registry.npmjs.org/@types/pg/-/pg-8.20.3.tgz 0ms (cache hit)
182 http cache pg@https://registry.npmjs.org/pg/-/pg-8.22.0.tgz 0ms (cache hit)
183 http cache @prisma/client@https://registry.npmjs.org/@prisma/client/-/client-7.9.1.tgz 0ms (cache hit)
184 http cache dotenv@https://registry.npmjs.org/dotenv/-/dotenv-17.4.2.tgz 0ms (cache hit)
185 silly tarball no local data for xtend@https://registry.npmjs.org/xtend/-/xtend-4.0.2.tgz. Extracting by manifest.
186 silly tarball no local data for split2@https://registry.npmjs.org/split2/-/split2-4.2.0.tgz. Extracting by manifest.
187 silly tarball no local data for postgres-date@https://registry.npmjs.org/postgres-date/-/postgres-date-1.0.7.tgz. Extracting by manifest.
188 silly tarball no local data for postgres-interval@https://registry.npmjs.org/postgres-interval/-/postgres-interval-1.2.0.tgz. Extracting by manifest.
189 silly tarball no local data for postgres-bytea@https://registry.npmjs.org/postgres-bytea/-/postgres-bytea-1.0.1.tgz. Extracting by manifest.
190 silly tarball no local data for pg-int8@https://registry.npmjs.org/pg-int8/-/pg-int8-1.0.1.tgz. Extracting by manifest.
191 silly tarball no local data for pgpass@https://registry.npmjs.org/pgpass/-/pgpass-1.0.5.tgz. Extracting by manifest.
192 silly tarball no local data for pg-pool@https://registry.npmjs.org/pg-pool/-/pg-pool-3.14.0.tgz. Extracting by manifest.
193 silly tarball no local data for pg-connection-string@https://registry.npmjs.org/pg-connection-string/-/pg-connection-string-2.14.0.tgz. Extracting by manifest.
194 silly tarball no local data for pg-cloudflare@https://registry.npmjs.org/pg-cloudflare/-/pg-cloudflare-1.4.0.tgz. Extracting by manifest.
195 silly tarball no local data for pg-protocol@https://registry.npmjs.org/pg-protocol/-/pg-protocol-1.15.0.tgz. Extracting by manifest.
196 http cache postgres-array@https://registry.npmjs.org/postgres-array/-/postgres-array-2.0.0.tgz 0ms (cache hit)
197 silly tarball no local data for pg-types@https://registry.npmjs.org/pg-types/-/pg-types-2.2.0.tgz. Extracting by manifest.
198 silly tarball no local data for @prisma/client-runtime-utils@https://registry.npmjs.org/@prisma/client-runtime-utils/-/client-runtime-utils-7.9.1.tgz. Extracting by manifest.
199 silly tarball no local data for postgres-array@https://registry.npmjs.org/postgres-array/-/postgres-array-3.0.4.tgz. Extracting by manifest.
200 silly tarball no local data for @prisma/driver-adapter-utils@https://registry.npmjs.org/@prisma/driver-adapter-utils/-/driver-adapter-utils-7.9.1.tgz. Extracting by manifest.
201 silly tarball no local data for @prisma/adapter-pg@https://registry.npmjs.org/@prisma/adapter-pg/-/adapter-pg-7.9.1.tgz. Extracting by manifest.
202 silly tarball no local data for @types/pg@https://registry.npmjs.org/@types/pg/-/pg-8.20.3.tgz. Extracting by manifest.
203 silly tarball no local data for pg@https://registry.npmjs.org/pg/-/pg-8.22.0.tgz. Extracting by manifest.
204 silly tarball no local data for @prisma/client@https://registry.npmjs.org/@prisma/client/-/client-7.9.1.tgz. Extracting by manifest.
205 http cache @prisma/debug@https://registry.npmjs.org/@prisma/debug/-/debug-7.9.1.tgz 0ms (cache hit)
206 silly tarball no local data for dotenv@https://registry.npmjs.org/dotenv/-/dotenv-17.4.2.tgz. Extracting by manifest.
207 silly tarball no local data for postgres-array@https://registry.npmjs.org/postgres-array/-/postgres-array-2.0.0.tgz. Extracting by manifest.
208 silly tarball no local data for @prisma/debug@https://registry.npmjs.org/@prisma/debug/-/debug-7.9.1.tgz. Extracting by manifest.
209 http fetch GET 200 https://registry.npmjs.org/split2/-/split2-4.2.0.tgz 243ms (cache miss)
210 http fetch GET 200 https://registry.npmjs.org/xtend/-/xtend-4.0.2.tgz 246ms (cache miss)
211 http fetch GET 200 https://registry.npmjs.org/postgres-bytea/-/postgres-bytea-1.0.1.tgz 248ms (cache miss)
212 http fetch GET 200 https://registry.npmjs.org/pg-int8/-/pg-int8-1.0.1.tgz 253ms (cache miss)
213 http fetch GET 200 https://registry.npmjs.org/postgres-date/-/postgres-date-1.0.7.tgz 258ms (cache miss)
214 http fetch GET 200 https://registry.npmjs.org/@prisma/driver-adapter-utils/-/driver-adapter-utils-7.9.1.tgz 245ms (cache miss)
215 http fetch GET 200 https://registry.npmjs.org/postgres-interval/-/postgres-interval-1.2.0.tgz 266ms (cache miss)
216 http fetch GET 200 https://registry.npmjs.org/@types/pg/-/pg-8.20.3.tgz 256ms (cache miss)
217 http fetch GET 200 https://registry.npmjs.org/postgres-array/-/postgres-array-2.0.0.tgz 236ms (cache miss)
218 http fetch GET 200 https://registry.npmjs.org/pgpass/-/pgpass-1.0.5.tgz 275ms (cache miss)
219 http fetch GET 200 https://registry.npmjs.org/pg-connection-string/-/pg-connection-string-2.14.0.tgz 280ms (cache miss)
220 http fetch GET 200 https://registry.npmjs.org/pg-pool/-/pg-pool-3.14.0.tgz 297ms (cache miss)
221 http fetch GET 200 https://registry.npmjs.org/postgres-array/-/postgres-array-3.0.4.tgz 298ms (cache miss)
222 http fetch GET 200 https://registry.npmjs.org/@prisma/debug/-/debug-7.9.1.tgz 311ms (cache miss)
223 http fetch GET 200 https://registry.npmjs.org/pg-cloudflare/-/pg-cloudflare-1.4.0.tgz 379ms (cache miss)
224 http fetch GET 200 https://registry.npmjs.org/dotenv/-/dotenv-17.4.2.tgz 374ms (cache miss)
225 http fetch GET 200 https://registry.npmjs.org/pg-types/-/pg-types-2.2.0.tgz 393ms (cache miss)
226 http fetch GET 200 https://registry.npmjs.org/@prisma/adapter-pg/-/adapter-pg-7.9.1.tgz 409ms (cache miss)
227 http fetch GET 200 https://registry.npmjs.org/pg/-/pg-8.22.0.tgz 418ms (cache miss)
228 http fetch GET 200 https://registry.npmjs.org/pg-protocol/-/pg-protocol-1.15.0.tgz 532ms (cache miss)
229 http fetch GET 200 https://registry.npmjs.org/@prisma/client-runtime-utils/-/client-runtime-utils-7.9.1.tgz 969ms (cache miss)
230 http fetch POST 200 https://registry.npmjs.org/-/npm/v1/security/advisories/bulk 1317ms
231 silly audit report {
231 silly audit report   '@clerk/nextjs': [
231 silly audit report     {
231 silly audit report       id: 1117132,
231 silly audit report       url: 'https://github.com/advisories/GHSA-vqx2-fgx2-5wq9',
231 silly audit report       title: 'Official Clerk JavaScript SDKs: Middleware-based route protection bypass',
231 silly audit report       severity: 'critical',
231 silly audit report       vulnerable_versions: '>=5.0.0 <5.7.6',
231 silly audit report       cwe: [Array],
231 silly audit report       cvss: [Object]
231 silly audit report     }
231 silly audit report   ],
231 silly audit report   'brace-expansion': [
231 silly audit report     {
231 silly audit report       id: 1105443,
231 silly audit report       url: 'https://github.com/advisories/GHSA-v6h2-p8h4-qcjw',
231 silly audit report       title: 'brace-expansion Regular Expression Denial of Service vulnerability',
231 silly audit report       severity: 'low',
231 silly audit report       vulnerable_versions: '>=1.0.0 <=1.1.11',
231 silly audit report       cwe: [Array],
231 silly audit report       cvss: [Object]
231 silly audit report     },
231 silly audit report     {
231 silly audit report       id: 1105444,
231 silly audit report       url: 'https://github.com/advisories/GHSA-v6h2-p8h4-qcjw',
231 silly audit report       title: 'brace-expansion Regular Expression Denial of Service vulnerability',
231 silly audit report       severity: 'low',
231 silly audit report       vulnerable_versions: '>=2.0.0 <=2.0.1',
231 silly audit report       cwe: [Array],
231 silly audit report       cvss: [Object]
231 silly audit report     },
231 silly audit report     {
231 silly audit report       id: 1130588,
231 silly audit report       url: 'https://github.com/advisories/GHSA-mh99-v99m-4gvg',
231 silly audit report       title: 'brace-expansion: DoS via unbounded expansion length causing an out-of-memory process crash',
231 silly audit report       severity: 'high',
231 silly audit report       vulnerable_versions: '<1.1.17',
231 silly audit report       cwe: [Array],
231 silly audit report       cvss: [Object]
231 silly audit report     },
231 silly audit report     {
231 silly audit report       id: 1130589,
231 silly audit report       url: 'https://github.com/advisories/GHSA-mh99-v99m-4gvg',
231 silly audit report       title: 'brace-expansion: DoS via unbounded expansion length causing an out-of-memory process crash',
231 silly audit report       severity: 'high',
231 silly audit report       vulnerable_versions: '>=2.0.0 <2.1.3',
231 silly audit report       cwe: [Array],
231 silly audit report       cvss: [Object]
231 silly audit report     },
231 silly audit report     {
231 silly audit report       id: 1115540,
231 silly audit report       url: 'https://github.com/advisories/GHSA-f886-m6hf-6m8v',
231 silly audit report       title: 'brace-expansion: Zero-step sequence causes process hang and memory exhaustion',
231 silly audit report       severity: 'moderate',
231 silly audit report       vulnerable_versions: '<1.1.13',
231 silly audit report       cwe: [Array],
231 silly audit report       cvss: [Object]
231 silly audit report     },
231 silly audit report     {
231 silly audit report       id: 1115541,
231 silly audit report       url: 'https://github.com/advisories/GHSA-f886-m6hf-6m8v',
231 silly audit report       title: 'brace-expansion: Zero-step sequence causes process hang and memory exhaustion',
231 silly audit report       severity: 'moderate',
231 silly audit report       vulnerable_versions: '>=2.0.0 <2.0.3',
231 silly audit report       cwe: [Array],
231 silly audit report       cvss: [Object]
231 silly audit report     },
231 silly audit report     {
231 silly audit report       id: 1123896,
231 silly audit report       url: 'https://github.com/advisories/GHSA-3jxr-9vmj-r5cp',
231 silly audit report       title: 'brace-expansion: DoS via exponential-time expansion of consecutive non-expanding {} groups',
231 silly audit report       severity: 'high',
231 silly audit report       vulnerable_versions: '>=2.0.0 <2.1.2',
231 silly audit report       cwe: [Array],
231 silly audit report       cvss: [Object]
231 silly audit report     },
231 silly audit report     {
231 silly audit report       id: 1123897,
231 silly audit report       url: 'https://github.com/advisories/GHSA-3jxr-9vmj-r5cp',
231 silly audit report       title: 'brace-expansion: DoS via exponential-time expansion of consecutive non-expanding {} groups',
231 silly audit report       severity: 'high',
231 silly audit report       vulnerable_versions: '<1.1.16',
231 silly audit report       cwe: [Array],
231 silly audit report       cvss: [Object]
231 silly audit report     }
231 silly audit report   ],
231 silly audit report   minimatch: [
231 silly audit report     {
231 silly audit report       id: 1113459,
231 silly audit report       url: 'https://github.com/advisories/GHSA-3ppc-4f35-3m26',
231 silly audit report       title: 'minimatch has a ReDoS via repeated wildcards with non-matching literal in pattern',
231 silly audit report       severity: 'high',
231 silly audit report       vulnerable_versions: '<3.1.3',
231 silly audit report       cwe: [Array],
231 silly audit report       cvss: [Object]
231 silly audit report     },
231 silly audit report     {
231 silly audit report       id: 1113465,
231 silly audit report       url: 'https://github.com/advisories/GHSA-3ppc-4f35-3m26',
231 silly audit report       title: 'minimatch has a ReDoS via repeated wildcards with non-matching literal in pattern',
231 silly audit report       severity: 'high',
231 silly audit report       vulnerable_versions: '>=9.0.0 <9.0.6',
231 silly audit report       cwe: [Array],
231 silly audit report       cvss: [Object]
231 silly audit report     },
231 silly audit report     {
231 silly audit report       id: 1113538,
231 silly audit report       url: 'https://github.com/advisories/GHSA-7r86-cg39-jmmj',
231 silly audit report       title: 'minimatch has ReDoS: matchOne() combinatorial backtracking via multiple non-adjacent GLOBSTAR segments',
231 silly audit report       severity: 'high',
231 silly audit report       vulnerable_versions: '<3.1.3',
231 silly audit report       cwe: [Array],
231 silly audit report       cvss: [Object]
231 silly audit report     },
231 silly audit report     {
231 silly audit report       id: 1113544,
231 silly audit report       url: 'https://github.com/advisories/GHSA-7r86-cg39-jmmj',
231 silly audit report       title: 'minimatch has ReDoS: matchOne() combinatorial backtracking via multiple non-adjacent GLOBSTAR segments',
231 silly audit report       severity: 'high',
231 silly audit report       vulnerable_versions: '>=9.0.0 <9.0.7',
231 silly audit report       cwe: [Array],
231 silly audit report       cvss: [Object]
231 silly audit report     },
231 silly audit report     {
231 silly audit report       id: 1113546,
231 silly audit report       url: 'https://github.com/advisories/GHSA-23c5-xmqv-rm74',
231 silly audit report       title: 'minimatch ReDoS: nested *() extglobs generate catastrophically backtracking regular expressions',
231 silly audit report       severity: 'high',
231 silly audit report       vulnerable_versions: '<3.1.4',
231 silly audit report       cwe: [Array],
231 silly audit report       cvss: [Object]
231 silly audit report     },
231 silly audit report     {
231 silly audit report       id: 1113552,
231 silly audit report       url: 'https://github.com/advisories/GHSA-23c5-xmqv-rm74',
231 silly audit report       title: 'minimatch ReDoS: nested *() extglobs generate catastrophically backtracking regular expressions',
231 silly audit report       severity: 'high',
231 silly audit report       vulnerable_versions: '>=9.0.0 <9.0.7',
231 silly audit report       cwe: [Array],
231 silly audit report       cvss: [Object]
231 silly audit report     }
231 silly audit report   ],
231 silly audit report   ajv: [
231 silly audit report     {
231 silly audit report       id: 1113714,
231 silly audit report       url: 'https://github.com/advisories/GHSA-2g4f-4pwh-qvx6',
231 silly audit report       title: 'ajv has ReDoS when using `$data` option',
231 silly audit report       severity: 'moderate',
231 silly audit report       vulnerable_versions: '<6.14.0',
231 silly audit report       cwe: [Array],
231 silly audit report       cvss: [Object]
231 silly audit report     }
231 silly audit report   ],
231 silly audit report   axios: [
231 silly audit report     {
231 silly audit report       id: 1111035,
231 silly audit report       url: 'https://github.com/advisories/GHSA-jr5f-v2jv-69x6',
231 silly audit report       title: 'axios Requests Vulnerable To Possible SSRF and Credential Leakage via Absolute URL',
231 silly audit report       severity: 'high',
231 silly audit report       vulnerable_versions: '>=1.0.0 <1.8.2',
231 silly audit report       cwe: [Array],
231 silly audit report       cvss: [Object]
231 silly audit report     },
231 silly audit report     {
231 silly audit report       id: 1118607,
231 silly audit report       url: 'https://github.com/advisories/GHSA-q8qp-cvcw-x6jj',
231 silly audit report       title: 'Axios has prototype pollution read-side gadgets in HTTP adapter that allow credential injection and request hijacking',
231 silly audit report       severity: 'high',
231 silly audit report       vulnerable_versions: '>=1.0.0 <1.15.2',
231 silly audit report       cwe: [Array],
231 silly audit report       cvss: [Object]
231 silly audit report     },
231 silly audit report     {
231 silly audit report       id: 1112195,
231 silly audit report       url: 'https://github.com/advisories/GHSA-4hjh-wcwx-xvwj',
231 silly audit report       title: 'Axios is vulnerable to DoS attack through lack of data size check',
231 silly audit report       severity: 'high',
231 silly audit report       vulnerable_versions: '>=1.0.0 <1.12.0',
231 silly audit report       cwe: [Array],
231 silly audit report       cvss: [Object]
231 silly audit report     },
231 silly audit report     {
231 silly audit report       id: 1119404,
231 silly audit report       url: 'https://github.com/advisories/GHSA-fvcv-3m26-pcqx',
231 silly audit report       title: 'Axios has Unrestricted Cloud Metadata Exfiltration via Header Injection Chain',
231 silly audit report       severity: 'moderate',
231 silly audit report       vulnerable_versions: '>=1.0.0 <1.15.0',
231 silly audit report       cwe: [Array],
231 silly audit report       cvss: [Object]
231 silly audit report     },
231 silly audit report     {
231 silly audit report       id: 1120125,
231 silly audit report       url: 'https://github.com/advisories/GHSA-62hf-57xw-28j9',
231 silly audit report       title: 'Axios: unbounded recursion in toFormData causes DoS via deeply nested request data',
231 silly audit report       severity: 'moderate',
231 silly audit report       vulnerable_versions: '>=1.0.0 <1.15.1',
231 silly audit report       cwe: [Array],
231 silly audit report       cvss: [Object]
231 silly audit report     },
231 silly audit report     {
231 silly audit report       id: 1120547,
231 silly audit report       url: 'https://github.com/advisories/GHSA-hfxv-24rg-xrqf',
231 silly audit report       title: 'Axios: Regular Expression Denial of Service (ReDoS) via Cookie Name Injection',
231 silly audit report       severity: 'high',
231 silly audit report       vulnerable_versions: '>=1.0.0 <1.16.0',
231 silly audit report       cwe: [Array],
231 silly audit report       cvss: [Object]
231 silly audit report     },
231 silly audit report     {
231 silly audit report       id: 1120643,
231 silly audit report       url: 'https://github.com/advisories/GHSA-777c-7fjr-54vf',
231 silly audit report       title: 'Allocation of Resources Without Limits or Throttling in Axios',
231 silly audit report       severity: 'high',
231 silly audit report       vulnerable_versions: '>=1.7.0 <1.16.0',
231 silly audit report       cwe: [Array],
231 silly audit report       cvss: [Object]
231 silly audit report     },
231 silly audit report     {
231 silly audit report       id: 1120645,
231 silly audit report       url: 'https://github.com/advisories/GHSA-p92q-9vqr-4j8v',
231 silly audit report       title: 'Axios: Proxy-Authorization Credential Leak to Origin Server Across HTTP-to-HTTPS Redirect in Axios Node.js HTTP Adapter',
231 silly audit report       severity: 'high',
231 silly audit report       vulnerable_versions: '>=1.0.0 <1.16.0',
231 silly audit report       cwe: [Array],
231 silly audit report       cvss: [Object]
231 silly audit report     },
231 silly audit report     {
231 silly audit report       id: 1120647,
231 silly audit report       url: 'https://github.com/advisories/GHSA-j5f8-grm9-p9fc',
231 silly audit report       title: 'Axios: Proxy-Authorization header leaks to redirect target when proxy is re-evaluated to direct connection',
231 silly audit report       severity: 'high',
231 silly audit report       vulnerable_versions: '>=1.0.0 <1.16.0',
231 silly audit report       cwe: [Array],
231 silly audit report       cvss: [Object]
231 silly audit report     },
231 silly audit report     {
231 silly audit report       id: 1120649,
231 silly audit report       url: 'https://github.com/advisories/GHSA-3g43-6gmg-66jw',
231 silly audit report       title: 'axios Vulnerable to Credential Theft and Response Hijacking via Prototype Pollution Gadget in Config Merge',
231 silly audit report       severity: 'high',
231 silly audit report       vulnerable_versions: '>=1.0.0 <1.15.2',
231 silly audit report       cwe: [Array],
231 silly audit report       cvss: [Object]
231 silly audit report     },
231 silly audit report     {
231 silly audit report       id: 1120650,
231 silly audit report       url: 'https://github.com/advisories/GHSA-35jp-ww65-95wh',
231 silly audit report       title: 'axios Vulnerable to Full Man-in-the-Middle via Prototype Pollution Gadget in `config.proxy`',
231 silly audit report       severity: 'high',
231 silly audit report       vulnerable_versions: '>=1.0.0 <1.16.0',
231 silly audit report       cwe: [Array],
231 silly audit report       cvss: [Object]
231 silly audit report     },
231 silly audit report     {
231 silly audit report       id: 1120652,
231 silly audit report       url: 'https://github.com/advisories/GHSA-898c-q2cr-xwhg',
231 silly audit report       title: 'axios has DoS & Header Injection via Prototype Pollution Read-Side Gadgets in axios merge functions',
231 silly audit report       severity: 'moderate',
231 silly audit report       vulnerable_versions: '>=1.0.0 <1.16.0',
231 silly audit report       cwe: [Array],
231 silly audit report       cvss: [Object]
231 silly audit report     },
231 silly audit report     {
231 silly audit report       id: 1116673,
231 silly audit report       url: 'https://github.com/advisories/GHSA-3p68-rc4w-qgx5',
231 silly audit report       title: 'Axios has a NO_PROXY Hostname Normalization Bypass that Leads to SSRF',
231 silly audit report       severity: 'moderate',
231 silly audit report       vulnerable_versions: '>=1.0.0 <1.15.0',
231 silly audit report       cwe: [Array],
231 silly audit report       cvss: [Object]
231 silly audit report     },
231 silly audit report     {
231 silly audit report       id: 1117574,
231 silly audit report       url: 'https://github.com/advisories/GHSA-w9j2-pvgh-6h63',
231 silly audit report       title: 'Axios: Authentication Bypass via Prototype Pollution Gadget in `validateStatus` Merge Strategy',
231 silly audit report       severity: 'moderate',
231 silly audit report       vulnerable_versions: '>=1.0.0 <1.15.1',
231 silly audit report       cwe: [Array],
231 silly audit report       cvss: [Object]
231 silly audit report     },
231 silly audit report     {
231 silly audit report       id: 1117576,
231 silly audit report       url: 'https://github.com/advisories/GHSA-pmwg-cvhr-8vh7',
231 silly audit report       title: 'Axios: Incomplete Fix for CVE-2025-62718 — NO_PROXY Protection Bypassed via RFC 1122 Loopback Subnet (127.0.0.0/8) in Axios 1.15.0',
231 silly audit report       severity: 'high',
231 silly audit report       vulnerable_versions: '>=1.0.0 <1.15.1',
231 silly audit report       cwe: [Array],
231 silly audit report       cvss: [Object]
231 silly audit report     },
231 silly audit report     {
231 silly audit report       id: 1117577,
231 silly audit report       url: 'https://github.com/advisories/GHSA-3w6x-2g7m-8v23',
231 silly audit report       title: 'Axios: Invisible JSON Response Tampering via Prototype Pollution Gadget in `parseReviver`',
231 silly audit report       severity: 'moderate',
231 silly audit report       vulnerable_versions: '>=1.0.0 <1.15.2',
231 silly audit report       cwe: [Array],
231 silly audit report       cvss: [Object]
231 silly audit report     },
231 silly audit report     {
231 silly audit report       id: 1117580,
231 silly audit report       url: 'https://github.com/advisories/GHSA-xhjh-pmcv-23jw',
231 silly audit report       title: 'Axios: Null Byte Injection via Reverse-Encoding in AxiosURLSearchParams',
231 silly audit report       severity: 'low',
231 silly audit report       vulnerable_versions: '>=1.0.0 <1.15.1',
231 silly audit report       cwe: [Array],
231 silly audit report       cvss: [Object]
231 silly audit report     },
231 silly audit report     {
231 silly audit report       id: 1117581,
231 silly audit report       url: 'https://github.com/advisories/GHSA-445q-vr5w-6q77',
231 silly audit report       title: 'Axios: CRLF Injection in multipart/form-data body via unsanitized blob.type in formDataToStream',
231 silly audit report       severity: 'moderate',
231 silly audit report       vulnerable_versions: '>=1.0.0 <1.15.1',
231 silly audit report       cwe: [Array],
231 silly audit report       cvss: [Object]
231 silly audit report     },
231 silly audit report     {
231 silly audit report       id: 1117583,
231 silly audit report       url: 'https://github.com/advisories/GHSA-m7pr-hjqh-92cm',
231 silly audit report       title: 'Axios: no_proxy bypass via IP alias allows SSRF',
231 silly audit report       severity: 'moderate',
231 silly audit report       vulnerable_versions: '>=1.0.0 <1.15.1',
231 silly audit report       cwe: [Array],
231 silly audit report       cvss: [Object]
231 silly audit report     },
231 silly audit report     {
231 silly audit report       id: 1117587,
231 silly audit report       url: 'https://github.com/advisories/GHSA-5c9x-8gcm-mpgx',
231 silly audit report       title: "Axios' HTTP adapter-streamed uploads bypass maxBodyLength when maxRedirects: 0",
231 silly audit report       severity: 'moderate',
231 silly audit report       vulnerable_versions: '>=1.0.0 <1.15.1',
231 silly audit report       cwe: [Array],
231 silly audit report       cvss: [Object]
231 silly audit report     },
231 silly audit report     {
231 silly audit report       id: 1117589,
231 silly audit report       url: 'https://github.com/advisories/GHSA-vf2m-468p-8v99',
231 silly audit report       title: 'Axios: HTTP adapter streamed responses bypass maxContentLength',
231 silly audit report       severity: 'moderate',
231 silly audit report       vulnerable_versions: '>=1.0.0 <1.15.1',
231 silly audit report       cwe: [Array],
231 silly audit report       cvss: [Object]
231 silly audit report     },
231 silly audit report     {
231 silly audit report       id: 1117591,
231 silly audit report       url: 'https://github.com/advisories/GHSA-pf86-5x62-jrwf',
231 silly audit report       title: 'Axios: Prototype Pollution Gadgets - Response Tampering, Data Exfiltration, and Request Hijacking',
231 silly audit report       severity: 'high',
231 silly audit report       vulnerable_versions: '>=1.0.0 <1.15.1',
231 silly audit report       cwe: [Array],
231 silly audit report       cvss: [Object]
231 silly audit report     },
231 silly audit report     {
231 silly audit report       id: 1117593,
231 silly audit report       url: 'https://github.com/advisories/GHSA-6chq-wfr3-2hj9',
231 silly audit report       title: 'Axios: Header Injection via Prototype Pollution',
231 silly audit report       severity: 'high',
231 silly audit report       vulnerable_versions: '>=1.0.0 <1.15.1',
231 silly audit report       cwe: [Array],
231 silly audit report       cvss: [Object]
231 silly audit report     },
231 silly audit report     {
231 silly audit report       id: 1117595,
231 silly audit report       url: 'https://github.com/advisories/GHSA-xx6v-rp6x-q39c',
231 silly audit report       title: 'Axios: XSRF Token Cross-Origin Leakage via Prototype Pollution Gadget in `withXSRFToken` Boolean Coercion',
231 silly audit report       severity: 'moderate',
231 silly audit report       vulnerable_versions: '>=1.0.0 <1.15.1',
231 silly audit report       cwe: [Array],
231 silly audit report       cvss: [Object]
231 silly audit report     },
231 silly audit report     {
231 silly audit report       id: 1117858,
231 silly audit report       url: 'https://github.com/advisories/GHSA-43fc-jf86-j433',
231 silly audit report       title: 'Axios is Vulnerable to Denial of Service via __proto__ Key in mergeConfig',
231 silly audit report       severity: 'high',
231 silly audit report       vulnerable_versions: '>=1.0.0 <=1.13.4',
231 silly audit report       cwe: [Array],
231 silly audit report       cvss: [Object]
231 silly audit report     },
231 silly audit report     {
231 silly audit report       id: 1123882,
231 silly audit report       url: 'https://github.com/advisories/GHSA-42h9-826w-cgv3',
231 silly audit report       title: 'Axios: Excessive recursion in formDataToJSON can cause denial of service',
231 silly audit report       severity: 'moderate',
231 silly audit report       vulnerable_versions: '>=1.0.0 <1.18.0',
231 silly audit report       cwe: [Array],
231 silly audit report       cvss: [Object]
231 silly audit report     },
231 silly audit report     {
231 silly audit report       id: 1123885,
231 silly audit report       url: 'https://github.com/advisories/GHSA-pmv8-rq9r-6j72',
231 silly audit report       title: 'Axios: Deep formToJSON Key Recursion Can Cause Denial of Service',
231 silly audit report       severity: 'moderate',
231 silly audit report       vulnerable_versions: '>=1.0.0 <1.18.0',
231 silly audit report       cwe: [Array],
231 silly audit report       cvss: [Object]
231 silly audit report     },
231 silly audit report     {
231 silly audit report       id: 1123957,
231 silly audit report       url: 'https://github.com/advisories/GHSA-jqh4-m9w3-8hp9',
231 silly audit report       title: 'Axios: Fetch adapter `ReadableStream` uploads bypass `maxBodyLength`',
231 silly audit report       severity: 'moderate',
231 silly audit report       vulnerable_versions: '>=1.7.0 <1.18.0',
231 silly audit report       cwe: [Array],
231 silly audit report       cvss: [Object]
231 silly audit report     },
231 silly audit report     {
231 silly audit report       id: 1123959,
231 silly audit report       url: 'https://github.com/advisories/GHSA-mmx7-hfxf-jppx',
231 silly audit report       title: 'Axios: Prototype pollution gadgets can alter axios request construction',
231 silly audit report       severity: 'moderate',
231 silly audit report       vulnerable_versions: '>=1.0.0 <1.18.0',
231 silly audit report       cwe: [Array],
231 silly audit report       cvss: [Object]
231 silly audit report     },
231 silly audit report     {
231 silly audit report       id: 1123971,
231 silly audit report       url: 'https://github.com/advisories/GHSA-7q8q-rj6j-mhjq',
231 silly audit report       title: 'Axios: Nested axios option objects can consume polluted prototype values',
231 silly audit report       severity: 'moderate',
231 silly audit report       vulnerable_versions: '>=1.0.0 <1.18.0',
231 silly audit report       cwe: [Array],
231 silly audit report       cvss: [Object]
231 silly audit report     },
231 silly audit report     {
231 silly audit report       id: 1098583,
231 silly audit report       url: 'https://github.com/advisories/GHSA-8hc4-vh64-cxmj',
231 silly audit report       title: 'Server-Side Request Forgery in axios',
231 silly audit report       severity: 'high',
231 silly audit report       vulnerable_versions: '>=1.3.2 <=1.7.3',
231 silly audit report       cwe: [Array],
231 silly audit report       cvss: [Object]
231 silly audit report     }
231 silly audit report   ],
231 silly audit report   cloudinary: [
231 silly audit report     {
231 silly audit report       id: 1109723,
231 silly audit report       url: 'https://github.com/advisories/GHSA-g4mf-96x5-5m2c',
231 silly audit report       title: 'Cloudinary Node SDK is vulnerable to Arbitrary Argument Injection through parameters that include an ampersand',
231 silly audit report       severity: 'high',
231 silly audit report       vulnerable_versions: '<2.7.0',
231 silly audit report       cwe: [Array],
231 silly audit report       cvss: [Object]
231 silly audit report     }
231 silly audit report   ],
231 silly audit report   cookie: [
231 silly audit report     {
231 silly audit report       id: 1103907,
231 silly audit report       url: 'https://github.com/advisories/GHSA-pxg6-pf52-xh8x',
231 silly audit report       title: 'cookie accepts cookie name, path, and domain with out of bounds characters',
231 silly audit report       severity: 'low',
231 silly audit report       vulnerable_versions: '<0.7.0',
231 silly audit report       cwe: [Array],
231 silly audit report       cvss: [Object]
231 silly audit report     }
231 silly audit report   ],
231 silly audit report   'cross-spawn': [
231 silly audit report     {
231 silly audit report       id: 1104664,
231 silly audit report       url: 'https://github.com/advisories/GHSA-3xgq-45jj-v275',
231 silly audit report       title: 'Regular Expression Denial of Service (ReDoS) in cross-spawn',
231 silly audit report       severity: 'high',
231 silly audit report       vulnerable_versions: '>=7.0.0 <7.0.5',
231 silly audit report       cwe: [Array],
231 silly audit report       cvss: [Object]
231 silly audit report     }
231 silly audit report   ],
231 silly audit report   diff: [
231 silly audit report     {
231 silly audit report       id: 1112704,
231 silly audit report       url: 'https://github.com/advisories/GHSA-73rr-hh4g-fpgx',
231 silly audit report       title: 'jsdiff has a Denial of Service vulnerability in parsePatch and applyPatch',
231 silly audit report       severity: 'low',
231 silly audit report       vulnerable_versions: '>=4.0.0 <4.0.4',
231 silly audit report       cwe: [Array],
231 silly audit report       cvss: [Object]
231 silly audit report     }
231 silly audit report   ],
231 silly audit report   flatted: [
231 silly audit report     {
231 silly audit report       id: 1114526,
231 silly audit report       url: 'https://github.com/advisories/GHSA-25h7-pfq9-p65f',
231 silly audit report       title: 'flatted vulnerable to unbounded recursion DoS in parse() revive phase',
231 silly audit report       severity: 'high',
231 silly audit report       vulnerable_versions: '<3.4.0',
231 silly audit report       cwe: [Array],
231 silly audit report       cvss: [Object]
231 silly audit report     },
231 silly audit report     {
231 silly audit report       id: 1115357,
231 silly audit report       url: 'https://github.com/advisories/GHSA-rf6f-7fwh-wjgh',
231 silly audit report       title: 'Prototype Pollution via parse() in NodeJS flatted',
231 silly audit report       severity: 'high',
231 silly audit report       vulnerable_versions: '<=3.4.1',
231 silly audit report       cwe: [Array],
231 silly audit report       cvss: [Object]
231 silly audit report     }
231 silly audit report   ],
231 silly audit report   'follow-redirects': [
231 silly audit report     {
231 silly audit report       id: 1116560,
231 silly audit report       url: 'https://github.com/advisories/GHSA-r4q5-vmmm-2653',
231 silly audit report       title: 'follow-redirects leaks Custom Authentication Headers to Cross-Domain Redirect Targets',
231 silly audit report       severity: 'moderate',
231 silly audit report       vulnerable_versions: '<=1.15.11',
231 silly audit report       cwe: [Array],
231 silly audit report       cvss: [Object]
231 silly audit report     }
231 silly audit report   ],
231 silly audit report   'form-data': [
231 silly audit report     {
231 silly audit report       id: 1109538,
231 silly audit report       url: 'https://github.com/advisories/GHSA-fjxv-7rqg-78g4',
231 silly audit report       title: 'form-data uses unsafe random function in form-data for choosing boundary',
231 silly audit report       severity: 'critical',
231 silly audit report       vulnerable_versions: '>=4.0.0 <4.0.4',
231 silly audit report       cwe: [Array],
231 silly audit report       cvss: [Object]
231 silly audit report     },
231 silly audit report     {
231 silly audit report       id: 1120743,
231 silly audit report       url: 'https://github.com/advisories/GHSA-hmw2-7cc7-3qxx',
231 silly audit report       title: 'form-data: CRLF injection in form-data via unescaped multipart field names and filenames',
231 silly audit report       severity: 'high',
231 silly audit report       vulnerable_versions: '>=4.0.0 <4.0.6',
231 silly audit report       cwe: [Array],
231 silly audit report       cvss: [Object]
231 silly audit report     }
231 silly audit report   ],
231 silly audit report   glob: [
231 silly audit report     {
231 silly audit report       id: 1109842,
231 silly audit report       url: 'https://github.com/advisories/GHSA-5j98-mcp5-4vw2',
231 silly audit report       title: 'glob CLI: Command injection via -c/--cmd executes matches with shell:true',
231 silly audit report       severity: 'high',
231 silly audit report       vulnerable_versions: '>=10.2.0 <10.5.0',
231 silly audit report       cwe: [Array],
231 silly audit report       cvss: [Object]
231 silly audit report     }
231 silly audit report   ],
231 silly audit report   'js-cookie': [
231 silly audit report     {
231 silly audit report       id: 1120607,
231 silly audit report       url: 'https://github.com/advisories/GHSA-qjx8-664m-686j',
231 silly audit report       title: 'JavaScript Cookie: Per-instance prototype hijack in assign() enables cookie-attribute injection',
231 silly audit report       severity: 'high',
231 silly audit report       vulnerable_versions: '<=3.0.5',
231 silly audit report       cwe: [Array],
231 silly audit report       cvss: [Object]
231 silly audit report     }
231 silly audit report   ],
231 silly audit report   'js-yaml': [
231 silly audit report     {
231 silly audit report       id: 1112715,
231 silly audit report       url: 'https://github.com/advisories/GHSA-mh29-5h37-fv8m',
231 silly audit report       title: 'js-yaml has prototype pollution in merge (<<)',
231 silly audit report       severity: 'moderate',
231 silly audit report       vulnerable_versions: '>=4.0.0 <4.1.1',
231 silly audit report       cwe: [Array],
231 silly audit report       cvss: [Object]
231 silly audit report     },
231 silly audit report     {
231 silly audit report       id: 1121860,
231 silly audit report       url: 'https://github.com/advisories/GHSA-h67p-54hq-rp68',
231 silly audit report       title: 'JS-YAML: Quadratic-complexity DoS in merge key handling via repeated aliases',
231 silly audit report       severity: 'moderate',
231 silly audit report       vulnerable_versions: '>=4.0.0 <=4.1.1',
231 silly audit report       cwe: [Array],
231 silly audit report       cvss: [Object]
231 silly audit report     },
231 silly audit report     {
231 silly audit report       id: 1123911,
231 silly audit report       url: 'https://github.com/advisories/GHSA-52cp-r559-cp3m',
231 silly audit report       title: 'js-yaml: YAML merge-key chains can force quadratic CPU consumption',
231 silly audit report       severity: 'high',
231 silly audit report       vulnerable_versions: '>=4.0.0 <4.3.0',
231 silly audit report       cwe: [Array],
231 silly audit report       cvss: [Object]
231 silly audit report     }
231 silly audit report   ],
231 silly audit report   lodash: [
231 silly audit report     {
231 silly audit report       id: 1120370,
231 silly audit report       url: 'https://github.com/advisories/GHSA-xxjr-mmjv-4gpg',
231 silly audit report       title: 'Lodash has Prototype Pollution Vulnerability in `_.unset` and `_.omit` functions',
231 silly audit report       severity: 'moderate',
231 silly audit report       vulnerable_versions: '>=4.0.0 <=4.17.22',
231 silly audit report       cwe: [Array],
231 silly audit report       cvss: [Object]
231 silly audit report     },
231 silly audit report     {
231 silly audit report       id: 1115806,
231 silly audit report       url: 'https://github.com/advisories/GHSA-r5fr-rjxr-66jc',
231 silly audit report       title: 'lodash vulnerable to Code Injection via `_.template` imports key names',
231 silly audit report       severity: 'high',
231 silly audit report       vulnerable_versions: '>=4.0.0 <=4.17.23',
231 silly audit report       cwe: [Array],
231 silly audit report       cvss: [Object]
231 silly audit report     },
231 silly audit report     {
231 silly audit report       id: 1115810,
231 silly audit report       url: 'https://github.com/advisories/GHSA-f23m-r3pf-42rh',
231 silly audit report       title: 'lodash vulnerable to Prototype Pollution via array path bypass in `_.unset` and `_.omit`',
231 silly audit report       severity: 'moderate',
231 silly audit report       vulnerable_versions: '<=4.17.23',
231 silly audit report       cwe: [Array],
231 silly audit report       cvss: [Object]
231 silly audit report     }
231 silly audit report   ],
231 silly audit report   micromatch: [
231 silly audit report     {
231 silly audit report       id: 1098681,
231 silly audit report       url: 'https://github.com/advisories/GHSA-952p-6rrq-rcjv',
231 silly audit report       title: 'Regular Expression Denial of Service (ReDoS) in micromatch',
231 silly audit report       severity: 'moderate',
231 silly audit report       vulnerable_versions: '<4.0.8',
231 silly audit report       cwe: [Array],
231 silly audit report       cvss: [Object]
231 silly audit report     }
231 silly audit report   ],
231 silly audit report   nanoid: [
231 silly audit report     {
231 silly audit report       id: 1109563,
231 silly audit report       url: 'https://github.com/advisories/GHSA-mwcw-c2x4-8c55',
231 silly audit report       title: 'Predictable results in nanoid generation when given non-integer values',
231 silly audit report       severity: 'moderate',
231 silly audit report       vulnerable_versions: '<3.3.8',
231 silly audit report       cwe: [Array],
231 silly audit report       cvss: [Object]
231 silly audit report     }
231 silly audit report   ],
231 silly audit report   next: [
231 silly audit report     {
231 silly audit report       id: 1099638,
231 silly audit report       url: 'https://github.com/advisories/GHSA-gp8f-8m3g-qvj9',
231 silly audit report       title: 'Next.js Cache Poisoning',
231 silly audit report       severity: 'high',
231 silly audit report       vulnerable_versions: '>=14.0.0 <14.2.10',
231 silly audit report       cwe: [Array],
231 silly audit report       cvss: [Object]
231 silly audit report     },
231 silly audit report     {
231 silly audit report       id: 1100421,
231 silly audit report       url: 'https://github.com/advisories/GHSA-g77x-44xx-532m',
231 silly audit report       title: 'Denial of Service condition in Next.js image optimization',
231 silly audit report       severity: 'moderate',
231 silly audit report       vulnerable_versions: '>=10.0.0 <14.2.7',
231 silly audit report       cwe: [Array],
231 silly audit report       cvss: [Object]
231 silly audit report     },
231 silly audit report     {
231 silly audit report       id: 1117931,
231 silly audit report       url: 'https://github.com/advisories/GHSA-8h8q-6873-q5fj',
231 silly audit report       title: 'Next.js Vulnerable to Denial of Service with Server Components',
231 silly audit report       severity: 'high',
231 silly audit report       vulnerable_versions: '>=13.0.0 <15.5.16',
231 silly audit report       cwe: [Array],
231 silly audit report       cvss: [Object]
231 silly audit report     },
231 silly audit report     {
231 silly audit report       id: 1101438,
231 silly audit report       url: 'https://github.com/advisories/GHSA-7m27-7ghc-44w9',
231 silly audit report       title: 'Next.js Allows a Denial of Service (DoS) with Server Actions',
231 silly audit report       severity: 'moderate',
231 silly audit report       vulnerable_versions: '>=14.0.0 <14.2.21',
231 silly audit report       cwe: [Array],
231 silly audit report       cvss: [Object]
231 silly audit report     },
231 silly audit report     {
231 silly audit report       id: 1105461,
231 silly audit report       url: 'https://github.com/advisories/GHSA-3h52-269p-cp9r',
231 silly audit report       title: 'Information exposure in Next.js dev server due to lack of origin verification',
231 silly audit report       severity: 'low',
231 silly audit report       vulnerable_versions: '>=13.0 <14.2.30',
231 silly audit report       cwe: [Array],
231 silly audit report       cvss: [Object]
231 silly audit report     },
231 silly audit report     {
231 silly audit report       id: 1111391,
231 silly audit report       url: 'https://github.com/advisories/GHSA-mwv6-3258-q52c',
231 silly audit report       title: 'Next Vulnerable to Denial of Service with Server Components',
231 silly audit report       severity: 'high',
231 silly audit report       vulnerable_versions: '>=13.3.0 <14.2.34',
231 silly audit report       cwe: [Array],
231 silly audit report       cvss: [Object]
231 silly audit report     },
231 silly audit report     {
231 silly audit report       id: 1107226,
231 silly audit report       url: 'https://github.com/advisories/GHSA-g5qg-72qw-gw5v',
231 silly audit report       title: 'Next.js Affected by Cache Key Confusion for Image Optimization API Routes',
231 silly audit report       severity: 'moderate',
231 silly audit report       vulnerable_versions: '>=0.9.9 <14.2.31',
231 silly audit report       cwe: [Array],
231 silly audit report       cvss: [Object]
231 silly audit report     },
231 silly audit report     {
231 silly audit report       id: 1107420,
231 silly audit report       url: 'https://github.com/advisories/GHSA-7gfc-8cq8-jh5f',
231 silly audit report       title: 'Next.js authorization bypass vulnerability',
231 silly audit report       severity: 'high',
231 silly audit report       vulnerable_versions: '>=9.5.5 <14.2.15',
231 silly audit report       cwe: [Array],
231 silly audit report       cvss: [Object]
231 silly audit report     },
231 silly audit report     {
231 silly audit report       id: 1107512,
231 silly audit report       url: 'https://github.com/advisories/GHSA-4342-x723-ch2f',
231 silly audit report       title: 'Next.js Improper Middleware Redirect Handling Leads to SSRF',
231 silly audit report       severity: 'moderate',
231 silly audit report       vulnerable_versions: '>=0.9.9 <14.2.32',
231 silly audit report       cwe: [Array],
231 silly audit report       cvss: [Object]
231 silly audit report     },
231 silly audit report     {
231 silly audit report       id: 1107513,
231 silly audit report       url: 'https://github.com/advisories/GHSA-xv57-4mr9-wg8v',
231 silly audit report       title: 'Next.js Content Injection Vulnerability for Image Optimization',
231 silly audit report       severity: 'moderate',
231 silly audit report       vulnerable_versions: '>=0.9.9 <14.2.31',
231 silly audit report       cwe: [Array],
231 silly audit report       cvss: [Object]
231 silly audit report     },
231 silly audit report     {
231 silly audit report       id: 1112182,
231 silly audit report       url: 'https://github.com/advisories/GHSA-5j59-xgg2-r9c4',
231 silly audit report       title: 'Next has a Denial of Service with Server Components - Incomplete Fix Follow-Up',
231 silly audit report       severity: 'high',
231 silly audit report       vulnerable_versions: '>=13.3.1-canary.0 <14.2.35',
231 silly audit report       cwe: [Array],
231 silly audit report       cvss: [Object]
231 silly audit report     },
231 silly audit report     {
231 silly audit report       id: 1108291,
231 silly audit report       url: 'https://github.com/advisories/GHSA-qpjv-v59x-3qc4',
231 silly audit report       title: 'Next.js Race Condition to Cache Poisoning',
231 silly audit report       severity: 'low',
231 silly audit report       vulnerable_versions: '>=0.9.9 <14.2.24',
231 silly audit report       cwe: [Array],
231 silly audit report       cvss: [Object]
231 silly audit report     },
231 silly audit report     {
231 silly audit report       id: 1118942,
231 silly audit report       url: 'https://github.com/advisories/GHSA-3g8h-86w9-wvmq',
231 silly audit report       title: "Next.js's Middleware / Proxy redirects can be cache-poisoned",
231 silly audit report       severity: 'low',
231 silly audit report       vulnerable_versions: '>=12.2.0 <15.5.16',
231 silly audit report       cwe: [Array],
231 silly audit report       cvss: [Object]
231 silly audit report     },
231 silly audit report     {
231 silly audit report       id: 1118944,
231 silly audit report       url: 'https://github.com/advisories/GHSA-ffhc-5mcf-pf4q',
231 silly audit report       title: 'Next.js vulnerable to cross-site scripting in App Router applications using CSP nonces',
231 silly audit report       severity: 'moderate',
231 silly audit report       vulnerable_versions: '>=13.4.0 <15.5.16',
231 silly audit report       cwe: [Array],
231 silly audit report       cvss: [Object]
231 silly audit report     },
231 silly audit report     {
231 silly audit report       id: 1118946,
231 silly audit report       url: 'https://github.com/advisories/GHSA-vfv6-92ff-j949',
231 silly audit report       title: 'Next.js vulnerable to cache poisoning via collisions in React Server Component cache-busting',
231 silly audit report       severity: 'low',
231 silly audit report       vulnerable_versions: '>=13.4.6 <15.5.16',
231 silly audit report       cwe: [Array],
231 silly audit report       cvss: [Object]
231 silly audit report     },
231 silly audit report     {
231 silly audit report       id: 1118948,
231 silly audit report       url: 'https://github.com/advisories/GHSA-gx5p-jg67-6x7h',
231 silly audit report       title: 'Next.js has cross-site scripting in beforeInteractive scripts with untrusted input',
231 silly audit report       severity: 'moderate',
231 silly audit report       vulnerable_versions: '>=13.0.0 <15.5.16',
231 silly audit report       cwe: [Array],
231 silly audit report       cvss: [Object]
231 silly audit report     },
231 silly audit report     {
231 silly audit report       id: 1118952,
231 silly audit report       url: 'https://github.com/advisories/GHSA-h64f-5h5j-jqjh',
231 silly audit report       title: 'Next.js has a Denial of Service in the Image Optimization API',
231 silly audit report       severity: 'moderate',
231 silly audit report       vulnerable_versions: '>=10.0.0 <15.5.16',
231 silly audit report       cwe: [Array],
231 silly audit report       cvss: [Object]
231 silly audit report     },
231 silly audit report     {
231 silly audit report       id: 1118954,
231 silly audit report       url: 'https://github.com/advisories/GHSA-c4j6-fc7j-m34r',
231 silly audit report       title: 'Next.js vulnerable to server-side request forgery in applications using WebSocket upgrades',
231 silly audit report       severity: 'high',
231 silly audit report       vulnerable_versions: '>=13.4.13 <15.5.16',
231 silly audit report       cwe: [Array],
231 silly audit report       cvss: [Object]
231 silly audit report     },
231 silly audit report     {
231 silly audit report       id: 1118958,
231 silly audit report       url: 'https://github.com/advisories/GHSA-wfc6-r584-vfw7',
231 silly audit report       title: 'Next.js vulnerable to cache poisoning in React Server Component responses',
231 silly audit report       severity: 'moderate',
231 silly audit report       vulnerable_versions: '>=14.2.0 <15.5.16',
231 silly audit report       cwe: [Array],
231 silly audit report       cvss: [Object]
231 silly audit report     },
231 silly audit report     {
231 silly audit report       id: 1118962,
231 silly audit report       url: 'https://github.com/advisories/GHSA-36qx-fr4f-26g5',
231 silly audit report       title: 'Next.js has a Middleware / Proxy bypass in Pages Router applications using i18n',
231 silly audit report       severity: 'high',
231 silly audit report       vulnerable_versions: '>=12.2.0 <15.5.16',
231 silly audit report       cwe: [Array],
231 silly audit report       cvss: [Object]
231 silly audit report     },
231 silly audit report     {
231 silly audit report       id: 1112593,
231 silly audit report       url: 'https://github.com/advisories/GHSA-9g9p-9gw9-jx7f',
231 silly audit report       title: 'Next.js self-hosted applications vulnerable to DoS via Image Optimizer remotePatterns configuration',
231 silly audit report       severity: 'moderate',
231 silly audit report       vulnerable_versions: '>=10.0.0 <15.5.10',
231 silly audit report       cwe: [Array],
231 silly audit report       cvss: [Object]
231 silly audit report     },
231 silly audit report     {
231 silly audit report       id: 1112653,
231 silly audit report       url: 'https://github.com/advisories/GHSA-h25m-26qc-wcjf',
231 silly audit report       title: 'Next.js HTTP request deserialization can lead to DoS when using insecure React Server Components',
231 silly audit report       severity: 'high',
231 silly audit report       vulnerable_versions: '>=13.0.0 <15.0.8',
231 silly audit report       cwe: [Array],
231 silly audit report       cvss: [Object]
231 silly audit report     },
231 silly audit report     {
231 silly audit report       id: 1113689,
231 silly audit report       url: 'https://github.com/advisories/GHSA-f82v-jwr5-mffw',
231 silly audit report       title: 'Authorization Bypass in Next.js Middleware',
231 silly audit report       severity: 'critical',
231 silly audit report       vulnerable_versions: '>=14.0.0 <14.2.25',
231 silly audit report       cwe: [Array],
231 silly audit report       cvss: [Object]
231 silly audit report     },
231 silly audit report     {
231 silly audit report       id: 1114897,
231 silly audit report       url: 'https://github.com/advisories/GHSA-ggv3-7p47-pfv8',
231 silly audit report       title: 'Next.js: HTTP request smuggling in rewrites',
231 silly audit report       severity: 'moderate',
231 silly audit report       vulnerable_versions: '>=9.5.0 <15.5.13',
231 silly audit report       cwe: [Array],
231 silly audit report       cvss: [Object]
231 silly audit report     },
231 silly audit report     {
231 silly audit report       id: 1114940,
231 silly audit report       url: 'https://github.com/advisories/GHSA-3x4c-7xq6-9pq8',
231 silly audit report       title: 'Next.js: Unbounded next/image disk cache growth can exhaust storage',
231 silly audit report       severity: 'moderate',
231 silly audit report       vulnerable_versions: '>=10.0.0 <15.5.14',
231 silly audit report       cwe: [Array],
231 silly audit report       cvss: [Object]
231 silly audit report     },
231 silly audit report     {
231 silly audit report       id: 1116376,
231 silly audit report       url: 'https://github.com/advisories/GHSA-q4gf-8mx6-v5v3',
231 silly audit report       title: 'Next.js has a Denial of Service with Server Components',
231 silly audit report       severity: 'high',
231 silly audit report       vulnerable_versions: '>=13.0.0 <15.5.15',
231 silly audit report       cwe: [Array],
231 silly audit report       cvss: [Object]
231 silly audit report     },
231 silly audit report     {
231 silly audit report       id: 1124185,
231 silly audit report       url: 'https://github.com/advisories/GHSA-89xv-2m56-2m9x',
231 silly audit report       title: 'Next.js: Server-Side Request Forgery in Server Actions on custom servers',
231 silly audit report       severity: 'high',
231 silly audit report       vulnerable_versions: '>=14.1.1 <15.5.21',
231 silly audit report       cwe: [Array],
231 silly audit report       cvss: [Object]
231 silly audit report     },
231 silly audit report     {
231 silly audit report       id: 1124172,
231 silly audit report       url: 'https://github.com/advisories/GHSA-m99w-x7hq-7vfj',
231 silly audit report       title: 'Next.js: Denial of Service in App Router using Server Actions',
231 silly audit report       severity: 'high',
231 silly audit report       vulnerable_versions: '>=13.0.0 <15.5.21',
231 silly audit report       cwe: [Array],
231 silly audit report       cvss: [Object]
231 silly audit report     },
231 silly audit report     {
231 silly audit report       id: 1124187,
231 silly audit report       url: 'https://github.com/advisories/GHSA-68g3-v927-f742',
231 silly audit report       title: 'Next.js: Cache confusion of response bodies for requests with bodies',
231 silly audit report       severity: 'moderate',
231 silly audit report       vulnerable_versions: '>=13.0.0 <15.5.21',
231 silly audit report       cwe: [Array],
231 silly audit report       cvss: [Object]
231 silly audit report     },
231 silly audit report     {
231 silly audit report       id: 1124189,
231 silly audit report       url: 'https://github.com/advisories/GHSA-4633-3j49-mh5q',
231 silly audit report       title: 'Next.js: Cache confusion of response bodies for requests with bodies containing invalid UTF-8 byte sequences',
231 silly audit report       severity: 'moderate',
231 silly audit report       vulnerable_versions: '>=13.0.0 <15.5.21',
231 silly audit report       cwe: [Array],
231 silly audit report       cvss: [Object]
231 silly audit report     },
231 silly audit report     {
231 silly audit report       id: 1124191,
231 silly audit report       url: 'https://github.com/advisories/GHSA-4c39-4ccg-62r3',
231 silly audit report       title: 'Next.js: Unbounded Server Action payload in Edge runtime',
231 silly audit report       severity: 'moderate',
231 silly audit report       vulnerable_versions: '>=13.0.0 <15.5.21',
231 silly audit report       cwe: [Array],
231 silly audit report       cvss: [Object]
231 silly audit report     },
231 silly audit report     {
231 silly audit report       id: 1124193,
231 silly audit report       url: 'https://github.com/advisories/GHSA-p9j2-gv94-2wf4',
231 silly audit report       title: 'Next.js: Server-Side Request Forgery in rewrites via attacker-controlled destination hostname',
231 silly audit report       severity: 'high',
231 silly audit report       vulnerable_versions: '>=12.0.0 <15.5.21',
231 silly audit report       cwe: [Array],
231 silly audit report       cvss: [Object]
231 silly audit report     },
231 silly audit report     {
231 silly audit report       id: 1124197,
231 silly audit report       url: 'https://github.com/advisories/GHSA-955p-x3mx-jcvp',
231 silly audit report       title: 'Next.js: Unauthenticated disclosure of internal Server Function endpoints',
231 silly audit report       severity: 'moderate',
231 silly audit report       vulnerable_versions: '>=13.0.0 <15.5.21',
231 silly audit report       cwe: [Array],
231 silly audit report       cvss: [Object]
231 silly audit report     }
231 silly audit report   ],
231 silly audit report   postcss: [
231 silly audit report     {
231 silly audit report       id: 1117015,
231 silly audit report       url: 'https://github.com/advisories/GHSA-qx2v-qp2m-jg93',
231 silly audit report       title: 'PostCSS has XSS via Unescaped </style> in its CSS Stringify Output',
231 silly audit report       severity: 'moderate',
231 silly audit report       vulnerable_versions: '<8.5.10',
231 silly audit report       cwe: [Array],
231 silly audit report       cvss: [Object]
231 silly audit report     },
231 silly audit report     {
231 silly audit report       id: 1124252,
231 silly audit report       url: 'https://github.com/advisories/GHSA-6g55-p6wh-862q',
231 silly audit report       title: 'PostCSS: Arbitrary file read and information disclosure via attacker-controlled sourceMappingURL in CSS comments',
231 silly audit report       severity: 'high',
231 silly audit report       vulnerable_versions: '<=8.5.11',
231 silly audit report       cwe: [Array],
231 silly audit report       cvss: [Object]
231 silly audit report     },
231 silly audit report     {
231 silly audit report       id: 1124288,
231 silly audit report       url: 'https://github.com/advisories/GHSA-r28c-9q8g-f849',
231 silly audit report       title: 'PostCSS: Path Traversal in Previous Source Map Auto-Loading (sourceMappingURL) leads to Arbitrary .map File Disclosure',
231 silly audit report       severity: 'high',
231 silly audit report       vulnerable_versions: '<=8.5.17',
231 silly audit report       cwe: [Array],
231 silly audit report       cvss: [Object]
231 silly audit report     }
231 silly audit report   ],
231 silly audit report   'path-to-regexp': [
231 silly audit report     {
231 silly audit report       id: 1101846,
231 silly audit report       url: 'https://github.com/advisories/GHSA-9wv6-86v2-598j',
231 silly audit report       title: 'path-to-regexp outputs backtracking regular expressions',
231 silly audit report       severity: 'high',
231 silly audit report       vulnerable_versions: '>=4.0.0 <6.3.0',
231 silly audit report       cwe: [Array],
231 silly audit report       cvss: [Object]
231 silly audit report     }
231 silly audit report   ],
231 silly audit report   picomatch: [
231 silly audit report     {
231 silly audit report       id: 1115549,
231 silly audit report       url: 'https://github.com/advisories/GHSA-3v7f-55p6-f55p',
231 silly audit report       title: 'Picomatch: Method Injection in POSIX Character Classes causes incorrect Glob Matching',
231 silly audit report       severity: 'moderate',
231 silly audit report       vulnerable_versions: '<2.3.2',
231 silly audit report       cwe: [Array],
231 silly audit report       cvss: [Object]
231 silly audit report     },
231 silly audit report     {
231 silly audit report       id: 1115552,
231 silly audit report       url: 'https://github.com/advisories/GHSA-c2c7-rcm5-vvqj',
231 silly audit report       title: 'Picomatch has a ReDoS vulnerability via extglob quantifiers',
231 silly audit report       severity: 'high',
231 silly audit report       vulnerable_versions: '<2.3.2',
231 silly audit report       cwe: [Array],
231 silly audit report       cvss: [Object]
231 silly audit report     }
231 silly audit report   ],
231 silly audit report   yaml: [
231 silly audit report     {
231 silly audit report       id: 1115556,
231 silly audit report       url: 'https://github.com/advisories/GHSA-48c2-rrv3-qjmp',
231 silly audit report       title: 'yaml is vulnerable to Stack Overflow via deeply nested YAML collections',
231 silly audit report       severity: 'moderate',
231 silly audit report       vulnerable_versions: '>=2.0.0 <2.8.3',
231 silly audit report       cwe: [Array],
231 silly audit report       cvss: [Object]
231 silly audit report     }
231 silly audit report   ]
231 silly audit report }
232 silly packumentCache corgi:https://registry.npmjs.org/@clerk%2fnextjs cache-miss
233 silly packumentCache corgi:https://registry.npmjs.org/brace-expansion cache-miss
234 silly packumentCache corgi:https://registry.npmjs.org/minimatch cache-miss
235 silly packumentCache corgi:https://registry.npmjs.org/ajv cache-miss
236 silly packumentCache corgi:https://registry.npmjs.org/axios cache-miss
237 silly packumentCache corgi:https://registry.npmjs.org/cloudinary cache-miss
238 silly packumentCache corgi:https://registry.npmjs.org/cookie cache-miss
239 silly packumentCache corgi:https://registry.npmjs.org/cross-spawn cache-miss
240 silly packumentCache corgi:https://registry.npmjs.org/diff cache-miss
241 silly packumentCache corgi:https://registry.npmjs.org/flatted cache-miss
242 silly packumentCache corgi:https://registry.npmjs.org/follow-redirects cache-miss
243 silly packumentCache corgi:https://registry.npmjs.org/form-data cache-miss
244 silly packumentCache corgi:https://registry.npmjs.org/glob cache-miss
245 silly packumentCache corgi:https://registry.npmjs.org/js-cookie cache-miss
246 silly packumentCache corgi:https://registry.npmjs.org/js-yaml cache-miss
247 silly packumentCache corgi:https://registry.npmjs.org/lodash cache-miss
248 silly packumentCache corgi:https://registry.npmjs.org/micromatch cache-miss
249 silly packumentCache corgi:https://registry.npmjs.org/nanoid cache-miss
250 silly packumentCache corgi:https://registry.npmjs.org/next cache-miss
251 silly packumentCache corgi:https://registry.npmjs.org/postcss cache-miss
252 silly packumentCache corgi:https://registry.npmjs.org/path-to-regexp cache-miss
253 silly packumentCache corgi:https://registry.npmjs.org/picomatch cache-miss
254 silly packumentCache corgi:https://registry.npmjs.org/yaml cache-miss
255 http fetch GET 200 https://registry.npmjs.org/brace-expansion 149ms (cache miss)
256 silly packumentCache corgi:https://registry.npmjs.org/brace-expansion set size:undefined disposed:false
257 http fetch GET 200 https://registry.npmjs.org/js-cookie 245ms (cache miss)
258 silly packumentCache corgi:https://registry.npmjs.org/js-cookie set size:undefined disposed:false
259 http fetch GET 200 https://registry.npmjs.org/cookie 261ms (cache miss)
260 silly packumentCache corgi:https://registry.npmjs.org/cookie set size:undefined disposed:false
261 http fetch GET 200 https://registry.npmjs.org/diff 266ms (cache miss)
262 silly packumentCache corgi:https://registry.npmjs.org/diff set size:undefined disposed:false
263 http fetch GET 200 https://registry.npmjs.org/form-data 269ms (cache miss)
264 silly packumentCache corgi:https://registry.npmjs.org/form-data set size:undefined disposed:false
265 http fetch GET 200 https://registry.npmjs.org/cloudinary 285ms (cache miss)
266 silly packumentCache corgi:https://registry.npmjs.org/cloudinary set size:undefined disposed:false
267 http fetch GET 200 https://registry.npmjs.org/minimatch 301ms (cache miss)
268 silly packumentCache corgi:https://registry.npmjs.org/minimatch set size:undefined disposed:false
269 http fetch GET 200 https://registry.npmjs.org/cross-spawn 321ms (cache miss)
270 silly packumentCache corgi:https://registry.npmjs.org/cross-spawn set size:undefined disposed:false
271 http fetch GET 200 https://registry.npmjs.org/axios 351ms (cache miss)
272 silly packumentCache corgi:https://registry.npmjs.org/axios set size:undefined disposed:false
273 http fetch GET 200 https://registry.npmjs.org/glob 492ms (cache miss)
274 silly packumentCache corgi:https://registry.npmjs.org/glob set size:undefined disposed:false
275 http fetch GET 200 https://registry.npmjs.org/flatted 520ms (cache miss)
276 silly packumentCache corgi:https://registry.npmjs.org/flatted set size:undefined disposed:false
277 http fetch GET 200 https://registry.npmjs.org/follow-redirects 529ms (cache miss)
278 silly packumentCache corgi:https://registry.npmjs.org/follow-redirects set size:undefined disposed:false
279 http fetch GET 200 https://registry.npmjs.org/js-yaml 584ms (cache miss)
280 silly packumentCache corgi:https://registry.npmjs.org/js-yaml set size:undefined disposed:false
281 http fetch GET 200 https://registry.npmjs.org/path-to-regexp 594ms (cache miss)
282 silly packumentCache corgi:https://registry.npmjs.org/path-to-regexp set size:undefined disposed:false
283 http fetch GET 200 https://registry.npmjs.org/picomatch 602ms (cache miss)
284 silly packumentCache corgi:https://registry.npmjs.org/picomatch set size:undefined disposed:false
285 http fetch GET 200 https://registry.npmjs.org/lodash 620ms (cache miss)
286 silly packumentCache corgi:https://registry.npmjs.org/lodash set size:undefined disposed:false
287 http fetch GET 200 https://registry.npmjs.org/micromatch 633ms (cache miss)
288 silly packumentCache corgi:https://registry.npmjs.org/micromatch set size:undefined disposed:false
289 http fetch GET 200 https://registry.npmjs.org/ajv 672ms (cache miss)
290 silly packumentCache corgi:https://registry.npmjs.org/ajv set size:undefined disposed:false
291 http fetch GET 200 https://registry.npmjs.org/yaml 665ms (cache miss)
292 silly packumentCache corgi:https://registry.npmjs.org/yaml set size:undefined disposed:false
293 http fetch GET 200 https://registry.npmjs.org/nanoid 692ms (cache miss)
294 silly packumentCache corgi:https://registry.npmjs.org/nanoid set size:undefined disposed:false
295 http fetch GET 200 https://registry.npmjs.org/postcss 696ms (cache miss)
296 silly packumentCache corgi:https://registry.npmjs.org/postcss set size:undefined disposed:false
297 http fetch GET 200 https://registry.npmjs.org/next 1750ms (cache miss)
298 silly packumentCache corgi:https://registry.npmjs.org/next set size:undefined disposed:false
299 http fetch GET 200 https://registry.npmjs.org/@clerk%2fnextjs 9839ms (cache miss)
300 silly packumentCache corgi:https://registry.npmjs.org/@clerk%2fnextjs set size:undefined disposed:false
301 silly packumentCache corgi:https://registry.npmjs.org/@eslint%2feslintrc cache-miss
302 silly packumentCache corgi:https://registry.npmjs.org/@humanwhocodes%2fconfig-array cache-miss
303 silly packumentCache corgi:https://registry.npmjs.org/eslint cache-miss
304 silly packumentCache corgi:https://registry.npmjs.org/eslint-plugin-import cache-miss
305 silly packumentCache corgi:https://registry.npmjs.org/eslint-plugin-jsx-a11y cache-miss
306 silly packumentCache corgi:https://registry.npmjs.org/eslint-plugin-react cache-miss
307 http fetch GET 200 https://registry.npmjs.org/eslint-plugin-jsx-a11y 137ms (cache miss)
308 silly packumentCache corgi:https://registry.npmjs.org/eslint-plugin-jsx-a11y set size:undefined disposed:false
309 http fetch GET 200 https://registry.npmjs.org/@humanwhocodes%2fconfig-array 192ms (cache miss)
310 silly packumentCache corgi:https://registry.npmjs.org/@humanwhocodes%2fconfig-array set size:undefined disposed:false
311 http fetch GET 200 https://registry.npmjs.org/@eslint%2feslintrc 199ms (cache miss)
312 silly packumentCache corgi:https://registry.npmjs.org/@eslint%2feslintrc set size:undefined disposed:false
313 http fetch GET 200 https://registry.npmjs.org/eslint-plugin-react 206ms (cache miss)
314 silly packumentCache corgi:https://registry.npmjs.org/eslint-plugin-react set size:undefined disposed:false
315 http fetch GET 200 https://registry.npmjs.org/eslint-plugin-import 214ms (cache miss)
316 silly packumentCache corgi:https://registry.npmjs.org/eslint-plugin-import set size:undefined disposed:false
317 http fetch GET 200 https://registry.npmjs.org/eslint 276ms (cache miss)
318 silly packumentCache corgi:https://registry.npmjs.org/eslint set size:undefined disposed:false
319 silly packumentCache corgi:https://registry.npmjs.org/@typescript-eslint%2ftypescript-estree cache-miss
320 http fetch GET 200 https://registry.npmjs.org/@prisma/client/-/client-7.9.1.tgz 12817ms (cache miss)
321 http fetch GET 200 https://registry.npmjs.org/@typescript-eslint%2ftypescript-estree 1167ms (cache miss)
322 silly packumentCache corgi:https://registry.npmjs.org/@typescript-eslint%2ftypescript-estree set size:undefined disposed:false
323 silly packumentCache corgi:https://registry.npmjs.org/@clerk%2fbackend cache-miss
324 http fetch GET 200 https://registry.npmjs.org/@clerk%2fbackend 940ms (cache miss)
325 silly packumentCache corgi:https://registry.npmjs.org/@clerk%2fbackend set size:undefined disposed:false
326 silly packumentCache corgi:https://registry.npmjs.org/foreground-child cache-miss
327 http fetch GET 200 https://registry.npmjs.org/foreground-child 65ms (cache miss)
328 silly packumentCache corgi:https://registry.npmjs.org/foreground-child set size:undefined disposed:false
329 silly packumentCache corgi:https://registry.npmjs.org/ts-node cache-miss
330 http fetch GET 200 https://registry.npmjs.org/ts-node 47ms (cache miss)
331 silly packumentCache corgi:https://registry.npmjs.org/ts-node set size:undefined disposed:false
332 silly packumentCache corgi:https://registry.npmjs.org/flat-cache cache-miss
333 http fetch GET 200 https://registry.npmjs.org/flat-cache 56ms (cache miss)
334 silly packumentCache corgi:https://registry.npmjs.org/flat-cache set size:undefined disposed:false
335 silly packumentCache corgi:https://registry.npmjs.org/@next%2feslint-plugin-next cache-miss
336 silly packumentCache corgi:https://registry.npmjs.org/sucrase cache-miss
337 http fetch GET 200 https://registry.npmjs.org/sucrase 58ms (cache miss)
338 silly packumentCache corgi:https://registry.npmjs.org/sucrase set size:undefined disposed:false
339 http fetch GET 200 https://registry.npmjs.org/@next%2feslint-plugin-next 726ms (cache miss)
340 silly packumentCache corgi:https://registry.npmjs.org/@next%2feslint-plugin-next set size:undefined disposed:false
341 silly packumentCache corgi:https://registry.npmjs.org/@clerk%2fshared cache-miss
342 http fetch GET 200 https://registry.npmjs.org/@clerk%2fshared 1129ms (cache miss)
343 silly packumentCache corgi:https://registry.npmjs.org/@clerk%2fshared set size:undefined disposed:false
344 silly packumentCache corgi:https://registry.npmjs.org/fast-glob cache-miss
345 silly packumentCache corgi:https://registry.npmjs.org/tailwindcss cache-miss
346 http fetch GET 200 https://registry.npmjs.org/fast-glob 47ms (cache miss)
347 silly packumentCache corgi:https://registry.npmjs.org/fast-glob set size:undefined disposed:false
348 http fetch GET 200 https://registry.npmjs.org/tailwindcss 334ms (cache miss)
349 silly packumentCache corgi:https://registry.npmjs.org/tailwindcss set size:undefined disposed:false
350 silly packumentCache corgi:https://registry.npmjs.org/next-cloudinary cache-miss
351 http fetch GET 200 https://registry.npmjs.org/next-cloudinary 1021ms (cache miss)
352 silly packumentCache corgi:https://registry.npmjs.org/next-cloudinary set size:undefined disposed:false
353 silly packumentCache corgi:https://registry.npmjs.org/postcss-import cache-miss
354 silly packumentCache corgi:https://registry.npmjs.org/postcss-js cache-miss
355 silly packumentCache corgi:https://registry.npmjs.org/postcss-load-config cache-miss
356 silly packumentCache corgi:https://registry.npmjs.org/postcss-nested cache-miss
357 http fetch GET 200 https://registry.npmjs.org/postcss-load-config 694ms (cache miss)
358 silly packumentCache corgi:https://registry.npmjs.org/postcss-load-config set size:undefined disposed:false
359 http fetch GET 200 https://registry.npmjs.org/postcss-js 701ms (cache miss)
360 silly packumentCache corgi:https://registry.npmjs.org/postcss-js set size:undefined disposed:false
361 http fetch GET 200 https://registry.npmjs.org/postcss-import 742ms (cache miss)
362 silly packumentCache corgi:https://registry.npmjs.org/postcss-import set size:undefined disposed:false
363 http fetch GET 200 https://registry.npmjs.org/postcss-nested 752ms (cache miss)
364 silly packumentCache corgi:https://registry.npmjs.org/postcss-nested set size:undefined disposed:false
365 silly packumentCache corgi:https://registry.npmjs.org/anymatch cache-miss
366 silly packumentCache corgi:https://registry.npmjs.org/readdirp cache-miss
367 http fetch GET 200 https://registry.npmjs.org/anymatch 47ms (cache miss)
368 silly packumentCache corgi:https://registry.npmjs.org/anymatch set size:undefined disposed:false
369 http fetch GET 200 https://registry.npmjs.org/readdirp 48ms (cache miss)
370 silly packumentCache corgi:https://registry.npmjs.org/readdirp set size:undefined disposed:false
371 silly packumentCache corgi:https://registry.npmjs.org/@typescript-eslint%2fparser cache-miss
372 http fetch GET 200 https://registry.npmjs.org/@typescript-eslint%2fparser 399ms (cache miss)
373 silly packumentCache corgi:https://registry.npmjs.org/@typescript-eslint%2fparser set size:undefined disposed:false
374 silly packumentCache corgi:https://registry.npmjs.org/eslint-config-next cache-miss
375 http fetch GET 200 https://registry.npmjs.org/eslint-config-next 264ms (cache miss)
376 silly packumentCache corgi:https://registry.npmjs.org/eslint-config-next set size:undefined disposed:false
377 silly packumentCache corgi:https://registry.npmjs.org/@clerk%2fclerk-react cache-miss
378 http fetch GET https://registry.npmjs.org/@clerk%2fclerk-react attempt 1 failed with ECONNRESET
379 http fetch GET 200 https://registry.npmjs.org/@clerk%2fclerk-react 570558ms attempt #2 (cache miss)
380 silly packumentCache corgi:https://registry.npmjs.org/@clerk%2fclerk-react set size:undefined disposed:false
381 silly ADD node_modules/xtend
382 silly ADD node_modules/split2
383 silly ADD node_modules/postgres-interval
384 silly ADD node_modules/postgres-date
385 silly ADD node_modules/postgres-bytea
386 silly ADD node_modules/pg-int8
387 silly ADD node_modules/pgpass
388 silly ADD node_modules/pg-pool
389 silly ADD node_modules/pg-connection-string
390 silly ADD node_modules/pg-cloudflare
391 silly ADD node_modules/pg-types
392 silly ADD node_modules/pg-types/node_modules/postgres-array
393 silly ADD node_modules/pg-protocol
394 silly ADD node_modules/@prisma/client-runtime-utils
395 silly ADD node_modules/postgres-array
396 silly ADD node_modules/@types/pg
397 silly ADD node_modules/@prisma/driver-adapter-utils
398 silly ADD node_modules/@prisma/driver-adapter-utils/node_modules/@prisma/debug
399 silly ADD node_modules/pg
400 silly ADD node_modules/dotenv
401 silly ADD node_modules/@prisma/adapter-pg
402 silly CHANGE node_modules/@prisma/client
403 verbose cwd D:\Web_Development_Course\16_ai_powered_saas\ai_powered_saas(self_practice)
404 verbose os Windows_NT 10.0.26200
405 verbose node v24.15.0
406 verbose npm  v11.12.1
407 verbose exit 0
408 info ok
409 error A complete log of this run can be found in: D:\Web_Development_Course\16_ai_powered_saas\ai_powered_saas(self_practice)\.npm-cache\_logs\2026-08-03T12_53_02_837Z-debug-0.log
