0 verbose cli C:\Program Files\nodejs\node.exe C:\Program Files\nodejs\node_modules\npm\bin\npm-cli.js
1 info using npm@11.12.1
2 info using node@v24.15.0
3 silly config load:file:C:\Program Files\nodejs\node_modules\npm\npmrc
4 silly config load:file:D:\Web_Development_Course\16_ai_powered_saas\ai_powered_saas(self_practice)\.npmrc
5 silly config load:file:C:\Users\omkar\.npmrc
6 silly config load:file:C:\Users\omkar\AppData\Roaming\npm\etc\npmrc
7 verbose title npm ci
8 verbose argv "ci" "--cache" ".npm-cache" "--prefer-offline" "--no-audit" "--no-fund"
9 verbose logfile logs-max:10 dir:D:\Web_Development_Course\16_ai_powered_saas\ai_powered_saas(self_practice)\.npm-cache\_logs\2026-08-02T09_02_12_268Z-
10 verbose logfile D:\Web_Development_Course\16_ai_powered_saas\ai_powered_saas(self_practice)\.npm-cache\_logs\2026-08-02T09_02_12_268Z-debug-0.log
11 silly logfile done cleaning log files
12 silly packumentCache heap:2348810240 maxSize:587202560 maxEntrySize:293601280
13 silly packumentCache heap:2348810240 maxSize:587202560 maxEntrySize:293601280
14 silly idealTree buildDeps
15 http fetch GET 200 https://registry.npmjs.org/npm 832ms
16 silly reify moves {}
17 http cache yocto-queue@https://registry.npmjs.org/yocto-queue/-/yocto-queue-0.1.0.tgz 1ms (cache hit)
18 http cache zod@https://registry.npmjs.org/zod/-/zod-3.23.8.tgz 0ms (cache hit)
19 http cache yaml@https://registry.npmjs.org/yaml/-/yaml-2.5.0.tgz 0ms (cache hit)
20 http cache yn@https://registry.npmjs.org/yn/-/yn-3.1.1.tgz 0ms (cache hit)
21 http cache wrappy@https://registry.npmjs.org/wrappy/-/wrappy-1.0.2.tgz 0ms (cache hit)
22 http cache wrap-ansi@https://registry.npmjs.org/wrap-ansi/-/wrap-ansi-8.1.0.tgz 0ms (cache hit)
23 http cache which-typed-array@https://registry.npmjs.org/which-typed-array/-/which-typed-array-1.1.15.tgz 0ms (cache hit)
24 http cache word-wrap@https://registry.npmjs.org/word-wrap/-/word-wrap-1.2.5.tgz 0ms (cache hit)
25 http cache which-builtin-type@https://registry.npmjs.org/which-builtin-type/-/which-builtin-type-1.1.4.tgz 0ms (cache hit)
26 http cache wrap-ansi-cjs@https://registry.npmjs.org/wrap-ansi/-/wrap-ansi-7.0.0.tgz 0ms (cache hit)
27 http cache which-collection@https://registry.npmjs.org/which-collection/-/which-collection-1.0.2.tgz 0ms (cache hit)
28 http cache which-boxed-primitive@https://registry.npmjs.org/which-boxed-primitive/-/which-boxed-primitive-1.0.2.tgz 0ms (cache hit)
29 http cache util-deprecate@https://registry.npmjs.org/util-deprecate/-/util-deprecate-1.0.2.tgz 0ms (cache hit)
30 http cache which@https://registry.npmjs.org/which/-/which-2.0.2.tgz 0ms (cache hit)
31 http cache v8-compile-cache-lib@https://registry.npmjs.org/v8-compile-cache-lib/-/v8-compile-cache-lib-3.0.1.tgz 0ms (cache hit)
32 http cache use-sync-external-store@https://registry.npmjs.org/use-sync-external-store/-/use-sync-external-store-1.2.2.tgz 0ms (cache hit)
33 http cache unbox-primitive@https://registry.npmjs.org/unbox-primitive/-/unbox-primitive-1.0.2.tgz 0ms (cache hit)
34 http cache uri-js@https://registry.npmjs.org/uri-js/-/uri-js-4.4.1.tgz 0ms (cache hit)
35 http cache undici-types@https://registry.npmjs.org/undici-types/-/undici-types-5.26.5.tgz 0ms (cache hit)
36 http cache typed-array-length@https://registry.npmjs.org/typed-array-length/-/typed-array-length-1.0.6.tgz 0ms (cache hit)
37 http cache typescript@https://registry.npmjs.org/typescript/-/typescript-5.5.4.tgz 0ms (cache hit)
38 http cache typed-array-byte-length@https://registry.npmjs.org/typed-array-byte-length/-/typed-array-byte-length-1.0.1.tgz 0ms (cache hit)
39 http cache typed-array-buffer@https://registry.npmjs.org/typed-array-buffer/-/typed-array-buffer-1.0.2.tgz 0ms (cache hit)
40 http cache type-check@https://registry.npmjs.org/type-check/-/type-check-0.4.0.tgz 1ms (cache hit)
41 http cache type-fest@https://registry.npmjs.org/type-fest/-/type-fest-0.20.2.tgz 0ms (cache hit)
42 http cache tslib@https://registry.npmjs.org/tslib/-/tslib-2.6.3.tgz 0ms (cache hit)
43 http cache typed-array-byte-offset@https://registry.npmjs.org/typed-array-byte-offset/-/typed-array-byte-offset-1.0.2.tgz 0ms (cache hit)
44 http cache tsconfig-paths@https://registry.npmjs.org/tsconfig-paths/-/tsconfig-paths-3.15.0.tgz 0ms (cache hit)
45 http cache ts-node@https://registry.npmjs.org/ts-node/-/ts-node-10.9.2.tgz 0ms (cache hit)
46 http cache ts-api-utils@https://registry.npmjs.org/ts-api-utils/-/ts-api-utils-1.3.0.tgz 0ms (cache hit)
47 http cache to-regex-range@https://registry.npmjs.org/to-regex-range/-/to-regex-range-5.0.1.tgz 0ms (cache hit)
48 http cache thenify-all@https://registry.npmjs.org/thenify-all/-/thenify-all-1.6.0.tgz 0ms (cache hit)
49 http cache thenify@https://registry.npmjs.org/thenify/-/thenify-3.3.1.tgz 0ms (cache hit)
50 http cache ts-interface-checker@https://registry.npmjs.org/ts-interface-checker/-/ts-interface-checker-0.1.13.tgz 0ms (cache hit)
51 http cache text-table@https://registry.npmjs.org/text-table/-/text-table-0.2.0.tgz 0ms (cache hit)
52 http cache tapable@https://registry.npmjs.org/tapable/-/tapable-2.2.1.tgz 0ms (cache hit)
53 http cache swr@https://registry.npmjs.org/swr/-/swr-2.2.5.tgz 0ms (cache hit)
54 http cache supports-color@https://registry.npmjs.org/supports-color/-/supports-color-7.2.0.tgz 0ms (cache hit)
55 http cache supports-preserve-symlinks-flag@https://registry.npmjs.org/supports-preserve-symlinks-flag/-/supports-preserve-symlinks-flag-1.0.0.tgz 0ms (cache hit)
56 http cache sucrase@https://registry.npmjs.org/sucrase/-/sucrase-3.35.0.tgz 0ms (cache hit)
57 http cache tailwindcss@https://registry.npmjs.org/tailwindcss/-/tailwindcss-3.4.7.tgz 0ms (cache hit)
58 http cache styled-jsx@https://registry.npmjs.org/styled-jsx/-/styled-jsx-5.1.1.tgz 0ms (cache hit)
59 http cache strip-json-comments@https://registry.npmjs.org/strip-json-comments/-/strip-json-comments-3.1.1.tgz 1ms (cache hit)
60 http cache strip-bom@https://registry.npmjs.org/strip-bom/-/strip-bom-3.0.0.tgz 0ms (cache hit)
61 http cache strip-ansi@https://registry.npmjs.org/strip-ansi/-/strip-ansi-6.0.1.tgz 0ms (cache hit)
62 http cache string.prototype.trimstart@https://registry.npmjs.org/string.prototype.trimstart/-/string.prototype.trimstart-1.0.8.tgz 0ms (cache hit)
63 http cache string.prototype.trimend@https://registry.npmjs.org/string.prototype.trimend/-/string.prototype.trimend-1.0.8.tgz 0ms (cache hit)
64 http cache strip-ansi-cjs@https://registry.npmjs.org/strip-ansi/-/strip-ansi-6.0.1.tgz 0ms (cache hit)
65 http cache string.prototype.trim@https://registry.npmjs.org/string.prototype.trim/-/string.prototype.trim-1.2.9.tgz 0ms (cache hit)
66 http cache string.prototype.matchall@https://registry.npmjs.org/string.prototype.matchall/-/string.prototype.matchall-4.0.11.tgz 0ms (cache hit)
67 http cache string.prototype.repeat@https://registry.npmjs.org/string.prototype.repeat/-/string.prototype.repeat-1.0.0.tgz 0ms (cache hit)
68 http cache streamsearch@https://registry.npmjs.org/streamsearch/-/streamsearch-1.1.0.tgz 0ms (cache hit)
69 http cache string-width@https://registry.npmjs.org/string-width/-/string-width-5.1.2.tgz 0ms (cache hit)
70 http cache string-width-cjs@https://registry.npmjs.org/string-width/-/string-width-4.2.3.tgz 0ms (cache hit)
71 http cache string.prototype.includes@https://registry.npmjs.org/string.prototype.includes/-/string.prototype.includes-2.0.0.tgz 0ms (cache hit)
72 http cache stop-iteration-iterator@https://registry.npmjs.org/stop-iteration-iterator/-/stop-iteration-iterator-1.0.0.tgz 0ms (cache hit)
73 http cache std-env@https://registry.npmjs.org/std-env/-/std-env-3.7.0.tgz 0ms (cache hit)
74 http cache source-map-js@https://registry.npmjs.org/source-map-js/-/source-map-js-1.2.0.tgz 0ms (cache hit)
75 http cache snakecase-keys@https://registry.npmjs.org/snakecase-keys/-/snakecase-keys-5.4.4.tgz 0ms (cache hit)
76 http cache slash@https://registry.npmjs.org/slash/-/slash-3.0.0.tgz 0ms (cache hit)
77 http cache snake-case@https://registry.npmjs.org/snake-case/-/snake-case-3.0.4.tgz 0ms (cache hit)
78 http cache signal-exit@https://registry.npmjs.org/signal-exit/-/signal-exit-4.1.0.tgz 0ms (cache hit)
79 http cache shebang-regex@https://registry.npmjs.org/shebang-regex/-/shebang-regex-3.0.0.tgz 0ms (cache hit)
80 http cache shebang-command@https://registry.npmjs.org/shebang-command/-/shebang-command-2.0.0.tgz 0ms (cache hit)
81 http cache set-function-length@https://registry.npmjs.org/set-function-length/-/set-function-length-1.2.2.tgz 0ms (cache hit)
82 http cache side-channel@https://registry.npmjs.org/side-channel/-/side-channel-1.0.6.tgz 0ms (cache hit)
83 http cache set-function-name@https://registry.npmjs.org/set-function-name/-/set-function-name-2.0.2.tgz 0ms (cache hit)
84 http cache server-only@https://registry.npmjs.org/server-only/-/server-only-0.0.1.tgz 0ms (cache hit)
85 http cache scheduler@https://registry.npmjs.org/scheduler/-/scheduler-0.23.2.tgz 0ms (cache hit)
86 http cache semver@https://registry.npmjs.org/semver/-/semver-7.6.3.tgz 0ms (cache hit)
87 http cache safe-regex-test@https://registry.npmjs.org/safe-regex-test/-/safe-regex-test-1.0.3.tgz 0ms (cache hit)
88 http cache safe-array-concat@https://registry.npmjs.org/safe-array-concat/-/safe-array-concat-1.1.2.tgz 0ms (cache hit)
89 http cache run-parallel@https://registry.npmjs.org/run-parallel/-/run-parallel-1.2.0.tgz 0ms (cache hit)
90 http cache reusify@https://registry.npmjs.org/reusify/-/reusify-1.0.4.tgz 0ms (cache hit)
91 http cache resolve-pkg-maps@https://registry.npmjs.org/resolve-pkg-maps/-/resolve-pkg-maps-1.0.0.tgz 0ms (cache hit)
92 http cache resolve-from@https://registry.npmjs.org/resolve-from/-/resolve-from-4.0.0.tgz 0ms (cache hit)
93 http cache rimraf@https://registry.npmjs.org/rimraf/-/rimraf-3.0.2.tgz 0ms (cache hit)
94 http cache regexp.prototype.flags@https://registry.npmjs.org/regexp.prototype.flags/-/regexp.prototype.flags-1.5.2.tgz 0ms (cache hit)
95 http cache resolve@https://registry.npmjs.org/resolve/-/resolve-1.22.8.tgz 0ms (cache hit)
96 http cache reflect.getprototypeof@https://registry.npmjs.org/reflect.getprototypeof/-/reflect.getprototypeof-1.0.6.tgz 0ms (cache hit)
97 http cache react-is@https://registry.npmjs.org/react-is/-/react-is-16.13.1.tgz 0ms (cache hit)
98 http cache react-dom@https://registry.npmjs.org/react-dom/-/react-dom-18.3.1.tgz 0ms (cache hit)
99 http cache read-cache@https://registry.npmjs.org/read-cache/-/read-cache-1.0.0.tgz 0ms (cache hit)
100 http cache readdirp@https://registry.npmjs.org/readdirp/-/readdirp-3.6.0.tgz 0ms (cache hit)
101 http cache react@https://registry.npmjs.org/react/-/react-18.3.1.tgz 0ms (cache hit)
102 http cache queue-microtask@https://registry.npmjs.org/queue-microtask/-/queue-microtask-1.2.3.tgz 0ms (cache hit)
103 http cache q@https://registry.npmjs.org/q/-/q-1.5.1.tgz 0ms (cache hit)
104 http cache proxy-from-env@https://registry.npmjs.org/proxy-from-env/-/proxy-from-env-1.1.0.tgz 0ms (cache hit)
105 http cache punycode@https://registry.npmjs.org/punycode/-/punycode-2.3.1.tgz 0ms (cache hit)
106 http cache prop-types@https://registry.npmjs.org/prop-types/-/prop-types-15.8.1.tgz 0ms (cache hit)
107 http cache prisma@https://registry.npmjs.org/prisma/-/prisma-5.18.0.tgz 0ms (cache hit)
108 http cache prelude-ls@https://registry.npmjs.org/prelude-ls/-/prelude-ls-1.2.1.tgz 0ms (cache hit)
109 http cache postcss-value-parser@https://registry.npmjs.org/postcss-value-parser/-/postcss-value-parser-4.2.0.tgz 1ms (cache hit)
110 http cache postcss-nested@https://registry.npmjs.org/postcss-nested/-/postcss-nested-6.2.0.tgz 0ms (cache hit)
111 http cache postcss-selector-parser@https://registry.npmjs.org/postcss-selector-parser/-/postcss-selector-parser-6.1.1.tgz 0ms (cache hit)
112 http cache postcss-js@https://registry.npmjs.org/postcss-js/-/postcss-js-4.0.1.tgz 0ms (cache hit)
113 http cache postcss-import@https://registry.npmjs.org/postcss-import/-/postcss-import-15.1.0.tgz 0ms (cache hit)
114 http cache postcss-load-config@https://registry.npmjs.org/postcss-load-config/-/postcss-load-config-4.0.2.tgz 0ms (cache hit)
115 http cache possible-typed-array-names@https://registry.npmjs.org/possible-typed-array-names/-/possible-typed-array-names-1.0.0.tgz 0ms (cache hit)
116 http cache pirates@https://registry.npmjs.org/pirates/-/pirates-4.0.6.tgz 0ms (cache hit)
117 http cache pify@https://registry.npmjs.org/pify/-/pify-2.3.0.tgz 0ms (cache hit)
118 http cache postcss@https://registry.npmjs.org/postcss/-/postcss-8.4.40.tgz 0ms (cache hit)
119 http cache picomatch@https://registry.npmjs.org/picomatch/-/picomatch-2.3.1.tgz 0ms (cache hit)
120 http cache picocolors@https://registry.npmjs.org/picocolors/-/picocolors-1.0.1.tgz 0ms (cache hit)
121 http cache path-type@https://registry.npmjs.org/path-type/-/path-type-4.0.0.tgz 0ms (cache hit)
122 http cache path-to-regexp@https://registry.npmjs.org/path-to-regexp/-/path-to-regexp-6.2.2.tgz 0ms (cache hit)
123 http cache path-key@https://registry.npmjs.org/path-key/-/path-key-3.1.1.tgz 0ms (cache hit)
124 http cache path-scurry@https://registry.npmjs.org/path-scurry/-/path-scurry-1.11.1.tgz 0ms (cache hit)
125 http cache parent-module@https://registry.npmjs.org/parent-module/-/parent-module-1.0.1.tgz 0ms (cache hit)
126 http cache path-exists@https://registry.npmjs.org/path-exists/-/path-exists-4.0.0.tgz 0ms (cache hit)
127 http cache path-is-absolute@https://registry.npmjs.org/path-is-absolute/-/path-is-absolute-1.0.1.tgz 0ms (cache hit)
128 http cache p-limit@https://registry.npmjs.org/p-limit/-/p-limit-3.1.0.tgz 0ms (cache hit)
129 http cache once@https://registry.npmjs.org/once/-/once-1.4.0.tgz 0ms (cache hit)
130 http cache optionator@https://registry.npmjs.org/optionator/-/optionator-0.9.4.tgz 0ms (cache hit)
131 http cache p-locate@https://registry.npmjs.org/p-locate/-/p-locate-5.0.0.tgz 0ms (cache hit)
132 http cache object.values@https://registry.npmjs.org/object.values/-/object.values-1.2.0.tgz 0ms (cache hit)
133 http cache path-parse@https://registry.npmjs.org/path-parse/-/path-parse-1.0.7.tgz 0ms (cache hit)
134 http cache object.entries@https://registry.npmjs.org/object.entries/-/object.entries-1.1.8.tgz 0ms (cache hit)
135 http cache object.groupby@https://registry.npmjs.org/object.groupby/-/object.groupby-1.0.3.tgz 0ms (cache hit)
136 http cache object.fromentries@https://registry.npmjs.org/object.fromentries/-/object.fromentries-2.0.8.tgz 0ms (cache hit)
137 http cache object.assign@https://registry.npmjs.org/object.assign/-/object.assign-4.1.5.tgz 0ms (cache hit)
138 http cache object-keys@https://registry.npmjs.org/object-keys/-/object-keys-1.1.1.tgz 0ms (cache hit)
139 http cache object-inspect@https://registry.npmjs.org/object-inspect/-/object-inspect-1.13.2.tgz 0ms (cache hit)
140 http cache object-assign@https://registry.npmjs.org/object-assign/-/object-assign-4.1.1.tgz 0ms (cache hit)
141 http cache normalize-path@https://registry.npmjs.org/normalize-path/-/normalize-path-3.0.0.tgz 0ms (cache hit)
142 http cache no-case@https://registry.npmjs.org/no-case/-/no-case-3.0.4.tgz 0ms (cache hit)
143 http cache object-hash@https://registry.npmjs.org/object-hash/-/object-hash-3.0.0.tgz 0ms (cache hit)
144 http cache object-is@https://registry.npmjs.org/object-is/-/object-is-1.1.6.tgz 0ms (cache hit)
145 http cache next-cloudinary@https://registry.npmjs.org/next-cloudinary/-/next-cloudinary-6.9.0.tgz 0ms (cache hit)
146 http cache next@https://registry.npmjs.org/next/-/next-14.2.5.tgz 0ms (cache hit)
147 http cache natural-compare@https://registry.npmjs.org/natural-compare/-/natural-compare-1.4.0.tgz 0ms (cache hit)
148 http cache mz@https://registry.npmjs.org/mz/-/mz-2.7.0.tgz 0ms (cache hit)
149 http cache ms@https://registry.npmjs.org/ms/-/ms-2.1.2.tgz 0ms (cache hit)
150 http cache nanoid@https://registry.npmjs.org/nanoid/-/nanoid-3.3.7.tgz 0ms (cache hit)
151 http cache minipass@https://registry.npmjs.org/minipass/-/minipass-7.1.2.tgz 0ms (cache hit)
152 http cache minimist@https://registry.npmjs.org/minimist/-/minimist-1.2.8.tgz 0ms (cache hit)
153 http cache mime-db@https://registry.npmjs.org/mime-db/-/mime-db-1.52.0.tgz 1ms (cache hit)
154 http cache mime-types@https://registry.npmjs.org/mime-types/-/mime-types-2.1.35.tgz 0ms (cache hit)
155 http cache micromatch@https://registry.npmjs.org/micromatch/-/micromatch-4.0.7.tgz 0ms (cache hit)
156 http cache merge2@https://registry.npmjs.org/merge2/-/merge2-1.4.1.tgz 0ms (cache hit)
157 http cache make-error@https://registry.npmjs.org/make-error/-/make-error-1.3.6.tgz 0ms (cache hit)
158 http cache lucide-react@https://registry.npmjs.org/lucide-react/-/lucide-react-0.424.0.tgz 0ms (cache hit)
159 http cache lru-cache@https://registry.npmjs.org/lru-cache/-/lru-cache-10.4.3.tgz 0ms (cache hit)
160 http cache map-obj@https://registry.npmjs.org/map-obj/-/map-obj-4.3.0.tgz 0ms (cache hit)
161 http cache lower-case@https://registry.npmjs.org/lower-case/-/lower-case-2.0.2.tgz 0ms (cache hit)
162 http cache loose-envify@https://registry.npmjs.org/loose-envify/-/loose-envify-1.4.0.tgz 0ms (cache hit)
163 http cache lodash@https://registry.npmjs.org/lodash/-/lodash-4.17.21.tgz 0ms (cache hit)
164 http cache locate-path@https://registry.npmjs.org/locate-path/-/locate-path-6.0.0.tgz 0ms (cache hit)
165 http cache lodash.merge@https://registry.npmjs.org/lodash.merge/-/lodash.merge-4.6.2.tgz 0ms (cache hit)
166 http cache lines-and-columns@https://registry.npmjs.org/lines-and-columns/-/lines-and-columns-1.2.4.tgz 0ms (cache hit)
167 http cache lilconfig@https://registry.npmjs.org/lilconfig/-/lilconfig-2.1.0.tgz 0ms (cache hit)
168 http cache language-tags@https://registry.npmjs.org/language-tags/-/language-tags-1.0.9.tgz 0ms (cache hit)
169 http cache levn@https://registry.npmjs.org/levn/-/levn-0.4.1.tgz 0ms (cache hit)
170 http cache minimatch@https://registry.npmjs.org/minimatch/-/minimatch-3.1.2.tgz 0ms (cache hit)
171 http cache keyv@https://registry.npmjs.org/keyv/-/keyv-4.5.4.tgz 0ms (cache hit)
172 http cache language-subtag-registry@https://registry.npmjs.org/language-subtag-registry/-/language-subtag-registry-0.3.23.tgz 0ms (cache hit)
173 http cache json-schema-traverse@https://registry.npmjs.org/json-schema-traverse/-/json-schema-traverse-0.4.1.tgz 0ms (cache hit)
174 http cache jsx-ast-utils@https://registry.npmjs.org/jsx-ast-utils/-/jsx-ast-utils-3.3.5.tgz 0ms (cache hit)
175 http cache js-yaml@https://registry.npmjs.org/js-yaml/-/js-yaml-4.1.0.tgz 0ms (cache hit)
176 http cache json5@https://registry.npmjs.org/json5/-/json5-1.0.2.tgz 0ms (cache hit)
177 http cache json-buffer@https://registry.npmjs.org/json-buffer/-/json-buffer-3.0.1.tgz 0ms (cache hit)
178 http cache js-tokens@https://registry.npmjs.org/js-tokens/-/js-tokens-4.0.0.tgz 0ms (cache hit)
179 http cache jiti@https://registry.npmjs.org/jiti/-/jiti-1.21.6.tgz 0ms (cache hit)
180 http cache js-cookie@https://registry.npmjs.org/js-cookie/-/js-cookie-3.0.5.tgz 0ms (cache hit)
181 http cache jackspeak@https://registry.npmjs.org/jackspeak/-/jackspeak-2.3.6.tgz 0ms (cache hit)
182 http cache iterator.prototype@https://registry.npmjs.org/iterator.prototype/-/iterator.prototype-1.1.2.tgz 0ms (cache hit)
183 http cache isexe@https://registry.npmjs.org/isexe/-/isexe-2.0.0.tgz 0ms (cache hit)
184 http cache json-stable-stringify-without-jsonify@https://registry.npmjs.org/json-stable-stringify-without-jsonify/-/json-stable-stringify-without-jsonify-1.0.1.tgz 1ms (cache hit)
185 http cache isarray@https://registry.npmjs.org/isarray/-/isarray-2.0.5.tgz 0ms (cache hit)
186 http cache is-weakref@https://registry.npmjs.org/is-weakref/-/is-weakref-1.0.2.tgz 0ms (cache hit)
187 http cache is-weakset@https://registry.npmjs.org/is-weakset/-/is-weakset-2.0.3.tgz 0ms (cache hit)
188 http cache is-typed-array@https://registry.npmjs.org/is-typed-array/-/is-typed-array-1.1.13.tgz 0ms (cache hit)
189 http cache is-symbol@https://registry.npmjs.org/is-symbol/-/is-symbol-1.0.4.tgz 0ms (cache hit)
190 http cache is-string@https://registry.npmjs.org/is-string/-/is-string-1.0.7.tgz 0ms (cache hit)
191 http cache is-weakmap@https://registry.npmjs.org/is-weakmap/-/is-weakmap-2.0.2.tgz 0ms (cache hit)
192 http cache is-shared-array-buffer@https://registry.npmjs.org/is-shared-array-buffer/-/is-shared-array-buffer-1.0.3.tgz 0ms (cache hit)
193 http cache is-regex@https://registry.npmjs.org/is-regex/-/is-regex-1.1.4.tgz 0ms (cache hit)
194 http cache is-set@https://registry.npmjs.org/is-set/-/is-set-2.0.3.tgz 0ms (cache hit)
195 http cache is-number-object@https://registry.npmjs.org/is-number-object/-/is-number-object-1.0.7.tgz 0ms (cache hit)
196 http cache is-number@https://registry.npmjs.org/is-number/-/is-number-7.0.0.tgz 0ms (cache hit)
197 http cache is-negative-zero@https://registry.npmjs.org/is-negative-zero/-/is-negative-zero-2.0.3.tgz 0ms (cache hit)
198 http cache is-path-inside@https://registry.npmjs.org/is-path-inside/-/is-path-inside-3.0.3.tgz 0ms (cache hit)
199 http cache is-map@https://registry.npmjs.org/is-map/-/is-map-2.0.3.tgz 0ms (cache hit)
200 http cache is-generator-function@https://registry.npmjs.org/is-generator-function/-/is-generator-function-1.0.10.tgz 0ms (cache hit)
201 http cache is-glob@https://registry.npmjs.org/is-glob/-/is-glob-4.0.3.tgz 0ms (cache hit)
202 http cache is-fullwidth-code-point@https://registry.npmjs.org/is-fullwidth-code-point/-/is-fullwidth-code-point-3.0.0.tgz 0ms (cache hit)
203 http cache is-finalizationregistry@https://registry.npmjs.org/is-finalizationregistry/-/is-finalizationregistry-1.0.2.tgz 0ms (cache hit)
204 http cache is-core-module@https://registry.npmjs.org/is-core-module/-/is-core-module-2.15.0.tgz 0ms (cache hit)
205 http cache is-date-object@https://registry.npmjs.org/is-date-object/-/is-date-object-1.0.5.tgz 0ms (cache hit)
206 http cache is-data-view@https://registry.npmjs.org/is-data-view/-/is-data-view-1.0.1.tgz 0ms (cache hit)
207 http cache is-callable@https://registry.npmjs.org/is-callable/-/is-callable-1.2.7.tgz 0ms (cache hit)
208 http cache is-binary-path@https://registry.npmjs.org/is-binary-path/-/is-binary-path-2.1.0.tgz 0ms (cache hit)
209 http cache is-boolean-object@https://registry.npmjs.org/is-boolean-object/-/is-boolean-object-1.1.2.tgz 0ms (cache hit)
210 http cache is-extglob@https://registry.npmjs.org/is-extglob/-/is-extglob-2.1.1.tgz 0ms (cache hit)
211 http cache is-bigint@https://registry.npmjs.org/is-bigint/-/is-bigint-1.0.4.tgz 0ms (cache hit)
212 http cache is-arguments@https://registry.npmjs.org/is-arguments/-/is-arguments-1.1.1.tgz 0ms (cache hit)
213 http cache is-array-buffer@https://registry.npmjs.org/is-array-buffer/-/is-array-buffer-3.0.4.tgz 0ms (cache hit)
214 http cache internal-slot@https://registry.npmjs.org/internal-slot/-/internal-slot-1.0.7.tgz 0ms (cache hit)
215 http cache imurmurhash@https://registry.npmjs.org/imurmurhash/-/imurmurhash-0.1.4.tgz 0ms (cache hit)
216 http cache inherits@https://registry.npmjs.org/inherits/-/inherits-2.0.4.tgz 0ms (cache hit)
217 http cache inflight@https://registry.npmjs.org/inflight/-/inflight-1.0.6.tgz 0ms (cache hit)
218 http cache import-fresh@https://registry.npmjs.org/import-fresh/-/import-fresh-3.3.0.tgz 0ms (cache hit)
219 http cache hasown@https://registry.npmjs.org/hasown/-/hasown-2.0.2.tgz 0ms (cache hit)
220 http cache is-async-function@https://registry.npmjs.org/is-async-function/-/is-async-function-2.0.0.tgz 0ms (cache hit)
221 http cache ignore@https://registry.npmjs.org/ignore/-/ignore-5.3.1.tgz 0ms (cache hit)
222 http cache has-proto@https://registry.npmjs.org/has-proto/-/has-proto-1.0.3.tgz 0ms (cache hit)
223 http cache has-symbols@https://registry.npmjs.org/has-symbols/-/has-symbols-1.0.3.tgz 0ms (cache hit)
224 http cache has-property-descriptors@https://registry.npmjs.org/has-property-descriptors/-/has-property-descriptors-1.0.2.tgz 0ms (cache hit)
225 http cache has-flag@https://registry.npmjs.org/has-flag/-/has-flag-4.0.0.tgz 0ms (cache hit)
226 http cache graceful-fs@https://registry.npmjs.org/graceful-fs/-/graceful-fs-4.2.11.tgz 0ms (cache hit)
227 http cache gopd@https://registry.npmjs.org/gopd/-/gopd-1.0.1.tgz 0ms (cache hit)
228 http cache graphemer@https://registry.npmjs.org/graphemer/-/graphemer-1.4.0.tgz 0ms (cache hit)
229 http cache globby@https://registry.npmjs.org/globby/-/globby-11.1.0.tgz 0ms (cache hit)
230 http cache has-tostringtag@https://registry.npmjs.org/has-tostringtag/-/has-tostringtag-1.0.2.tgz 0ms (cache hit)
231 http cache globalthis@https://registry.npmjs.org/globalthis/-/globalthis-1.0.4.tgz 0ms (cache hit)
232 http cache glob-to-regexp@https://registry.npmjs.org/glob-to-regexp/-/glob-to-regexp-0.4.1.tgz 0ms (cache hit)
233 http cache globals@https://registry.npmjs.org/globals/-/globals-13.24.0.tgz 0ms (cache hit)
234 http cache glob-parent@https://registry.npmjs.org/glob-parent/-/glob-parent-6.0.2.tgz 0ms (cache hit)
235 http cache glob@https://registry.npmjs.org/glob/-/glob-10.3.10.tgz 0ms (cache hit)
236 http cache has-bigints@https://registry.npmjs.org/has-bigints/-/has-bigints-1.0.2.tgz 0ms (cache hit)
237 http cache get-symbol-description@https://registry.npmjs.org/get-symbol-description/-/get-symbol-description-1.0.2.tgz 0ms (cache hit)
238 http cache get-intrinsic@https://registry.npmjs.org/get-intrinsic/-/get-intrinsic-1.2.4.tgz 0ms (cache hit)
239 http cache get-tsconfig@https://registry.npmjs.org/get-tsconfig/-/get-tsconfig-4.7.6.tgz 0ms (cache hit)
240 http cache function.prototype.name@https://registry.npmjs.org/function.prototype.name/-/function.prototype.name-1.1.6.tgz 0ms (cache hit)
241 http cache functions-have-names@https://registry.npmjs.org/functions-have-names/-/functions-have-names-1.2.3.tgz 0ms (cache hit)
242 http cache function-bind@https://registry.npmjs.org/function-bind/-/function-bind-1.1.2.tgz 0ms (cache hit)
243 http cache foreground-child@https://registry.npmjs.org/foreground-child/-/foreground-child-3.2.1.tgz 0ms (cache hit)
244 http cache form-data@https://registry.npmjs.org/form-data/-/form-data-4.0.0.tgz 0ms (cache hit)
245 http cache fs.realpath@https://registry.npmjs.org/fs.realpath/-/fs.realpath-1.0.0.tgz 0ms (cache hit)
246 http cache for-each@https://registry.npmjs.org/for-each/-/for-each-0.3.3.tgz 0ms (cache hit)
247 http cache follow-redirects@https://registry.npmjs.org/follow-redirects/-/follow-redirects-1.15.6.tgz 0ms (cache hit)
248 http cache flatted@https://registry.npmjs.org/flatted/-/flatted-3.3.1.tgz 0ms (cache hit)
249 http cache find-up@https://registry.npmjs.org/find-up/-/find-up-5.0.0.tgz 0ms (cache hit)
250 http cache fill-range@https://registry.npmjs.org/fill-range/-/fill-range-7.1.1.tgz 0ms (cache hit)
251 http cache filesize@https://registry.npmjs.org/filesize/-/filesize-10.1.4.tgz 0ms (cache hit)
252 http cache flat-cache@https://registry.npmjs.org/flat-cache/-/flat-cache-3.2.0.tgz 0ms (cache hit)
253 http cache file-entry-cache@https://registry.npmjs.org/file-entry-cache/-/file-entry-cache-6.0.1.tgz 0ms (cache hit)
254 http cache fastparse@https://registry.npmjs.org/fastparse/-/fastparse-1.1.2.tgz 0ms (cache hit)
255 http cache fastq@https://registry.npmjs.org/fastq/-/fastq-1.17.1.tgz 0ms (cache hit)
256 http cache fast-json-stable-stringify@https://registry.npmjs.org/fast-json-stable-stringify/-/fast-json-stable-stringify-2.1.0.tgz 0ms (cache hit)
257 http cache fast-deep-equal@https://registry.npmjs.org/fast-deep-equal/-/fast-deep-equal-3.1.3.tgz 0ms (cache hit)
258 http cache fast-glob@https://registry.npmjs.org/fast-glob/-/fast-glob-3.3.2.tgz 0ms (cache hit)
259 http cache esutils@https://registry.npmjs.org/esutils/-/esutils-2.0.3.tgz 0ms (cache hit)
260 http cache fast-levenshtein@https://registry.npmjs.org/fast-levenshtein/-/fast-levenshtein-2.0.6.tgz 0ms (cache hit)
261 http cache esrecurse@https://registry.npmjs.org/esrecurse/-/esrecurse-4.3.0.tgz 0ms (cache hit)
262 http cache estraverse@https://registry.npmjs.org/estraverse/-/estraverse-5.3.0.tgz 0ms (cache hit)
263 http cache esquery@https://registry.npmjs.org/esquery/-/esquery-1.6.0.tgz 0ms (cache hit)
264 http cache eslint-scope@https://registry.npmjs.org/eslint-scope/-/eslint-scope-7.2.2.tgz 0ms (cache hit)
265 http cache eslint-visitor-keys@https://registry.npmjs.org/eslint-visitor-keys/-/eslint-visitor-keys-3.4.3.tgz 0ms (cache hit)
266 http cache espree@https://registry.npmjs.org/espree/-/espree-9.6.1.tgz 0ms (cache hit)
267 http cache eslint-plugin-react-hooks@https://registry.npmjs.org/eslint-plugin-react-hooks/-/eslint-plugin-react-hooks-4.6.2.tgz 0ms (cache hit)
268 http cache eslint-plugin-jsx-a11y@https://registry.npmjs.org/eslint-plugin-jsx-a11y/-/eslint-plugin-jsx-a11y-6.9.0.tgz 0ms (cache hit)
269 http cache eslint-module-utils@https://registry.npmjs.org/eslint-module-utils/-/eslint-module-utils-2.8.1.tgz 0ms (cache hit)
270 http cache eslint-plugin-react@https://registry.npmjs.org/eslint-plugin-react/-/eslint-plugin-react-7.35.0.tgz 0ms (cache hit)
271 http cache eslint-plugin-import@https://registry.npmjs.org/eslint-plugin-import/-/eslint-plugin-import-2.29.1.tgz 0ms (cache hit)
272 http cache eslint-import-resolver-typescript@https://registry.npmjs.org/eslint-import-resolver-typescript/-/eslint-import-resolver-typescript-3.6.1.tgz 0ms (cache hit)
273 http cache eslint-import-resolver-node@https://registry.npmjs.org/eslint-import-resolver-node/-/eslint-import-resolver-node-0.3.9.tgz 0ms (cache hit)
274 http cache escape-string-regexp@https://registry.npmjs.org/escape-string-regexp/-/escape-string-regexp-4.0.0.tgz 0ms (cache hit)
275 http cache es-to-primitive@https://registry.npmjs.org/es-to-primitive/-/es-to-primitive-1.2.1.tgz 0ms (cache hit)
276 http cache eslint@https://registry.npmjs.org/eslint/-/eslint-8.57.0.tgz 0ms (cache hit)
277 http cache eslint-config-next@https://registry.npmjs.org/eslint-config-next/-/eslint-config-next-14.2.5.tgz 0ms (cache hit)
278 http cache es-shim-unscopables@https://registry.npmjs.org/es-shim-unscopables/-/es-shim-unscopables-1.0.2.tgz 0ms (cache hit)
279 http cache es-set-tostringtag@https://registry.npmjs.org/es-set-tostringtag/-/es-set-tostringtag-2.0.3.tgz 0ms (cache hit)
280 http cache es-get-iterator@https://registry.npmjs.org/es-get-iterator/-/es-get-iterator-1.1.3.tgz 0ms (cache hit)
281 http cache es-errors@https://registry.npmjs.org/es-errors/-/es-errors-1.3.0.tgz 0ms (cache hit)
282 http cache es-iterator-helpers@https://registry.npmjs.org/es-iterator-helpers/-/es-iterator-helpers-1.0.19.tgz 0ms (cache hit)
283 http cache es-object-atoms@https://registry.npmjs.org/es-object-atoms/-/es-object-atoms-1.0.0.tgz 0ms (cache hit)
284 http cache es-define-property@https://registry.npmjs.org/es-define-property/-/es-define-property-1.0.0.tgz 0ms (cache hit)
285 http cache es-abstract@https://registry.npmjs.org/es-abstract/-/es-abstract-1.23.3.tgz 0ms (cache hit)
286 http cache enhanced-resolve@https://registry.npmjs.org/enhanced-resolve/-/enhanced-resolve-5.17.1.tgz 0ms (cache hit)
287 http cache doctrine@https://registry.npmjs.org/doctrine/-/doctrine-3.0.0.tgz 0ms (cache hit)
288 http cache emoji-regex@https://registry.npmjs.org/emoji-regex/-/emoji-regex-9.2.2.tgz 0ms (cache hit)
289 http cache dot-case@https://registry.npmjs.org/dot-case/-/dot-case-3.0.4.tgz 0ms (cache hit)
290 http cache eastasianwidth@https://registry.npmjs.org/eastasianwidth/-/eastasianwidth-0.2.0.tgz 0ms (cache hit)
291 http cache dlv@https://registry.npmjs.org/dlv/-/dlv-1.1.3.tgz 0ms (cache hit)
292 http cache dir-glob@https://registry.npmjs.org/dir-glob/-/dir-glob-3.0.1.tgz 0ms (cache hit)
293 http cache didyoumean@https://registry.npmjs.org/didyoumean/-/didyoumean-1.2.2.tgz 0ms (cache hit)
294 http cache delayed-stream@https://registry.npmjs.org/delayed-stream/-/delayed-stream-1.0.0.tgz 1ms (cache hit)
295 http cache diff@https://registry.npmjs.org/diff/-/diff-4.0.2.tgz 0ms (cache hit)
296 http cache define-data-property@https://registry.npmjs.org/define-data-property/-/define-data-property-1.1.4.tgz 0ms (cache hit)
297 http cache define-properties@https://registry.npmjs.org/define-properties/-/define-properties-1.2.1.tgz 0ms (cache hit)
298 http cache deep-is@https://registry.npmjs.org/deep-is/-/deep-is-0.1.4.tgz 0ms (cache hit)
299 http cache data-view-byte-offset@https://registry.npmjs.org/data-view-byte-offset/-/data-view-byte-offset-1.0.0.tgz 0ms (cache hit)
300 http cache debug@https://registry.npmjs.org/debug/-/debug-4.3.6.tgz 0ms (cache hit)
301 http cache deep-equal@https://registry.npmjs.org/deep-equal/-/deep-equal-2.2.3.tgz 0ms (cache hit)
302 http cache dayjs@https://registry.npmjs.org/dayjs/-/dayjs-1.11.12.tgz 0ms (cache hit)
303 http cache data-view-byte-length@https://registry.npmjs.org/data-view-byte-length/-/data-view-byte-length-1.0.1.tgz 0ms (cache hit)
304 http cache data-view-buffer@https://registry.npmjs.org/data-view-buffer/-/data-view-buffer-1.0.1.tgz 0ms (cache hit)
305 http cache csstype@https://registry.npmjs.org/csstype/-/csstype-3.1.3.tgz 0ms (cache hit)
306 http cache daisyui@https://registry.npmjs.org/daisyui/-/daisyui-4.12.10.tgz 0ms (cache hit)
307 http cache cssesc@https://registry.npmjs.org/cssesc/-/cssesc-3.0.0.tgz 0ms (cache hit)
308 http cache damerau-levenshtein@https://registry.npmjs.org/damerau-levenshtein/-/damerau-levenshtein-1.0.8.tgz 0ms (cache hit)
309 http cache culori@https://registry.npmjs.org/culori/-/culori-3.3.0.tgz 0ms (cache hit)
310 http cache crypto-js@https://registry.npmjs.org/crypto-js/-/crypto-js-4.2.0.tgz 0ms (cache hit)
311 http cache cross-spawn@https://registry.npmjs.org/cross-spawn/-/cross-spawn-7.0.3.tgz 0ms (cache hit)
312 http cache create-require@https://registry.npmjs.org/create-require/-/create-require-1.1.1.tgz 0ms (cache hit)
313 http cache concat-map@https://registry.npmjs.org/concat-map/-/concat-map-0.0.1.tgz 0ms (cache hit)
314 http cache css-selector-tokenizer@https://registry.npmjs.org/css-selector-tokenizer/-/css-selector-tokenizer-0.8.0.tgz 0ms (cache hit)
315 http cache cookie@https://registry.npmjs.org/cookie/-/cookie-0.5.0.tgz 0ms (cache hit)
316 http cache combined-stream@https://registry.npmjs.org/combined-stream/-/combined-stream-1.0.8.tgz 0ms (cache hit)
317 http cache commander@https://registry.npmjs.org/commander/-/commander-4.1.1.tgz 0ms (cache hit)
318 http cache color-convert@https://registry.npmjs.org/color-convert/-/color-convert-2.0.1.tgz 0ms (cache hit)
319 http cache client-only@https://registry.npmjs.org/client-only/-/client-only-0.0.1.tgz 0ms (cache hit)
320 http cache cloudinary@https://registry.npmjs.org/cloudinary/-/cloudinary-2.4.0.tgz 0ms (cache hit)
321 http cache color-name@https://registry.npmjs.org/color-name/-/color-name-1.1.4.tgz 0ms (cache hit)
322 http cache chokidar@https://registry.npmjs.org/chokidar/-/chokidar-3.6.0.tgz 0ms (cache hit)
323 http cache camelcase-css@https://registry.npmjs.org/camelcase-css/-/camelcase-css-2.0.1.tgz 0ms (cache hit)
324 http cache chalk@https://registry.npmjs.org/chalk/-/chalk-4.1.2.tgz 0ms (cache hit)
325 http cache callsites@https://registry.npmjs.org/callsites/-/callsites-3.1.0.tgz 0ms (cache hit)
326 http cache call-bind@https://registry.npmjs.org/call-bind/-/call-bind-1.0.7.tgz 0ms (cache hit)
327 http cache busboy@https://registry.npmjs.org/busboy/-/busboy-1.6.0.tgz 0ms (cache hit)
328 http cache caniuse-lite@https://registry.npmjs.org/caniuse-lite/-/caniuse-lite-1.0.30001647.tgz 0ms (cache hit)
329 http cache braces@https://registry.npmjs.org/braces/-/braces-3.0.3.tgz 0ms (cache hit)
330 http cache brace-expansion@https://registry.npmjs.org/brace-expansion/-/brace-expansion-1.1.11.tgz 0ms (cache hit)
331 http cache balanced-match@https://registry.npmjs.org/balanced-match/-/balanced-match-1.0.2.tgz 0ms (cache hit)
332 http cache binary-extensions@https://registry.npmjs.org/binary-extensions/-/binary-extensions-2.3.0.tgz 0ms (cache hit)
333 http cache axios@https://registry.npmjs.org/axios/-/axios-1.7.3.tgz 0ms (cache hit)
334 http cache axe-core@https://registry.npmjs.org/axe-core/-/axe-core-4.10.0.tgz 0ms (cache hit)
335 http cache axobject-query@https://registry.npmjs.org/axobject-query/-/axobject-query-3.1.1.tgz 0ms (cache hit)
336 http cache available-typed-arrays@https://registry.npmjs.org/available-typed-arrays/-/available-typed-arrays-1.0.7.tgz 0ms (cache hit)
337 http cache asynckit@https://registry.npmjs.org/asynckit/-/asynckit-0.4.0.tgz 0ms (cache hit)
338 http cache ast-types-flow@https://registry.npmjs.org/ast-types-flow/-/ast-types-flow-0.0.8.tgz 0ms (cache hit)
339 http cache array.prototype.tosorted@https://registry.npmjs.org/array.prototype.tosorted/-/array.prototype.tosorted-1.1.4.tgz 0ms (cache hit)
340 http cache array.prototype.flat@https://registry.npmjs.org/array.prototype.flat/-/array.prototype.flat-1.3.2.tgz 0ms (cache hit)
341 http cache arraybuffer.prototype.slice@https://registry.npmjs.org/arraybuffer.prototype.slice/-/arraybuffer.prototype.slice-1.0.3.tgz 0ms (cache hit)
342 http cache array.prototype.flatmap@https://registry.npmjs.org/array.prototype.flatmap/-/array.prototype.flatmap-1.3.2.tgz 0ms (cache hit)
343 http cache array.prototype.findlastindex@https://registry.npmjs.org/array.prototype.findlastindex/-/array.prototype.findlastindex-1.2.5.tgz 0ms (cache hit)
344 http cache array-union@https://registry.npmjs.org/array-union/-/array-union-2.1.0.tgz 0ms (cache hit)
345 http cache array-includes@https://registry.npmjs.org/array-includes/-/array-includes-3.1.8.tgz 0ms (cache hit)
346 http cache array-buffer-byte-length@https://registry.npmjs.org/array-buffer-byte-length/-/array-buffer-byte-length-1.0.1.tgz 0ms (cache hit)
347 http cache argparse@https://registry.npmjs.org/argparse/-/argparse-2.0.1.tgz 0ms (cache hit)
348 http cache aria-query@https://registry.npmjs.org/aria-query/-/aria-query-5.1.3.tgz 0ms (cache hit)
349 http cache arg@https://registry.npmjs.org/arg/-/arg-5.0.2.tgz 0ms (cache hit)
350 http cache array.prototype.findlast@https://registry.npmjs.org/array.prototype.findlast/-/array.prototype.findlast-1.2.5.tgz 0ms (cache hit)
351 http cache any-promise@https://registry.npmjs.org/any-promise/-/any-promise-1.3.0.tgz 0ms (cache hit)
352 http cache ansi-styles@https://registry.npmjs.org/ansi-styles/-/ansi-styles-4.3.0.tgz 0ms (cache hit)
353 http cache anymatch@https://registry.npmjs.org/anymatch/-/anymatch-3.1.3.tgz 0ms (cache hit)
354 http cache ajv@https://registry.npmjs.org/ajv/-/ajv-6.12.6.tgz 0ms (cache hit)
355 http cache acorn-walk@https://registry.npmjs.org/acorn-walk/-/acorn-walk-8.3.3.tgz 0ms (cache hit)
356 http cache ansi-regex@https://registry.npmjs.org/ansi-regex/-/ansi-regex-5.0.1.tgz 0ms (cache hit)
357 http cache acorn-jsx@https://registry.npmjs.org/acorn-jsx/-/acorn-jsx-5.3.2.tgz 0ms (cache hit)
358 http cache acorn@https://registry.npmjs.org/acorn/-/acorn-8.12.1.tgz 0ms (cache hit)
359 http cache @typescript-eslint/typescript-estree@https://registry.npmjs.org/@typescript-eslint/typescript-estree/-/typescript-estree-7.2.0.tgz 0ms (cache hit)
360 http cache @ungap/structured-clone@https://registry.npmjs.org/@ungap/structured-clone/-/structured-clone-1.2.0.tgz 0ms (cache hit)
361 http cache @typescript-eslint/types@https://registry.npmjs.org/@typescript-eslint/types/-/types-7.2.0.tgz 0ms (cache hit)
362 http cache @typescript-eslint/parser@https://registry.npmjs.org/@typescript-eslint/parser/-/parser-7.2.0.tgz 0ms (cache hit)
363 http cache @typescript-eslint/visitor-keys@https://registry.npmjs.org/@typescript-eslint/visitor-keys/-/visitor-keys-7.2.0.tgz 0ms (cache hit)
364 http cache @types/react-dom@https://registry.npmjs.org/@types/react-dom/-/react-dom-18.3.0.tgz 0ms (cache hit)
365 http cache @typescript-eslint/scope-manager@https://registry.npmjs.org/@typescript-eslint/scope-manager/-/scope-manager-7.2.0.tgz 0ms (cache hit)
366 http cache @types/react@https://registry.npmjs.org/@types/react/-/react-18.3.3.tgz 0ms (cache hit)
367 http cache @types/node@https://registry.npmjs.org/@types/node/-/node-20.14.14.tgz 0ms (cache hit)
368 http cache @tsconfig/recommended@https://registry.npmjs.org/@tsconfig/recommended/-/recommended-1.0.7.tgz 0ms (cache hit)
369 http cache @types/prop-types@https://registry.npmjs.org/@types/prop-types/-/prop-types-15.7.12.tgz 0ms (cache hit)
370 http cache @types/json5@https://registry.npmjs.org/@types/json5/-/json5-0.0.29.tgz 0ms (cache hit)
371 http cache @tsconfig/node16@https://registry.npmjs.org/@tsconfig/node16/-/node16-1.0.4.tgz 0ms (cache hit)
372 http cache @tsconfig/node14@https://registry.npmjs.org/@tsconfig/node14/-/node14-1.0.3.tgz 0ms (cache hit)
373 http cache @tsconfig/node10@https://registry.npmjs.org/@tsconfig/node10/-/node10-1.0.11.tgz 0ms (cache hit)
374 http cache @prisma/get-platform@https://registry.npmjs.org/@prisma/get-platform/-/get-platform-5.18.0.tgz 0ms (cache hit)
375 http cache @rushstack/eslint-patch@https://registry.npmjs.org/@rushstack/eslint-patch/-/eslint-patch-1.10.4.tgz 0ms (cache hit)
376 http cache @swc/counter@https://registry.npmjs.org/@swc/counter/-/counter-0.1.3.tgz 0ms (cache hit)
377 http cache @swc/helpers@https://registry.npmjs.org/@swc/helpers/-/helpers-0.5.5.tgz 0ms (cache hit)
378 http cache @tsconfig/node12@https://registry.npmjs.org/@tsconfig/node12/-/node12-1.0.11.tgz 0ms (cache hit)
379 http cache @prisma/engines@https://registry.npmjs.org/@prisma/engines/-/engines-5.18.0.tgz 0ms (cache hit)
380 http cache @prisma/fetch-engine@https://registry.npmjs.org/@prisma/fetch-engine/-/fetch-engine-5.18.0.tgz 0ms (cache hit)
381 http cache @prisma/debug@https://registry.npmjs.org/@prisma/debug/-/debug-5.18.0.tgz 0ms (cache hit)
382 http cache @pkgjs/parseargs@https://registry.npmjs.org/@pkgjs/parseargs/-/parseargs-0.11.0.tgz 0ms (cache hit)
383 http cache @prisma/engines-version@https://registry.npmjs.org/@prisma/engines-version/-/engines-version-5.18.0-25.4c784e32044a8a016d99474bd02a3b6123742169.tgz 0ms (cache hit)
384 http cache @prisma/client@https://registry.npmjs.org/@prisma/client/-/client-5.18.0.tgz 0ms (cache hit)
385 http cache @next/swc-win32-x64-msvc@https://registry.npmjs.org/@next/swc-win32-x64-msvc/-/swc-win32-x64-msvc-14.2.5.tgz 0ms (cache hit)
386 http cache @next/eslint-plugin-next@https://registry.npmjs.org/@next/eslint-plugin-next/-/eslint-plugin-next-14.2.5.tgz 0ms (cache hit)
387 http cache @next/env@https://registry.npmjs.org/@next/env/-/env-14.2.5.tgz 0ms (cache hit)
388 http cache @nodelib/fs.scandir@https://registry.npmjs.org/@nodelib/fs.scandir/-/fs.scandir-2.1.5.tgz 0ms (cache hit)
389 http cache @nodelib/fs.stat@https://registry.npmjs.org/@nodelib/fs.stat/-/fs.stat-2.0.5.tgz 0ms (cache hit)
390 http cache @nodelib/fs.walk@https://registry.npmjs.org/@nodelib/fs.walk/-/fs.walk-1.2.8.tgz 0ms (cache hit)
391 http cache @jridgewell/trace-mapping@https://registry.npmjs.org/@jridgewell/trace-mapping/-/trace-mapping-0.3.25.tgz 0ms (cache hit)
392 http cache @jridgewell/set-array@https://registry.npmjs.org/@jridgewell/set-array/-/set-array-1.2.1.tgz 0ms (cache hit)
393 http cache @jridgewell/resolve-uri@https://registry.npmjs.org/@jridgewell/resolve-uri/-/resolve-uri-3.1.2.tgz 0ms (cache hit)
394 http cache @jridgewell/gen-mapping@https://registry.npmjs.org/@jridgewell/gen-mapping/-/gen-mapping-0.3.5.tgz 0ms (cache hit)
395 http cache @isaacs/cliui@https://registry.npmjs.org/@isaacs/cliui/-/cliui-8.0.2.tgz 0ms (cache hit)
396 http cache @humanwhocodes/object-schema@https://registry.npmjs.org/@humanwhocodes/object-schema/-/object-schema-2.0.3.tgz 0ms (cache hit)
397 http cache @jridgewell/sourcemap-codec@https://registry.npmjs.org/@jridgewell/sourcemap-codec/-/sourcemap-codec-1.5.0.tgz 0ms (cache hit)
398 http cache @humanwhocodes/module-importer@https://registry.npmjs.org/@humanwhocodes/module-importer/-/module-importer-1.0.1.tgz 0ms (cache hit)
399 http cache @humanwhocodes/config-array@https://registry.npmjs.org/@humanwhocodes/config-array/-/config-array-0.11.14.tgz 0ms (cache hit)
400 http cache @eslint-community/eslint-utils@https://registry.npmjs.org/@eslint-community/eslint-utils/-/eslint-utils-4.4.0.tgz 0ms (cache hit)
401 http cache @eslint/js@https://registry.npmjs.org/@eslint/js/-/js-8.57.0.tgz 0ms (cache hit)
402 http cache @cloudinary/url-gen@https://registry.npmjs.org/@cloudinary/url-gen/-/url-gen-1.15.0.tgz 0ms (cache hit)
403 http cache @eslint-community/regexpp@https://registry.npmjs.org/@eslint-community/regexpp/-/regexpp-4.11.0.tgz 0ms (cache hit)
404 http cache @cspotcode/source-map-support@https://registry.npmjs.org/@cspotcode/source-map-support/-/source-map-support-0.8.1.tgz 0ms (cache hit)
405 http cache @cloudinary/transformation-builder-sdk@https://registry.npmjs.org/@cloudinary/transformation-builder-sdk/-/transformation-builder-sdk-1.14.1.tgz 0ms (cache hit)
406 http cache @eslint/eslintrc@https://registry.npmjs.org/@eslint/eslintrc/-/eslintrc-2.1.4.tgz 0ms (cache hit)
407 http cache @clerk/types@https://registry.npmjs.org/@clerk/types/-/types-4.11.0.tgz 0ms (cache hit)
408 http cache @clerk/shared@https://registry.npmjs.org/@clerk/shared/-/shared-2.4.3.tgz 0ms (cache hit)
409 http cache @cloudinary-util/util@https://registry.npmjs.org/@cloudinary-util/util/-/util-3.1.0.tgz 0ms (cache hit)
410 http cache @clerk/clerk-react@https://registry.npmjs.org/@clerk/clerk-react/-/clerk-react-5.3.1.tgz 0ms (cache hit)
411 http cache @clerk/nextjs@https://registry.npmjs.org/@clerk/nextjs/-/nextjs-5.2.12.tgz 0ms (cache hit)
412 http cache @cloudinary-util/types@https://registry.npmjs.org/@cloudinary-util/types/-/types-1.1.0.tgz 0ms (cache hit)
413 http cache @clerk/backend@https://registry.npmjs.org/@clerk/backend/-/backend-1.5.2.tgz 0ms (cache hit)
414 http cache @cloudinary-util/url-loader@https://registry.npmjs.org/@cloudinary-util/url-loader/-/url-loader-5.5.0.tgz 0ms (cache hit)
415 http cache string-width@https://registry.npmjs.org/string-width/-/string-width-4.2.3.tgz 0ms (cache hit)
416 http cache arg@https://registry.npmjs.org/arg/-/arg-4.1.3.tgz 0ms (cache hit)
417 http cache ansi-styles@https://registry.npmjs.org/ansi-styles/-/ansi-styles-6.2.1.tgz 0ms (cache hit)
418 http cache strip-ansi@https://registry.npmjs.org/strip-ansi/-/strip-ansi-7.1.0.tgz 0ms (cache hit)
419 http cache ansi-regex@https://registry.npmjs.org/ansi-regex/-/ansi-regex-6.0.1.tgz 0ms (cache hit)
420 http cache @alloc/quick-lru@https://registry.npmjs.org/@alloc/quick-lru/-/quick-lru-5.2.0.tgz 0ms (cache hit)
421 http cache emoji-regex@https://registry.npmjs.org/emoji-regex/-/emoji-regex-8.0.0.tgz 0ms (cache hit)
422 http cache emoji-regex@https://registry.npmjs.org/emoji-regex/-/emoji-regex-8.0.0.tgz 0ms (cache hit)
423 http cache lilconfig@https://registry.npmjs.org/lilconfig/-/lilconfig-3.1.2.tgz 0ms (cache hit)
424 http cache glob@https://registry.npmjs.org/glob/-/glob-7.2.3.tgz 0ms (cache hit)
425 http cache strip-ansi@https://registry.npmjs.org/strip-ansi/-/strip-ansi-7.1.0.tgz 0ms (cache hit)
426 http cache type-fest@https://registry.npmjs.org/type-fest/-/type-fest-2.19.0.tgz 0ms (cache hit)
427 http cache postcss@https://registry.npmjs.org/postcss/-/postcss-8.4.31.tgz 0ms (cache hit)
428 http cache brace-expansion@https://registry.npmjs.org/brace-expansion/-/brace-expansion-2.0.1.tgz 0ms (cache hit)
429 http cache ansi-regex@https://registry.npmjs.org/ansi-regex/-/ansi-regex-6.0.1.tgz 0ms (cache hit)
430 http cache glob-parent@https://registry.npmjs.org/glob-parent/-/glob-parent-5.1.2.tgz 0ms (cache hit)
431 http cache doctrine@https://registry.npmjs.org/doctrine/-/doctrine-2.1.0.tgz 0ms (cache hit)
432 http cache semver@https://registry.npmjs.org/semver/-/semver-6.3.1.tgz 0ms (cache hit)
433 http cache semver@https://registry.npmjs.org/semver/-/semver-6.3.1.tgz 0ms (cache hit)
434 http cache debug@https://registry.npmjs.org/debug/-/debug-3.2.7.tgz 0ms (cache hit)
435 http cache doctrine@https://registry.npmjs.org/doctrine/-/doctrine-2.1.0.tgz 1ms (cache hit)
436 http cache debug@https://registry.npmjs.org/debug/-/debug-3.2.7.tgz 0ms (cache hit)
437 http cache resolve@https://registry.npmjs.org/resolve/-/resolve-2.0.0-next.5.tgz 0ms (cache hit)
438 http cache minimatch@https://registry.npmjs.org/minimatch/-/minimatch-9.0.5.tgz 0ms (cache hit)
439 http cache glob-parent@https://registry.npmjs.org/glob-parent/-/glob-parent-5.1.2.tgz 0ms (cache hit)
440 http cache debug@https://registry.npmjs.org/debug/-/debug-3.2.7.tgz 0ms (cache hit)
441 http cache ansi-regex@https://registry.npmjs.org/ansi-regex/-/ansi-regex-6.0.1.tgz 0ms (cache hit)
442 http cache strip-ansi@https://registry.npmjs.org/strip-ansi/-/strip-ansi-7.1.0.tgz 0ms (cache hit)
443 http cache minimatch@https://registry.npmjs.org/minimatch/-/minimatch-9.0.3.tgz 0ms (cache hit)
444 http cache brace-expansion@https://registry.npmjs.org/brace-expansion/-/brace-expansion-2.0.1.tgz 0ms (cache hit)
445 http cache @jridgewell/trace-mapping@https://registry.npmjs.org/@jridgewell/trace-mapping/-/trace-mapping-0.3.9.tgz 0ms (cache hit)
446 http cache tslib@https://registry.npmjs.org/tslib/-/tslib-2.4.1.tgz 0ms (cache hit)
447 http cache tslib@https://registry.npmjs.org/tslib/-/tslib-2.4.1.tgz 0ms (cache hit)
448 silly tarball no local data for yocto-queue@https://registry.npmjs.org/yocto-queue/-/yocto-queue-0.1.0.tgz. Extracting by manifest.
449 silly tarball no local data for zod@https://registry.npmjs.org/zod/-/zod-3.23.8.tgz. Extracting by manifest.
450 http cache csstype@https://registry.npmjs.org/csstype/-/csstype-3.1.1.tgz 0ms (cache hit)
451 silly tarball no local data for yaml@https://registry.npmjs.org/yaml/-/yaml-2.5.0.tgz. Extracting by manifest.
452 silly tarball no local data for yn@https://registry.npmjs.org/yn/-/yn-3.1.1.tgz. Extracting by manifest.
453 silly tarball no local data for wrappy@https://registry.npmjs.org/wrappy/-/wrappy-1.0.2.tgz. Extracting by manifest.
454 silly tarball no local data for wrap-ansi@https://registry.npmjs.org/wrap-ansi/-/wrap-ansi-8.1.0.tgz. Extracting by manifest.
455 silly tarball no local data for which-typed-array@https://registry.npmjs.org/which-typed-array/-/which-typed-array-1.1.15.tgz. Extracting by manifest.
456 silly tarball no local data for word-wrap@https://registry.npmjs.org/word-wrap/-/word-wrap-1.2.5.tgz. Extracting by manifest.
457 silly tarball no local data for which-builtin-type@https://registry.npmjs.org/which-builtin-type/-/which-builtin-type-1.1.4.tgz. Extracting by manifest.
458 silly tarball no local data for wrap-ansi-cjs@https://registry.npmjs.org/wrap-ansi/-/wrap-ansi-7.0.0.tgz. Extracting by manifest.
459 silly tarball no local data for which-collection@https://registry.npmjs.org/which-collection/-/which-collection-1.0.2.tgz. Extracting by manifest.
460 silly tarball no local data for which-boxed-primitive@https://registry.npmjs.org/which-boxed-primitive/-/which-boxed-primitive-1.0.2.tgz. Extracting by manifest.
461 silly tarball no local data for util-deprecate@https://registry.npmjs.org/util-deprecate/-/util-deprecate-1.0.2.tgz. Extracting by manifest.
462 silly tarball no local data for which@https://registry.npmjs.org/which/-/which-2.0.2.tgz. Extracting by manifest.
463 silly tarball no local data for v8-compile-cache-lib@https://registry.npmjs.org/v8-compile-cache-lib/-/v8-compile-cache-lib-3.0.1.tgz. Extracting by manifest.
464 silly tarball no local data for use-sync-external-store@https://registry.npmjs.org/use-sync-external-store/-/use-sync-external-store-1.2.2.tgz. Extracting by manifest.
465 silly tarball no local data for unbox-primitive@https://registry.npmjs.org/unbox-primitive/-/unbox-primitive-1.0.2.tgz. Extracting by manifest.
466 silly tarball no local data for uri-js@https://registry.npmjs.org/uri-js/-/uri-js-4.4.1.tgz. Extracting by manifest.
467 silly tarball no local data for undici-types@https://registry.npmjs.org/undici-types/-/undici-types-5.26.5.tgz. Extracting by manifest.
468 http cache tslib@https://registry.npmjs.org/tslib/-/tslib-2.4.1.tgz 0ms (cache hit)
469 silly tarball no local data for typed-array-length@https://registry.npmjs.org/typed-array-length/-/typed-array-length-1.0.6.tgz. Extracting by manifest.
470 silly tarball no local data for typescript@https://registry.npmjs.org/typescript/-/typescript-5.5.4.tgz. Extracting by manifest.
471 silly tarball no local data for typed-array-byte-length@https://registry.npmjs.org/typed-array-byte-length/-/typed-array-byte-length-1.0.1.tgz. Extracting by manifest.
472 silly tarball no local data for typed-array-buffer@https://registry.npmjs.org/typed-array-buffer/-/typed-array-buffer-1.0.2.tgz. Extracting by manifest.
473 silly tarball no local data for type-check@https://registry.npmjs.org/type-check/-/type-check-0.4.0.tgz. Extracting by manifest.
474 silly tarball no local data for type-fest@https://registry.npmjs.org/type-fest/-/type-fest-0.20.2.tgz. Extracting by manifest.
475 silly tarball no local data for tslib@https://registry.npmjs.org/tslib/-/tslib-2.6.3.tgz. Extracting by manifest.
476 silly tarball no local data for typed-array-byte-offset@https://registry.npmjs.org/typed-array-byte-offset/-/typed-array-byte-offset-1.0.2.tgz. Extracting by manifest.
477 silly tarball no local data for tsconfig-paths@https://registry.npmjs.org/tsconfig-paths/-/tsconfig-paths-3.15.0.tgz. Extracting by manifest.
478 silly tarball no local data for ts-node@https://registry.npmjs.org/ts-node/-/ts-node-10.9.2.tgz. Extracting by manifest.
479 silly tarball no local data for ts-api-utils@https://registry.npmjs.org/ts-api-utils/-/ts-api-utils-1.3.0.tgz. Extracting by manifest.
480 silly tarball no local data for to-regex-range@https://registry.npmjs.org/to-regex-range/-/to-regex-range-5.0.1.tgz. Extracting by manifest.
481 silly tarball no local data for thenify-all@https://registry.npmjs.org/thenify-all/-/thenify-all-1.6.0.tgz. Extracting by manifest.
482 silly tarball no local data for thenify@https://registry.npmjs.org/thenify/-/thenify-3.3.1.tgz. Extracting by manifest.
483 silly tarball no local data for ts-interface-checker@https://registry.npmjs.org/ts-interface-checker/-/ts-interface-checker-0.1.13.tgz. Extracting by manifest.
484 silly tarball no local data for text-table@https://registry.npmjs.org/text-table/-/text-table-0.2.0.tgz. Extracting by manifest.
485 silly tarball no local data for tapable@https://registry.npmjs.org/tapable/-/tapable-2.2.1.tgz. Extracting by manifest.
486 silly tarball no local data for swr@https://registry.npmjs.org/swr/-/swr-2.2.5.tgz. Extracting by manifest.
487 silly tarball no local data for supports-color@https://registry.npmjs.org/supports-color/-/supports-color-7.2.0.tgz. Extracting by manifest.
488 silly tarball no local data for supports-preserve-symlinks-flag@https://registry.npmjs.org/supports-preserve-symlinks-flag/-/supports-preserve-symlinks-flag-1.0.0.tgz. Extracting by manifest.
489 silly tarball no local data for sucrase@https://registry.npmjs.org/sucrase/-/sucrase-3.35.0.tgz. Extracting by manifest.
490 silly tarball no local data for tailwindcss@https://registry.npmjs.org/tailwindcss/-/tailwindcss-3.4.7.tgz. Extracting by manifest.
491 silly tarball no local data for styled-jsx@https://registry.npmjs.org/styled-jsx/-/styled-jsx-5.1.1.tgz. Extracting by manifest.
492 silly tarball no local data for strip-json-comments@https://registry.npmjs.org/strip-json-comments/-/strip-json-comments-3.1.1.tgz. Extracting by manifest.
493 silly tarball no local data for strip-bom@https://registry.npmjs.org/strip-bom/-/strip-bom-3.0.0.tgz. Extracting by manifest.
494 silly tarball no local data for strip-ansi@https://registry.npmjs.org/strip-ansi/-/strip-ansi-6.0.1.tgz. Extracting by manifest.
495 silly tarball no local data for string.prototype.trimstart@https://registry.npmjs.org/string.prototype.trimstart/-/string.prototype.trimstart-1.0.8.tgz. Extracting by manifest.
496 silly tarball no local data for string.prototype.trimend@https://registry.npmjs.org/string.prototype.trimend/-/string.prototype.trimend-1.0.8.tgz. Extracting by manifest.
497 silly tarball no local data for strip-ansi-cjs@https://registry.npmjs.org/strip-ansi/-/strip-ansi-6.0.1.tgz. Extracting by manifest.
498 silly tarball no local data for string.prototype.trim@https://registry.npmjs.org/string.prototype.trim/-/string.prototype.trim-1.2.9.tgz. Extracting by manifest.
499 silly tarball no local data for string.prototype.matchall@https://registry.npmjs.org/string.prototype.matchall/-/string.prototype.matchall-4.0.11.tgz. Extracting by manifest.
500 silly tarball no local data for string.prototype.repeat@https://registry.npmjs.org/string.prototype.repeat/-/string.prototype.repeat-1.0.0.tgz. Extracting by manifest.
501 silly tarball no local data for streamsearch@https://registry.npmjs.org/streamsearch/-/streamsearch-1.1.0.tgz. Extracting by manifest.
502 silly tarball no local data for string-width@https://registry.npmjs.org/string-width/-/string-width-5.1.2.tgz. Extracting by manifest.
503 silly tarball no local data for string-width-cjs@https://registry.npmjs.org/string-width/-/string-width-4.2.3.tgz. Extracting by manifest.
504 silly tarball no local data for string.prototype.includes@https://registry.npmjs.org/string.prototype.includes/-/string.prototype.includes-2.0.0.tgz. Extracting by manifest.
505 silly tarball no local data for stop-iteration-iterator@https://registry.npmjs.org/stop-iteration-iterator/-/stop-iteration-iterator-1.0.0.tgz. Extracting by manifest.
506 silly tarball no local data for std-env@https://registry.npmjs.org/std-env/-/std-env-3.7.0.tgz. Extracting by manifest.
507 silly tarball no local data for source-map-js@https://registry.npmjs.org/source-map-js/-/source-map-js-1.2.0.tgz. Extracting by manifest.
508 silly tarball no local data for snakecase-keys@https://registry.npmjs.org/snakecase-keys/-/snakecase-keys-5.4.4.tgz. Extracting by manifest.
509 silly tarball no local data for slash@https://registry.npmjs.org/slash/-/slash-3.0.0.tgz. Extracting by manifest.
510 silly tarball no local data for snake-case@https://registry.npmjs.org/snake-case/-/snake-case-3.0.4.tgz. Extracting by manifest.
511 silly tarball no local data for signal-exit@https://registry.npmjs.org/signal-exit/-/signal-exit-4.1.0.tgz. Extracting by manifest.
512 silly tarball no local data for shebang-regex@https://registry.npmjs.org/shebang-regex/-/shebang-regex-3.0.0.tgz. Extracting by manifest.
513 silly tarball no local data for shebang-command@https://registry.npmjs.org/shebang-command/-/shebang-command-2.0.0.tgz. Extracting by manifest.
514 silly tarball no local data for set-function-length@https://registry.npmjs.org/set-function-length/-/set-function-length-1.2.2.tgz. Extracting by manifest.
515 silly tarball no local data for side-channel@https://registry.npmjs.org/side-channel/-/side-channel-1.0.6.tgz. Extracting by manifest.
516 silly tarball no local data for set-function-name@https://registry.npmjs.org/set-function-name/-/set-function-name-2.0.2.tgz. Extracting by manifest.
517 silly tarball no local data for server-only@https://registry.npmjs.org/server-only/-/server-only-0.0.1.tgz. Extracting by manifest.
518 silly tarball no local data for scheduler@https://registry.npmjs.org/scheduler/-/scheduler-0.23.2.tgz. Extracting by manifest.
519 silly tarball no local data for semver@https://registry.npmjs.org/semver/-/semver-7.6.3.tgz. Extracting by manifest.
520 silly tarball no local data for safe-regex-test@https://registry.npmjs.org/safe-regex-test/-/safe-regex-test-1.0.3.tgz. Extracting by manifest.
521 silly tarball no local data for safe-array-concat@https://registry.npmjs.org/safe-array-concat/-/safe-array-concat-1.1.2.tgz. Extracting by manifest.
522 silly tarball no local data for run-parallel@https://registry.npmjs.org/run-parallel/-/run-parallel-1.2.0.tgz. Extracting by manifest.
523 silly tarball no local data for reusify@https://registry.npmjs.org/reusify/-/reusify-1.0.4.tgz. Extracting by manifest.
524 silly tarball no local data for resolve-pkg-maps@https://registry.npmjs.org/resolve-pkg-maps/-/resolve-pkg-maps-1.0.0.tgz. Extracting by manifest.
525 silly tarball no local data for resolve-from@https://registry.npmjs.org/resolve-from/-/resolve-from-4.0.0.tgz. Extracting by manifest.
526 silly tarball no local data for rimraf@https://registry.npmjs.org/rimraf/-/rimraf-3.0.2.tgz. Extracting by manifest.
527 silly tarball no local data for regexp.prototype.flags@https://registry.npmjs.org/regexp.prototype.flags/-/regexp.prototype.flags-1.5.2.tgz. Extracting by manifest.
528 silly tarball no local data for resolve@https://registry.npmjs.org/resolve/-/resolve-1.22.8.tgz. Extracting by manifest.
529 silly tarball no local data for reflect.getprototypeof@https://registry.npmjs.org/reflect.getprototypeof/-/reflect.getprototypeof-1.0.6.tgz. Extracting by manifest.
530 silly tarball no local data for react-is@https://registry.npmjs.org/react-is/-/react-is-16.13.1.tgz. Extracting by manifest.
531 silly tarball no local data for react-dom@https://registry.npmjs.org/react-dom/-/react-dom-18.3.1.tgz. Extracting by manifest.
532 silly tarball no local data for read-cache@https://registry.npmjs.org/read-cache/-/read-cache-1.0.0.tgz. Extracting by manifest.
533 silly tarball no local data for readdirp@https://registry.npmjs.org/readdirp/-/readdirp-3.6.0.tgz. Extracting by manifest.
534 silly tarball no local data for react@https://registry.npmjs.org/react/-/react-18.3.1.tgz. Extracting by manifest.
535 silly tarball no local data for queue-microtask@https://registry.npmjs.org/queue-microtask/-/queue-microtask-1.2.3.tgz. Extracting by manifest.
536 silly tarball no local data for q@https://registry.npmjs.org/q/-/q-1.5.1.tgz. Extracting by manifest.
537 silly tarball no local data for proxy-from-env@https://registry.npmjs.org/proxy-from-env/-/proxy-from-env-1.1.0.tgz. Extracting by manifest.
538 silly tarball no local data for punycode@https://registry.npmjs.org/punycode/-/punycode-2.3.1.tgz. Extracting by manifest.
539 silly tarball no local data for prop-types@https://registry.npmjs.org/prop-types/-/prop-types-15.8.1.tgz. Extracting by manifest.
540 silly tarball no local data for prisma@https://registry.npmjs.org/prisma/-/prisma-5.18.0.tgz. Extracting by manifest.
541 silly tarball no local data for prelude-ls@https://registry.npmjs.org/prelude-ls/-/prelude-ls-1.2.1.tgz. Extracting by manifest.
542 silly tarball no local data for postcss-value-parser@https://registry.npmjs.org/postcss-value-parser/-/postcss-value-parser-4.2.0.tgz. Extracting by manifest.
543 silly tarball no local data for postcss-nested@https://registry.npmjs.org/postcss-nested/-/postcss-nested-6.2.0.tgz. Extracting by manifest.
544 silly tarball no local data for postcss-selector-parser@https://registry.npmjs.org/postcss-selector-parser/-/postcss-selector-parser-6.1.1.tgz. Extracting by manifest.
545 silly tarball no local data for postcss-js@https://registry.npmjs.org/postcss-js/-/postcss-js-4.0.1.tgz. Extracting by manifest.
546 silly tarball no local data for postcss-import@https://registry.npmjs.org/postcss-import/-/postcss-import-15.1.0.tgz. Extracting by manifest.
547 silly tarball no local data for postcss-load-config@https://registry.npmjs.org/postcss-load-config/-/postcss-load-config-4.0.2.tgz. Extracting by manifest.
548 silly tarball no local data for possible-typed-array-names@https://registry.npmjs.org/possible-typed-array-names/-/possible-typed-array-names-1.0.0.tgz. Extracting by manifest.
549 silly tarball no local data for pirates@https://registry.npmjs.org/pirates/-/pirates-4.0.6.tgz. Extracting by manifest.
550 silly tarball no local data for pify@https://registry.npmjs.org/pify/-/pify-2.3.0.tgz. Extracting by manifest.
551 silly tarball no local data for postcss@https://registry.npmjs.org/postcss/-/postcss-8.4.40.tgz. Extracting by manifest.
552 silly tarball no local data for picomatch@https://registry.npmjs.org/picomatch/-/picomatch-2.3.1.tgz. Extracting by manifest.
553 silly tarball no local data for picocolors@https://registry.npmjs.org/picocolors/-/picocolors-1.0.1.tgz. Extracting by manifest.
554 silly tarball no local data for path-type@https://registry.npmjs.org/path-type/-/path-type-4.0.0.tgz. Extracting by manifest.
555 silly tarball no local data for path-to-regexp@https://registry.npmjs.org/path-to-regexp/-/path-to-regexp-6.2.2.tgz. Extracting by manifest.
556 silly tarball no local data for path-key@https://registry.npmjs.org/path-key/-/path-key-3.1.1.tgz. Extracting by manifest.
557 silly tarball no local data for path-scurry@https://registry.npmjs.org/path-scurry/-/path-scurry-1.11.1.tgz. Extracting by manifest.
558 silly tarball no local data for parent-module@https://registry.npmjs.org/parent-module/-/parent-module-1.0.1.tgz. Extracting by manifest.
559 silly tarball no local data for path-exists@https://registry.npmjs.org/path-exists/-/path-exists-4.0.0.tgz. Extracting by manifest.
560 silly tarball no local data for path-is-absolute@https://registry.npmjs.org/path-is-absolute/-/path-is-absolute-1.0.1.tgz. Extracting by manifest.
561 silly tarball no local data for p-limit@https://registry.npmjs.org/p-limit/-/p-limit-3.1.0.tgz. Extracting by manifest.
562 silly tarball no local data for once@https://registry.npmjs.org/once/-/once-1.4.0.tgz. Extracting by manifest.
563 silly tarball no local data for optionator@https://registry.npmjs.org/optionator/-/optionator-0.9.4.tgz. Extracting by manifest.
564 silly tarball no local data for p-locate@https://registry.npmjs.org/p-locate/-/p-locate-5.0.0.tgz. Extracting by manifest.
565 silly tarball no local data for object.values@https://registry.npmjs.org/object.values/-/object.values-1.2.0.tgz. Extracting by manifest.
566 silly tarball no local data for path-parse@https://registry.npmjs.org/path-parse/-/path-parse-1.0.7.tgz. Extracting by manifest.
567 silly tarball no local data for object.entries@https://registry.npmjs.org/object.entries/-/object.entries-1.1.8.tgz. Extracting by manifest.
568 silly tarball no local data for object.groupby@https://registry.npmjs.org/object.groupby/-/object.groupby-1.0.3.tgz. Extracting by manifest.
569 silly tarball no local data for object.fromentries@https://registry.npmjs.org/object.fromentries/-/object.fromentries-2.0.8.tgz. Extracting by manifest.
570 silly tarball no local data for object.assign@https://registry.npmjs.org/object.assign/-/object.assign-4.1.5.tgz. Extracting by manifest.
571 silly tarball no local data for object-keys@https://registry.npmjs.org/object-keys/-/object-keys-1.1.1.tgz. Extracting by manifest.
572 silly tarball no local data for object-inspect@https://registry.npmjs.org/object-inspect/-/object-inspect-1.13.2.tgz. Extracting by manifest.
573 silly tarball no local data for object-assign@https://registry.npmjs.org/object-assign/-/object-assign-4.1.1.tgz. Extracting by manifest.
574 silly tarball no local data for normalize-path@https://registry.npmjs.org/normalize-path/-/normalize-path-3.0.0.tgz. Extracting by manifest.
575 silly tarball no local data for no-case@https://registry.npmjs.org/no-case/-/no-case-3.0.4.tgz. Extracting by manifest.
576 silly tarball no local data for object-hash@https://registry.npmjs.org/object-hash/-/object-hash-3.0.0.tgz. Extracting by manifest.
577 silly tarball no local data for object-is@https://registry.npmjs.org/object-is/-/object-is-1.1.6.tgz. Extracting by manifest.
578 silly tarball no local data for next-cloudinary@https://registry.npmjs.org/next-cloudinary/-/next-cloudinary-6.9.0.tgz. Extracting by manifest.
579 silly tarball no local data for next@https://registry.npmjs.org/next/-/next-14.2.5.tgz. Extracting by manifest.
580 silly tarball no local data for natural-compare@https://registry.npmjs.org/natural-compare/-/natural-compare-1.4.0.tgz. Extracting by manifest.
581 silly tarball no local data for mz@https://registry.npmjs.org/mz/-/mz-2.7.0.tgz. Extracting by manifest.
582 silly tarball no local data for ms@https://registry.npmjs.org/ms/-/ms-2.1.2.tgz. Extracting by manifest.
583 silly tarball no local data for nanoid@https://registry.npmjs.org/nanoid/-/nanoid-3.3.7.tgz. Extracting by manifest.
584 silly tarball no local data for minipass@https://registry.npmjs.org/minipass/-/minipass-7.1.2.tgz. Extracting by manifest.
585 silly tarball no local data for minimist@https://registry.npmjs.org/minimist/-/minimist-1.2.8.tgz. Extracting by manifest.
586 silly tarball no local data for mime-db@https://registry.npmjs.org/mime-db/-/mime-db-1.52.0.tgz. Extracting by manifest.
587 silly tarball no local data for mime-types@https://registry.npmjs.org/mime-types/-/mime-types-2.1.35.tgz. Extracting by manifest.
588 silly tarball no local data for micromatch@https://registry.npmjs.org/micromatch/-/micromatch-4.0.7.tgz. Extracting by manifest.
589 silly tarball no local data for merge2@https://registry.npmjs.org/merge2/-/merge2-1.4.1.tgz. Extracting by manifest.
590 silly tarball no local data for make-error@https://registry.npmjs.org/make-error/-/make-error-1.3.6.tgz. Extracting by manifest.
591 silly tarball no local data for lucide-react@https://registry.npmjs.org/lucide-react/-/lucide-react-0.424.0.tgz. Extracting by manifest.
592 silly tarball no local data for lru-cache@https://registry.npmjs.org/lru-cache/-/lru-cache-10.4.3.tgz. Extracting by manifest.
593 silly tarball no local data for map-obj@https://registry.npmjs.org/map-obj/-/map-obj-4.3.0.tgz. Extracting by manifest.
594 silly tarball no local data for lower-case@https://registry.npmjs.org/lower-case/-/lower-case-2.0.2.tgz. Extracting by manifest.
595 silly tarball no local data for loose-envify@https://registry.npmjs.org/loose-envify/-/loose-envify-1.4.0.tgz. Extracting by manifest.
596 silly tarball no local data for lodash@https://registry.npmjs.org/lodash/-/lodash-4.17.21.tgz. Extracting by manifest.
597 silly tarball no local data for locate-path@https://registry.npmjs.org/locate-path/-/locate-path-6.0.0.tgz. Extracting by manifest.
598 silly tarball no local data for lodash.merge@https://registry.npmjs.org/lodash.merge/-/lodash.merge-4.6.2.tgz. Extracting by manifest.
599 silly tarball no local data for lines-and-columns@https://registry.npmjs.org/lines-and-columns/-/lines-and-columns-1.2.4.tgz. Extracting by manifest.
600 silly tarball no local data for lilconfig@https://registry.npmjs.org/lilconfig/-/lilconfig-2.1.0.tgz. Extracting by manifest.
601 silly tarball no local data for language-tags@https://registry.npmjs.org/language-tags/-/language-tags-1.0.9.tgz. Extracting by manifest.
602 silly tarball no local data for levn@https://registry.npmjs.org/levn/-/levn-0.4.1.tgz. Extracting by manifest.
603 silly tarball no local data for minimatch@https://registry.npmjs.org/minimatch/-/minimatch-3.1.2.tgz. Extracting by manifest.
604 silly tarball no local data for keyv@https://registry.npmjs.org/keyv/-/keyv-4.5.4.tgz. Extracting by manifest.
605 silly tarball no local data for language-subtag-registry@https://registry.npmjs.org/language-subtag-registry/-/language-subtag-registry-0.3.23.tgz. Extracting by manifest.
606 silly tarball no local data for json-schema-traverse@https://registry.npmjs.org/json-schema-traverse/-/json-schema-traverse-0.4.1.tgz. Extracting by manifest.
607 silly tarball no local data for jsx-ast-utils@https://registry.npmjs.org/jsx-ast-utils/-/jsx-ast-utils-3.3.5.tgz. Extracting by manifest.
608 silly tarball no local data for js-yaml@https://registry.npmjs.org/js-yaml/-/js-yaml-4.1.0.tgz. Extracting by manifest.
609 silly tarball no local data for json5@https://registry.npmjs.org/json5/-/json5-1.0.2.tgz. Extracting by manifest.
610 silly tarball no local data for json-buffer@https://registry.npmjs.org/json-buffer/-/json-buffer-3.0.1.tgz. Extracting by manifest.
611 silly tarball no local data for js-tokens@https://registry.npmjs.org/js-tokens/-/js-tokens-4.0.0.tgz. Extracting by manifest.
612 silly tarball no local data for jiti@https://registry.npmjs.org/jiti/-/jiti-1.21.6.tgz. Extracting by manifest.
613 silly tarball no local data for js-cookie@https://registry.npmjs.org/js-cookie/-/js-cookie-3.0.5.tgz. Extracting by manifest.
614 silly tarball no local data for jackspeak@https://registry.npmjs.org/jackspeak/-/jackspeak-2.3.6.tgz. Extracting by manifest.
615 silly tarball no local data for iterator.prototype@https://registry.npmjs.org/iterator.prototype/-/iterator.prototype-1.1.2.tgz. Extracting by manifest.
616 silly tarball no local data for isexe@https://registry.npmjs.org/isexe/-/isexe-2.0.0.tgz. Extracting by manifest.
617 silly tarball no local data for json-stable-stringify-without-jsonify@https://registry.npmjs.org/json-stable-stringify-without-jsonify/-/json-stable-stringify-without-jsonify-1.0.1.tgz. Extracting by manifest.
618 silly tarball no local data for isarray@https://registry.npmjs.org/isarray/-/isarray-2.0.5.tgz. Extracting by manifest.
619 silly tarball no local data for is-weakref@https://registry.npmjs.org/is-weakref/-/is-weakref-1.0.2.tgz. Extracting by manifest.
620 silly tarball no local data for is-weakset@https://registry.npmjs.org/is-weakset/-/is-weakset-2.0.3.tgz. Extracting by manifest.
621 silly tarball no local data for is-typed-array@https://registry.npmjs.org/is-typed-array/-/is-typed-array-1.1.13.tgz. Extracting by manifest.
622 silly tarball no local data for is-symbol@https://registry.npmjs.org/is-symbol/-/is-symbol-1.0.4.tgz. Extracting by manifest.
623 silly tarball no local data for is-string@https://registry.npmjs.org/is-string/-/is-string-1.0.7.tgz. Extracting by manifest.
624 silly tarball no local data for is-weakmap@https://registry.npmjs.org/is-weakmap/-/is-weakmap-2.0.2.tgz. Extracting by manifest.
625 silly tarball no local data for is-shared-array-buffer@https://registry.npmjs.org/is-shared-array-buffer/-/is-shared-array-buffer-1.0.3.tgz. Extracting by manifest.
626 silly tarball no local data for is-regex@https://registry.npmjs.org/is-regex/-/is-regex-1.1.4.tgz. Extracting by manifest.
627 silly tarball no local data for is-set@https://registry.npmjs.org/is-set/-/is-set-2.0.3.tgz. Extracting by manifest.
628 silly tarball no local data for is-number-object@https://registry.npmjs.org/is-number-object/-/is-number-object-1.0.7.tgz. Extracting by manifest.
629 silly tarball no local data for is-number@https://registry.npmjs.org/is-number/-/is-number-7.0.0.tgz. Extracting by manifest.
630 silly tarball no local data for is-negative-zero@https://registry.npmjs.org/is-negative-zero/-/is-negative-zero-2.0.3.tgz. Extracting by manifest.
631 silly tarball no local data for is-path-inside@https://registry.npmjs.org/is-path-inside/-/is-path-inside-3.0.3.tgz. Extracting by manifest.
632 silly tarball no local data for is-map@https://registry.npmjs.org/is-map/-/is-map-2.0.3.tgz. Extracting by manifest.
633 silly tarball no local data for is-generator-function@https://registry.npmjs.org/is-generator-function/-/is-generator-function-1.0.10.tgz. Extracting by manifest.
634 silly tarball no local data for is-glob@https://registry.npmjs.org/is-glob/-/is-glob-4.0.3.tgz. Extracting by manifest.
635 silly tarball no local data for is-fullwidth-code-point@https://registry.npmjs.org/is-fullwidth-code-point/-/is-fullwidth-code-point-3.0.0.tgz. Extracting by manifest.
636 silly tarball no local data for is-finalizationregistry@https://registry.npmjs.org/is-finalizationregistry/-/is-finalizationregistry-1.0.2.tgz. Extracting by manifest.
637 silly tarball no local data for is-core-module@https://registry.npmjs.org/is-core-module/-/is-core-module-2.15.0.tgz. Extracting by manifest.
638 silly tarball no local data for is-date-object@https://registry.npmjs.org/is-date-object/-/is-date-object-1.0.5.tgz. Extracting by manifest.
639 silly tarball no local data for is-data-view@https://registry.npmjs.org/is-data-view/-/is-data-view-1.0.1.tgz. Extracting by manifest.
640 silly tarball no local data for is-callable@https://registry.npmjs.org/is-callable/-/is-callable-1.2.7.tgz. Extracting by manifest.
641 silly tarball no local data for is-binary-path@https://registry.npmjs.org/is-binary-path/-/is-binary-path-2.1.0.tgz. Extracting by manifest.
642 silly tarball no local data for is-boolean-object@https://registry.npmjs.org/is-boolean-object/-/is-boolean-object-1.1.2.tgz. Extracting by manifest.
643 silly tarball no local data for is-extglob@https://registry.npmjs.org/is-extglob/-/is-extglob-2.1.1.tgz. Extracting by manifest.
644 silly tarball no local data for is-bigint@https://registry.npmjs.org/is-bigint/-/is-bigint-1.0.4.tgz. Extracting by manifest.
645 silly tarball no local data for is-arguments@https://registry.npmjs.org/is-arguments/-/is-arguments-1.1.1.tgz. Extracting by manifest.
646 silly tarball no local data for is-array-buffer@https://registry.npmjs.org/is-array-buffer/-/is-array-buffer-3.0.4.tgz. Extracting by manifest.
647 silly tarball no local data for internal-slot@https://registry.npmjs.org/internal-slot/-/internal-slot-1.0.7.tgz. Extracting by manifest.
648 silly tarball no local data for imurmurhash@https://registry.npmjs.org/imurmurhash/-/imurmurhash-0.1.4.tgz. Extracting by manifest.
649 silly tarball no local data for inherits@https://registry.npmjs.org/inherits/-/inherits-2.0.4.tgz. Extracting by manifest.
650 silly tarball no local data for inflight@https://registry.npmjs.org/inflight/-/inflight-1.0.6.tgz. Extracting by manifest.
651 silly tarball no local data for import-fresh@https://registry.npmjs.org/import-fresh/-/import-fresh-3.3.0.tgz. Extracting by manifest.
652 silly tarball no local data for hasown@https://registry.npmjs.org/hasown/-/hasown-2.0.2.tgz. Extracting by manifest.
653 silly tarball no local data for is-async-function@https://registry.npmjs.org/is-async-function/-/is-async-function-2.0.0.tgz. Extracting by manifest.
654 silly tarball no local data for ignore@https://registry.npmjs.org/ignore/-/ignore-5.3.1.tgz. Extracting by manifest.
655 silly tarball no local data for has-proto@https://registry.npmjs.org/has-proto/-/has-proto-1.0.3.tgz. Extracting by manifest.
656 silly tarball no local data for has-symbols@https://registry.npmjs.org/has-symbols/-/has-symbols-1.0.3.tgz. Extracting by manifest.
657 silly tarball no local data for has-property-descriptors@https://registry.npmjs.org/has-property-descriptors/-/has-property-descriptors-1.0.2.tgz. Extracting by manifest.
658 silly tarball no local data for has-flag@https://registry.npmjs.org/has-flag/-/has-flag-4.0.0.tgz. Extracting by manifest.
659 silly tarball no local data for graceful-fs@https://registry.npmjs.org/graceful-fs/-/graceful-fs-4.2.11.tgz. Extracting by manifest.
660 silly tarball no local data for gopd@https://registry.npmjs.org/gopd/-/gopd-1.0.1.tgz. Extracting by manifest.
661 silly tarball no local data for graphemer@https://registry.npmjs.org/graphemer/-/graphemer-1.4.0.tgz. Extracting by manifest.
662 silly tarball no local data for globby@https://registry.npmjs.org/globby/-/globby-11.1.0.tgz. Extracting by manifest.
663 silly tarball no local data for has-tostringtag@https://registry.npmjs.org/has-tostringtag/-/has-tostringtag-1.0.2.tgz. Extracting by manifest.
664 silly tarball no local data for globalthis@https://registry.npmjs.org/globalthis/-/globalthis-1.0.4.tgz. Extracting by manifest.
665 silly tarball no local data for glob-to-regexp@https://registry.npmjs.org/glob-to-regexp/-/glob-to-regexp-0.4.1.tgz. Extracting by manifest.
666 silly tarball no local data for globals@https://registry.npmjs.org/globals/-/globals-13.24.0.tgz. Extracting by manifest.
667 silly tarball no local data for glob-parent@https://registry.npmjs.org/glob-parent/-/glob-parent-6.0.2.tgz. Extracting by manifest.
668 silly tarball no local data for glob@https://registry.npmjs.org/glob/-/glob-10.3.10.tgz. Extracting by manifest.
669 silly tarball no local data for has-bigints@https://registry.npmjs.org/has-bigints/-/has-bigints-1.0.2.tgz. Extracting by manifest.
670 silly tarball no local data for get-symbol-description@https://registry.npmjs.org/get-symbol-description/-/get-symbol-description-1.0.2.tgz. Extracting by manifest.
671 silly tarball no local data for get-intrinsic@https://registry.npmjs.org/get-intrinsic/-/get-intrinsic-1.2.4.tgz. Extracting by manifest.
672 silly tarball no local data for get-tsconfig@https://registry.npmjs.org/get-tsconfig/-/get-tsconfig-4.7.6.tgz. Extracting by manifest.
673 silly tarball no local data for function.prototype.name@https://registry.npmjs.org/function.prototype.name/-/function.prototype.name-1.1.6.tgz. Extracting by manifest.
674 silly tarball no local data for functions-have-names@https://registry.npmjs.org/functions-have-names/-/functions-have-names-1.2.3.tgz. Extracting by manifest.
675 silly tarball no local data for function-bind@https://registry.npmjs.org/function-bind/-/function-bind-1.1.2.tgz. Extracting by manifest.
676 silly tarball no local data for foreground-child@https://registry.npmjs.org/foreground-child/-/foreground-child-3.2.1.tgz. Extracting by manifest.
677 silly tarball no local data for form-data@https://registry.npmjs.org/form-data/-/form-data-4.0.0.tgz. Extracting by manifest.
678 silly tarball no local data for fs.realpath@https://registry.npmjs.org/fs.realpath/-/fs.realpath-1.0.0.tgz. Extracting by manifest.
679 silly tarball no local data for for-each@https://registry.npmjs.org/for-each/-/for-each-0.3.3.tgz. Extracting by manifest.
680 silly tarball no local data for follow-redirects@https://registry.npmjs.org/follow-redirects/-/follow-redirects-1.15.6.tgz. Extracting by manifest.
681 silly tarball no local data for flatted@https://registry.npmjs.org/flatted/-/flatted-3.3.1.tgz. Extracting by manifest.
682 silly tarball no local data for find-up@https://registry.npmjs.org/find-up/-/find-up-5.0.0.tgz. Extracting by manifest.
683 silly tarball no local data for fill-range@https://registry.npmjs.org/fill-range/-/fill-range-7.1.1.tgz. Extracting by manifest.
684 silly tarball no local data for filesize@https://registry.npmjs.org/filesize/-/filesize-10.1.4.tgz. Extracting by manifest.
685 silly tarball no local data for flat-cache@https://registry.npmjs.org/flat-cache/-/flat-cache-3.2.0.tgz. Extracting by manifest.
686 silly tarball no local data for file-entry-cache@https://registry.npmjs.org/file-entry-cache/-/file-entry-cache-6.0.1.tgz. Extracting by manifest.
687 silly tarball no local data for fastparse@https://registry.npmjs.org/fastparse/-/fastparse-1.1.2.tgz. Extracting by manifest.
688 silly tarball no local data for fastq@https://registry.npmjs.org/fastq/-/fastq-1.17.1.tgz. Extracting by manifest.
689 silly tarball no local data for fast-json-stable-stringify@https://registry.npmjs.org/fast-json-stable-stringify/-/fast-json-stable-stringify-2.1.0.tgz. Extracting by manifest.
690 silly tarball no local data for fast-deep-equal@https://registry.npmjs.org/fast-deep-equal/-/fast-deep-equal-3.1.3.tgz. Extracting by manifest.
691 silly tarball no local data for fast-glob@https://registry.npmjs.org/fast-glob/-/fast-glob-3.3.2.tgz. Extracting by manifest.
692 silly tarball no local data for esutils@https://registry.npmjs.org/esutils/-/esutils-2.0.3.tgz. Extracting by manifest.
693 silly tarball no local data for fast-levenshtein@https://registry.npmjs.org/fast-levenshtein/-/fast-levenshtein-2.0.6.tgz. Extracting by manifest.
694 silly tarball no local data for esrecurse@https://registry.npmjs.org/esrecurse/-/esrecurse-4.3.0.tgz. Extracting by manifest.
695 silly tarball no local data for estraverse@https://registry.npmjs.org/estraverse/-/estraverse-5.3.0.tgz. Extracting by manifest.
696 silly tarball no local data for esquery@https://registry.npmjs.org/esquery/-/esquery-1.6.0.tgz. Extracting by manifest.
697 silly tarball no local data for eslint-scope@https://registry.npmjs.org/eslint-scope/-/eslint-scope-7.2.2.tgz. Extracting by manifest.
698 silly tarball no local data for eslint-visitor-keys@https://registry.npmjs.org/eslint-visitor-keys/-/eslint-visitor-keys-3.4.3.tgz. Extracting by manifest.
699 silly tarball no local data for espree@https://registry.npmjs.org/espree/-/espree-9.6.1.tgz. Extracting by manifest.
700 silly tarball no local data for eslint-plugin-react-hooks@https://registry.npmjs.org/eslint-plugin-react-hooks/-/eslint-plugin-react-hooks-4.6.2.tgz. Extracting by manifest.
701 silly tarball no local data for eslint-plugin-jsx-a11y@https://registry.npmjs.org/eslint-plugin-jsx-a11y/-/eslint-plugin-jsx-a11y-6.9.0.tgz. Extracting by manifest.
702 silly tarball no local data for eslint-module-utils@https://registry.npmjs.org/eslint-module-utils/-/eslint-module-utils-2.8.1.tgz. Extracting by manifest.
703 silly tarball no local data for eslint-plugin-react@https://registry.npmjs.org/eslint-plugin-react/-/eslint-plugin-react-7.35.0.tgz. Extracting by manifest.
704 silly tarball no local data for eslint-plugin-import@https://registry.npmjs.org/eslint-plugin-import/-/eslint-plugin-import-2.29.1.tgz. Extracting by manifest.
705 silly tarball no local data for eslint-import-resolver-typescript@https://registry.npmjs.org/eslint-import-resolver-typescript/-/eslint-import-resolver-typescript-3.6.1.tgz. Extracting by manifest.
706 silly tarball no local data for eslint-import-resolver-node@https://registry.npmjs.org/eslint-import-resolver-node/-/eslint-import-resolver-node-0.3.9.tgz. Extracting by manifest.
707 silly tarball no local data for escape-string-regexp@https://registry.npmjs.org/escape-string-regexp/-/escape-string-regexp-4.0.0.tgz. Extracting by manifest.
708 silly tarball no local data for es-to-primitive@https://registry.npmjs.org/es-to-primitive/-/es-to-primitive-1.2.1.tgz. Extracting by manifest.
709 silly tarball no local data for eslint@https://registry.npmjs.org/eslint/-/eslint-8.57.0.tgz. Extracting by manifest.
710 silly tarball no local data for eslint-config-next@https://registry.npmjs.org/eslint-config-next/-/eslint-config-next-14.2.5.tgz. Extracting by manifest.
711 silly tarball no local data for es-shim-unscopables@https://registry.npmjs.org/es-shim-unscopables/-/es-shim-unscopables-1.0.2.tgz. Extracting by manifest.
712 silly tarball no local data for es-set-tostringtag@https://registry.npmjs.org/es-set-tostringtag/-/es-set-tostringtag-2.0.3.tgz. Extracting by manifest.
713 silly tarball no local data for es-get-iterator@https://registry.npmjs.org/es-get-iterator/-/es-get-iterator-1.1.3.tgz. Extracting by manifest.
714 silly tarball no local data for es-errors@https://registry.npmjs.org/es-errors/-/es-errors-1.3.0.tgz. Extracting by manifest.
715 silly tarball no local data for es-iterator-helpers@https://registry.npmjs.org/es-iterator-helpers/-/es-iterator-helpers-1.0.19.tgz. Extracting by manifest.
716 silly tarball no local data for es-object-atoms@https://registry.npmjs.org/es-object-atoms/-/es-object-atoms-1.0.0.tgz. Extracting by manifest.
717 silly tarball no local data for es-define-property@https://registry.npmjs.org/es-define-property/-/es-define-property-1.0.0.tgz. Extracting by manifest.
718 silly tarball no local data for es-abstract@https://registry.npmjs.org/es-abstract/-/es-abstract-1.23.3.tgz. Extracting by manifest.
719 silly tarball no local data for enhanced-resolve@https://registry.npmjs.org/enhanced-resolve/-/enhanced-resolve-5.17.1.tgz. Extracting by manifest.
720 silly tarball no local data for doctrine@https://registry.npmjs.org/doctrine/-/doctrine-3.0.0.tgz. Extracting by manifest.
721 silly tarball no local data for emoji-regex@https://registry.npmjs.org/emoji-regex/-/emoji-regex-9.2.2.tgz. Extracting by manifest.
722 silly tarball no local data for dot-case@https://registry.npmjs.org/dot-case/-/dot-case-3.0.4.tgz. Extracting by manifest.
723 silly tarball no local data for eastasianwidth@https://registry.npmjs.org/eastasianwidth/-/eastasianwidth-0.2.0.tgz. Extracting by manifest.
724 silly tarball no local data for dlv@https://registry.npmjs.org/dlv/-/dlv-1.1.3.tgz. Extracting by manifest.
725 silly tarball no local data for dir-glob@https://registry.npmjs.org/dir-glob/-/dir-glob-3.0.1.tgz. Extracting by manifest.
726 silly tarball no local data for didyoumean@https://registry.npmjs.org/didyoumean/-/didyoumean-1.2.2.tgz. Extracting by manifest.
727 silly tarball no local data for delayed-stream@https://registry.npmjs.org/delayed-stream/-/delayed-stream-1.0.0.tgz. Extracting by manifest.
728 silly tarball no local data for diff@https://registry.npmjs.org/diff/-/diff-4.0.2.tgz. Extracting by manifest.
729 silly tarball no local data for define-data-property@https://registry.npmjs.org/define-data-property/-/define-data-property-1.1.4.tgz. Extracting by manifest.
730 silly tarball no local data for define-properties@https://registry.npmjs.org/define-properties/-/define-properties-1.2.1.tgz. Extracting by manifest.
731 silly tarball no local data for deep-is@https://registry.npmjs.org/deep-is/-/deep-is-0.1.4.tgz. Extracting by manifest.
732 silly tarball no local data for data-view-byte-offset@https://registry.npmjs.org/data-view-byte-offset/-/data-view-byte-offset-1.0.0.tgz. Extracting by manifest.
733 silly tarball no local data for debug@https://registry.npmjs.org/debug/-/debug-4.3.6.tgz. Extracting by manifest.
734 silly tarball no local data for deep-equal@https://registry.npmjs.org/deep-equal/-/deep-equal-2.2.3.tgz. Extracting by manifest.
735 silly tarball no local data for dayjs@https://registry.npmjs.org/dayjs/-/dayjs-1.11.12.tgz. Extracting by manifest.
736 silly tarball no local data for data-view-byte-length@https://registry.npmjs.org/data-view-byte-length/-/data-view-byte-length-1.0.1.tgz. Extracting by manifest.
737 silly tarball no local data for data-view-buffer@https://registry.npmjs.org/data-view-buffer/-/data-view-buffer-1.0.1.tgz. Extracting by manifest.
738 silly tarball no local data for csstype@https://registry.npmjs.org/csstype/-/csstype-3.1.3.tgz. Extracting by manifest.
739 silly tarball no local data for daisyui@https://registry.npmjs.org/daisyui/-/daisyui-4.12.10.tgz. Extracting by manifest.
740 silly tarball no local data for cssesc@https://registry.npmjs.org/cssesc/-/cssesc-3.0.0.tgz. Extracting by manifest.
741 silly tarball no local data for damerau-levenshtein@https://registry.npmjs.org/damerau-levenshtein/-/damerau-levenshtein-1.0.8.tgz. Extracting by manifest.
742 silly tarball no local data for culori@https://registry.npmjs.org/culori/-/culori-3.3.0.tgz. Extracting by manifest.
743 silly tarball no local data for crypto-js@https://registry.npmjs.org/crypto-js/-/crypto-js-4.2.0.tgz. Extracting by manifest.
744 silly tarball no local data for cross-spawn@https://registry.npmjs.org/cross-spawn/-/cross-spawn-7.0.3.tgz. Extracting by manifest.
745 silly tarball no local data for create-require@https://registry.npmjs.org/create-require/-/create-require-1.1.1.tgz. Extracting by manifest.
746 silly tarball no local data for concat-map@https://registry.npmjs.org/concat-map/-/concat-map-0.0.1.tgz. Extracting by manifest.
747 silly tarball no local data for css-selector-tokenizer@https://registry.npmjs.org/css-selector-tokenizer/-/css-selector-tokenizer-0.8.0.tgz. Extracting by manifest.
748 silly tarball no local data for cookie@https://registry.npmjs.org/cookie/-/cookie-0.5.0.tgz. Extracting by manifest.
749 silly tarball no local data for combined-stream@https://registry.npmjs.org/combined-stream/-/combined-stream-1.0.8.tgz. Extracting by manifest.
750 silly tarball no local data for commander@https://registry.npmjs.org/commander/-/commander-4.1.1.tgz. Extracting by manifest.
751 silly tarball no local data for color-convert@https://registry.npmjs.org/color-convert/-/color-convert-2.0.1.tgz. Extracting by manifest.
752 silly tarball no local data for client-only@https://registry.npmjs.org/client-only/-/client-only-0.0.1.tgz. Extracting by manifest.
753 silly tarball no local data for cloudinary@https://registry.npmjs.org/cloudinary/-/cloudinary-2.4.0.tgz. Extracting by manifest.
754 silly tarball no local data for color-name@https://registry.npmjs.org/color-name/-/color-name-1.1.4.tgz. Extracting by manifest.
755 silly tarball no local data for chokidar@https://registry.npmjs.org/chokidar/-/chokidar-3.6.0.tgz. Extracting by manifest.
756 silly tarball no local data for camelcase-css@https://registry.npmjs.org/camelcase-css/-/camelcase-css-2.0.1.tgz. Extracting by manifest.
757 silly tarball no local data for chalk@https://registry.npmjs.org/chalk/-/chalk-4.1.2.tgz. Extracting by manifest.
758 silly tarball no local data for callsites@https://registry.npmjs.org/callsites/-/callsites-3.1.0.tgz. Extracting by manifest.
759 silly tarball no local data for call-bind@https://registry.npmjs.org/call-bind/-/call-bind-1.0.7.tgz. Extracting by manifest.
760 silly tarball no local data for busboy@https://registry.npmjs.org/busboy/-/busboy-1.6.0.tgz. Extracting by manifest.
761 silly tarball no local data for caniuse-lite@https://registry.npmjs.org/caniuse-lite/-/caniuse-lite-1.0.30001647.tgz. Extracting by manifest.
762 silly tarball no local data for braces@https://registry.npmjs.org/braces/-/braces-3.0.3.tgz. Extracting by manifest.
763 silly tarball no local data for brace-expansion@https://registry.npmjs.org/brace-expansion/-/brace-expansion-1.1.11.tgz. Extracting by manifest.
764 silly tarball no local data for balanced-match@https://registry.npmjs.org/balanced-match/-/balanced-match-1.0.2.tgz. Extracting by manifest.
765 silly tarball no local data for binary-extensions@https://registry.npmjs.org/binary-extensions/-/binary-extensions-2.3.0.tgz. Extracting by manifest.
766 silly tarball no local data for axios@https://registry.npmjs.org/axios/-/axios-1.7.3.tgz. Extracting by manifest.
767 silly tarball no local data for axe-core@https://registry.npmjs.org/axe-core/-/axe-core-4.10.0.tgz. Extracting by manifest.
768 silly tarball no local data for axobject-query@https://registry.npmjs.org/axobject-query/-/axobject-query-3.1.1.tgz. Extracting by manifest.
769 silly tarball no local data for available-typed-arrays@https://registry.npmjs.org/available-typed-arrays/-/available-typed-arrays-1.0.7.tgz. Extracting by manifest.
770 silly tarball no local data for asynckit@https://registry.npmjs.org/asynckit/-/asynckit-0.4.0.tgz. Extracting by manifest.
771 silly tarball no local data for ast-types-flow@https://registry.npmjs.org/ast-types-flow/-/ast-types-flow-0.0.8.tgz. Extracting by manifest.
772 silly tarball no local data for array.prototype.tosorted@https://registry.npmjs.org/array.prototype.tosorted/-/array.prototype.tosorted-1.1.4.tgz. Extracting by manifest.
773 silly tarball no local data for array.prototype.flat@https://registry.npmjs.org/array.prototype.flat/-/array.prototype.flat-1.3.2.tgz. Extracting by manifest.
774 silly tarball no local data for arraybuffer.prototype.slice@https://registry.npmjs.org/arraybuffer.prototype.slice/-/arraybuffer.prototype.slice-1.0.3.tgz. Extracting by manifest.
775 silly tarball no local data for array.prototype.flatmap@https://registry.npmjs.org/array.prototype.flatmap/-/array.prototype.flatmap-1.3.2.tgz. Extracting by manifest.
776 silly tarball no local data for array.prototype.findlastindex@https://registry.npmjs.org/array.prototype.findlastindex/-/array.prototype.findlastindex-1.2.5.tgz. Extracting by manifest.
777 silly tarball no local data for array-union@https://registry.npmjs.org/array-union/-/array-union-2.1.0.tgz. Extracting by manifest.
778 silly tarball no local data for array-includes@https://registry.npmjs.org/array-includes/-/array-includes-3.1.8.tgz. Extracting by manifest.
779 silly tarball no local data for array-buffer-byte-length@https://registry.npmjs.org/array-buffer-byte-length/-/array-buffer-byte-length-1.0.1.tgz. Extracting by manifest.
780 silly tarball no local data for argparse@https://registry.npmjs.org/argparse/-/argparse-2.0.1.tgz. Extracting by manifest.
781 silly tarball no local data for aria-query@https://registry.npmjs.org/aria-query/-/aria-query-5.1.3.tgz. Extracting by manifest.
782 silly tarball no local data for arg@https://registry.npmjs.org/arg/-/arg-5.0.2.tgz. Extracting by manifest.
783 silly tarball no local data for array.prototype.findlast@https://registry.npmjs.org/array.prototype.findlast/-/array.prototype.findlast-1.2.5.tgz. Extracting by manifest.
784 silly tarball no local data for any-promise@https://registry.npmjs.org/any-promise/-/any-promise-1.3.0.tgz. Extracting by manifest.
785 silly tarball no local data for ansi-styles@https://registry.npmjs.org/ansi-styles/-/ansi-styles-4.3.0.tgz. Extracting by manifest.
786 silly tarball no local data for anymatch@https://registry.npmjs.org/anymatch/-/anymatch-3.1.3.tgz. Extracting by manifest.
787 silly tarball no local data for ajv@https://registry.npmjs.org/ajv/-/ajv-6.12.6.tgz. Extracting by manifest.
788 silly tarball no local data for acorn-walk@https://registry.npmjs.org/acorn-walk/-/acorn-walk-8.3.3.tgz. Extracting by manifest.
789 silly tarball no local data for ansi-regex@https://registry.npmjs.org/ansi-regex/-/ansi-regex-5.0.1.tgz. Extracting by manifest.
790 silly tarball no local data for acorn-jsx@https://registry.npmjs.org/acorn-jsx/-/acorn-jsx-5.3.2.tgz. Extracting by manifest.
791 silly tarball no local data for acorn@https://registry.npmjs.org/acorn/-/acorn-8.12.1.tgz. Extracting by manifest.
792 silly tarball no local data for @typescript-eslint/typescript-estree@https://registry.npmjs.org/@typescript-eslint/typescript-estree/-/typescript-estree-7.2.0.tgz. Extracting by manifest.
793 silly tarball no local data for @ungap/structured-clone@https://registry.npmjs.org/@ungap/structured-clone/-/structured-clone-1.2.0.tgz. Extracting by manifest.
794 silly tarball no local data for @typescript-eslint/types@https://registry.npmjs.org/@typescript-eslint/types/-/types-7.2.0.tgz. Extracting by manifest.
795 silly tarball no local data for @typescript-eslint/parser@https://registry.npmjs.org/@typescript-eslint/parser/-/parser-7.2.0.tgz. Extracting by manifest.
796 silly tarball no local data for @typescript-eslint/visitor-keys@https://registry.npmjs.org/@typescript-eslint/visitor-keys/-/visitor-keys-7.2.0.tgz. Extracting by manifest.
797 silly tarball no local data for @types/react-dom@https://registry.npmjs.org/@types/react-dom/-/react-dom-18.3.0.tgz. Extracting by manifest.
798 silly tarball no local data for @typescript-eslint/scope-manager@https://registry.npmjs.org/@typescript-eslint/scope-manager/-/scope-manager-7.2.0.tgz. Extracting by manifest.
799 silly tarball no local data for @types/react@https://registry.npmjs.org/@types/react/-/react-18.3.3.tgz. Extracting by manifest.
800 silly tarball no local data for @types/node@https://registry.npmjs.org/@types/node/-/node-20.14.14.tgz. Extracting by manifest.
801 silly tarball no local data for @tsconfig/recommended@https://registry.npmjs.org/@tsconfig/recommended/-/recommended-1.0.7.tgz. Extracting by manifest.
802 silly tarball no local data for @types/prop-types@https://registry.npmjs.org/@types/prop-types/-/prop-types-15.7.12.tgz. Extracting by manifest.
803 silly tarball no local data for @types/json5@https://registry.npmjs.org/@types/json5/-/json5-0.0.29.tgz. Extracting by manifest.
804 silly tarball no local data for @tsconfig/node16@https://registry.npmjs.org/@tsconfig/node16/-/node16-1.0.4.tgz. Extracting by manifest.
805 silly tarball no local data for @tsconfig/node14@https://registry.npmjs.org/@tsconfig/node14/-/node14-1.0.3.tgz. Extracting by manifest.
806 silly tarball no local data for @tsconfig/node10@https://registry.npmjs.org/@tsconfig/node10/-/node10-1.0.11.tgz. Extracting by manifest.
807 silly tarball no local data for @prisma/get-platform@https://registry.npmjs.org/@prisma/get-platform/-/get-platform-5.18.0.tgz. Extracting by manifest.
808 silly tarball no local data for @rushstack/eslint-patch@https://registry.npmjs.org/@rushstack/eslint-patch/-/eslint-patch-1.10.4.tgz. Extracting by manifest.
809 silly tarball no local data for @swc/counter@https://registry.npmjs.org/@swc/counter/-/counter-0.1.3.tgz. Extracting by manifest.
810 silly tarball no local data for @swc/helpers@https://registry.npmjs.org/@swc/helpers/-/helpers-0.5.5.tgz. Extracting by manifest.
811 silly tarball no local data for @tsconfig/node12@https://registry.npmjs.org/@tsconfig/node12/-/node12-1.0.11.tgz. Extracting by manifest.
812 silly tarball no local data for @prisma/engines@https://registry.npmjs.org/@prisma/engines/-/engines-5.18.0.tgz. Extracting by manifest.
813 silly tarball no local data for @prisma/fetch-engine@https://registry.npmjs.org/@prisma/fetch-engine/-/fetch-engine-5.18.0.tgz. Extracting by manifest.
814 silly tarball no local data for @prisma/debug@https://registry.npmjs.org/@prisma/debug/-/debug-5.18.0.tgz. Extracting by manifest.
815 silly tarball no local data for @pkgjs/parseargs@https://registry.npmjs.org/@pkgjs/parseargs/-/parseargs-0.11.0.tgz. Extracting by manifest.
816 silly tarball no local data for @prisma/engines-version@https://registry.npmjs.org/@prisma/engines-version/-/engines-version-5.18.0-25.4c784e32044a8a016d99474bd02a3b6123742169.tgz. Extracting by manifest.
817 silly tarball no local data for @prisma/client@https://registry.npmjs.org/@prisma/client/-/client-5.18.0.tgz. Extracting by manifest.
818 silly tarball no local data for @next/swc-win32-x64-msvc@https://registry.npmjs.org/@next/swc-win32-x64-msvc/-/swc-win32-x64-msvc-14.2.5.tgz. Extracting by manifest.
819 silly tarball no local data for @next/eslint-plugin-next@https://registry.npmjs.org/@next/eslint-plugin-next/-/eslint-plugin-next-14.2.5.tgz. Extracting by manifest.
820 silly tarball no local data for @next/env@https://registry.npmjs.org/@next/env/-/env-14.2.5.tgz. Extracting by manifest.
821 silly tarball no local data for @nodelib/fs.scandir@https://registry.npmjs.org/@nodelib/fs.scandir/-/fs.scandir-2.1.5.tgz. Extracting by manifest.
822 silly tarball no local data for @nodelib/fs.stat@https://registry.npmjs.org/@nodelib/fs.stat/-/fs.stat-2.0.5.tgz. Extracting by manifest.
823 silly tarball no local data for @nodelib/fs.walk@https://registry.npmjs.org/@nodelib/fs.walk/-/fs.walk-1.2.8.tgz. Extracting by manifest.
824 silly tarball no local data for @jridgewell/trace-mapping@https://registry.npmjs.org/@jridgewell/trace-mapping/-/trace-mapping-0.3.25.tgz. Extracting by manifest.
825 silly tarball no local data for @jridgewell/set-array@https://registry.npmjs.org/@jridgewell/set-array/-/set-array-1.2.1.tgz. Extracting by manifest.
826 silly tarball no local data for @jridgewell/resolve-uri@https://registry.npmjs.org/@jridgewell/resolve-uri/-/resolve-uri-3.1.2.tgz. Extracting by manifest.
827 silly tarball no local data for @jridgewell/gen-mapping@https://registry.npmjs.org/@jridgewell/gen-mapping/-/gen-mapping-0.3.5.tgz. Extracting by manifest.
828 silly tarball no local data for @isaacs/cliui@https://registry.npmjs.org/@isaacs/cliui/-/cliui-8.0.2.tgz. Extracting by manifest.
829 silly tarball no local data for @humanwhocodes/object-schema@https://registry.npmjs.org/@humanwhocodes/object-schema/-/object-schema-2.0.3.tgz. Extracting by manifest.
830 silly tarball no local data for @jridgewell/sourcemap-codec@https://registry.npmjs.org/@jridgewell/sourcemap-codec/-/sourcemap-codec-1.5.0.tgz. Extracting by manifest.
831 silly tarball no local data for @humanwhocodes/module-importer@https://registry.npmjs.org/@humanwhocodes/module-importer/-/module-importer-1.0.1.tgz. Extracting by manifest.
832 silly tarball no local data for @humanwhocodes/config-array@https://registry.npmjs.org/@humanwhocodes/config-array/-/config-array-0.11.14.tgz. Extracting by manifest.
833 silly tarball no local data for @eslint-community/eslint-utils@https://registry.npmjs.org/@eslint-community/eslint-utils/-/eslint-utils-4.4.0.tgz. Extracting by manifest.
834 silly tarball no local data for @eslint/js@https://registry.npmjs.org/@eslint/js/-/js-8.57.0.tgz. Extracting by manifest.
835 silly tarball no local data for @cloudinary/url-gen@https://registry.npmjs.org/@cloudinary/url-gen/-/url-gen-1.15.0.tgz. Extracting by manifest.
836 silly tarball no local data for @eslint-community/regexpp@https://registry.npmjs.org/@eslint-community/regexpp/-/regexpp-4.11.0.tgz. Extracting by manifest.
837 silly tarball no local data for @cspotcode/source-map-support@https://registry.npmjs.org/@cspotcode/source-map-support/-/source-map-support-0.8.1.tgz. Extracting by manifest.
838 silly tarball no local data for @cloudinary/transformation-builder-sdk@https://registry.npmjs.org/@cloudinary/transformation-builder-sdk/-/transformation-builder-sdk-1.14.1.tgz. Extracting by manifest.
839 silly tarball no local data for @eslint/eslintrc@https://registry.npmjs.org/@eslint/eslintrc/-/eslintrc-2.1.4.tgz. Extracting by manifest.
840 silly tarball no local data for @clerk/types@https://registry.npmjs.org/@clerk/types/-/types-4.11.0.tgz. Extracting by manifest.
841 silly tarball no local data for @clerk/shared@https://registry.npmjs.org/@clerk/shared/-/shared-2.4.3.tgz. Extracting by manifest.
842 silly tarball no local data for @cloudinary-util/util@https://registry.npmjs.org/@cloudinary-util/util/-/util-3.1.0.tgz. Extracting by manifest.
843 silly tarball no local data for @clerk/clerk-react@https://registry.npmjs.org/@clerk/clerk-react/-/clerk-react-5.3.1.tgz. Extracting by manifest.
844 silly tarball no local data for @clerk/nextjs@https://registry.npmjs.org/@clerk/nextjs/-/nextjs-5.2.12.tgz. Extracting by manifest.
845 silly tarball no local data for @cloudinary-util/types@https://registry.npmjs.org/@cloudinary-util/types/-/types-1.1.0.tgz. Extracting by manifest.
846 silly tarball no local data for @clerk/backend@https://registry.npmjs.org/@clerk/backend/-/backend-1.5.2.tgz. Extracting by manifest.
847 silly tarball no local data for @cloudinary-util/url-loader@https://registry.npmjs.org/@cloudinary-util/url-loader/-/url-loader-5.5.0.tgz. Extracting by manifest.
848 silly tarball no local data for string-width@https://registry.npmjs.org/string-width/-/string-width-4.2.3.tgz. Extracting by manifest.
849 silly tarball no local data for arg@https://registry.npmjs.org/arg/-/arg-4.1.3.tgz. Extracting by manifest.
850 silly tarball no local data for ansi-styles@https://registry.npmjs.org/ansi-styles/-/ansi-styles-6.2.1.tgz. Extracting by manifest.
851 silly tarball no local data for strip-ansi@https://registry.npmjs.org/strip-ansi/-/strip-ansi-7.1.0.tgz. Extracting by manifest.
852 silly tarball no local data for ansi-regex@https://registry.npmjs.org/ansi-regex/-/ansi-regex-6.0.1.tgz. Extracting by manifest.
853 silly tarball no local data for @alloc/quick-lru@https://registry.npmjs.org/@alloc/quick-lru/-/quick-lru-5.2.0.tgz. Extracting by manifest.
854 silly tarball no local data for emoji-regex@https://registry.npmjs.org/emoji-regex/-/emoji-regex-8.0.0.tgz. Extracting by manifest.
855 silly tarball no local data for emoji-regex@https://registry.npmjs.org/emoji-regex/-/emoji-regex-8.0.0.tgz. Extracting by manifest.
856 silly tarball no local data for lilconfig@https://registry.npmjs.org/lilconfig/-/lilconfig-3.1.2.tgz. Extracting by manifest.
857 silly tarball no local data for glob@https://registry.npmjs.org/glob/-/glob-7.2.3.tgz. Extracting by manifest.
858 silly tarball no local data for strip-ansi@https://registry.npmjs.org/strip-ansi/-/strip-ansi-7.1.0.tgz. Extracting by manifest.
859 silly tarball no local data for type-fest@https://registry.npmjs.org/type-fest/-/type-fest-2.19.0.tgz. Extracting by manifest.
860 silly tarball no local data for postcss@https://registry.npmjs.org/postcss/-/postcss-8.4.31.tgz. Extracting by manifest.
861 silly tarball no local data for brace-expansion@https://registry.npmjs.org/brace-expansion/-/brace-expansion-2.0.1.tgz. Extracting by manifest.
862 silly tarball no local data for ansi-regex@https://registry.npmjs.org/ansi-regex/-/ansi-regex-6.0.1.tgz. Extracting by manifest.
863 silly tarball no local data for glob-parent@https://registry.npmjs.org/glob-parent/-/glob-parent-5.1.2.tgz. Extracting by manifest.
864 silly tarball no local data for doctrine@https://registry.npmjs.org/doctrine/-/doctrine-2.1.0.tgz. Extracting by manifest.
865 silly tarball no local data for semver@https://registry.npmjs.org/semver/-/semver-6.3.1.tgz. Extracting by manifest.
866 silly tarball no local data for semver@https://registry.npmjs.org/semver/-/semver-6.3.1.tgz. Extracting by manifest.
867 silly tarball no local data for debug@https://registry.npmjs.org/debug/-/debug-3.2.7.tgz. Extracting by manifest.
868 silly tarball no local data for doctrine@https://registry.npmjs.org/doctrine/-/doctrine-2.1.0.tgz. Extracting by manifest.
869 silly tarball no local data for debug@https://registry.npmjs.org/debug/-/debug-3.2.7.tgz. Extracting by manifest.
870 silly tarball no local data for resolve@https://registry.npmjs.org/resolve/-/resolve-2.0.0-next.5.tgz. Extracting by manifest.
871 silly tarball no local data for minimatch@https://registry.npmjs.org/minimatch/-/minimatch-9.0.5.tgz. Extracting by manifest.
872 silly tarball no local data for glob-parent@https://registry.npmjs.org/glob-parent/-/glob-parent-5.1.2.tgz. Extracting by manifest.
873 silly tarball no local data for debug@https://registry.npmjs.org/debug/-/debug-3.2.7.tgz. Extracting by manifest.
874 silly tarball no local data for ansi-regex@https://registry.npmjs.org/ansi-regex/-/ansi-regex-6.0.1.tgz. Extracting by manifest.
875 silly tarball no local data for strip-ansi@https://registry.npmjs.org/strip-ansi/-/strip-ansi-7.1.0.tgz. Extracting by manifest.
876 silly tarball no local data for minimatch@https://registry.npmjs.org/minimatch/-/minimatch-9.0.3.tgz. Extracting by manifest.
877 silly tarball no local data for brace-expansion@https://registry.npmjs.org/brace-expansion/-/brace-expansion-2.0.1.tgz. Extracting by manifest.
878 silly tarball no local data for @jridgewell/trace-mapping@https://registry.npmjs.org/@jridgewell/trace-mapping/-/trace-mapping-0.3.9.tgz. Extracting by manifest.
879 silly tarball no local data for tslib@https://registry.npmjs.org/tslib/-/tslib-2.4.1.tgz. Extracting by manifest.
880 silly tarball no local data for tslib@https://registry.npmjs.org/tslib/-/tslib-2.4.1.tgz. Extracting by manifest.
881 silly tarball no local data for csstype@https://registry.npmjs.org/csstype/-/csstype-3.1.1.tgz. Extracting by manifest.
882 silly tarball no local data for tslib@https://registry.npmjs.org/tslib/-/tslib-2.4.1.tgz. Extracting by manifest.
883 http fetch GET 200 https://registry.npmjs.org/use-sync-external-store/-/use-sync-external-store-1.2.2.tgz 880ms (cache miss)
884 http fetch GET 200 https://registry.npmjs.org/yocto-queue/-/yocto-queue-0.1.0.tgz 913ms (cache miss)
885 http fetch GET 200 https://registry.npmjs.org/unbox-primitive/-/unbox-primitive-1.0.2.tgz 879ms (cache miss)
886 http fetch GET 200 https://registry.npmjs.org/v8-compile-cache-lib/-/v8-compile-cache-lib-3.0.1.tgz 902ms (cache miss)
887 http fetch GET 200 https://registry.npmjs.org/which-typed-array/-/which-typed-array-1.1.15.tgz 950ms (cache miss)
888 http fetch GET 200 https://registry.npmjs.org/which-builtin-type/-/which-builtin-type-1.1.4.tgz 1043ms (cache miss)
889 http fetch GET 200 https://registry.npmjs.org/which-boxed-primitive/-/which-boxed-primitive-1.0.2.tgz 1052ms (cache miss)
890 http fetch GET 200 https://registry.npmjs.org/typed-array-length/-/typed-array-length-1.0.6.tgz 1048ms (cache miss)
891 http fetch GET 200 https://registry.npmjs.org/type-check/-/type-check-0.4.0.tgz 1085ms (cache miss)
892 http fetch GET 200 https://registry.npmjs.org/typed-array-buffer/-/typed-array-buffer-1.0.2.tgz 1100ms (cache miss)
893 http fetch GET 200 https://registry.npmjs.org/typed-array-byte-length/-/typed-array-byte-length-1.0.1.tgz 1103ms (cache miss)
894 http fetch GET 200 https://registry.npmjs.org/typed-array-byte-offset/-/typed-array-byte-offset-1.0.2.tgz 1148ms (cache miss)
895 http fetch GET 200 https://registry.npmjs.org/to-regex-range/-/to-regex-range-5.0.1.tgz 1165ms (cache miss)
896 http fetch GET 200 https://registry.npmjs.org/tslib/-/tslib-2.6.3.tgz 1187ms (cache miss)
897 http fetch GET 200 https://registry.npmjs.org/thenify-all/-/thenify-all-1.6.0.tgz 1194ms (cache miss)
898 http fetch GET 200 https://registry.npmjs.org/thenify/-/thenify-3.3.1.tgz 1198ms (cache miss)
899 http fetch GET 200 https://registry.npmjs.org/undici-types/-/undici-types-5.26.5.tgz 1261ms (cache miss)
900 http fetch GET 200 https://registry.npmjs.org/supports-color/-/supports-color-7.2.0.tgz 1330ms (cache miss)
901 http fetch GET 200 https://registry.npmjs.org/util-deprecate/-/util-deprecate-1.0.2.tgz 1360ms (cache miss)
902 http fetch GET 200 https://registry.npmjs.org/strip-ansi/-/strip-ansi-6.0.1.tgz 1380ms (cache miss)
903 http fetch GET 200 https://registry.npmjs.org/strip-json-comments/-/strip-json-comments-3.1.1.tgz 1384ms (cache miss)
904 http fetch GET 200 https://registry.npmjs.org/strip-bom/-/strip-bom-3.0.0.tgz 1385ms (cache miss)
905 http fetch GET 200 https://registry.npmjs.org/supports-preserve-symlinks-flag/-/supports-preserve-symlinks-flag-1.0.0.tgz 1391ms (cache miss)
906 http fetch GET 200 https://registry.npmjs.org/ts-interface-checker/-/ts-interface-checker-0.1.13.tgz 1395ms (cache miss)
907 http fetch GET 200 https://registry.npmjs.org/ts-api-utils/-/ts-api-utils-1.3.0.tgz 1405ms (cache miss)
908 http fetch GET 200 https://registry.npmjs.org/text-table/-/text-table-0.2.0.tgz 1449ms (cache miss)
909 http fetch GET 200 https://registry.npmjs.org/string.prototype.trimstart/-/string.prototype.trimstart-1.0.8.tgz 1440ms (cache miss)
910 http fetch GET 200 https://registry.npmjs.org/strip-ansi/-/strip-ansi-6.0.1.tgz 1487ms (cache miss)
911 http fetch GET 200 https://registry.npmjs.org/tapable/-/tapable-2.2.1.tgz 1598ms (cache miss)
912 http fetch GET 200 https://registry.npmjs.org/string.prototype.matchall/-/string.prototype.matchall-4.0.11.tgz 1591ms (cache miss)
913 http fetch GET 200 https://registry.npmjs.org/string-width/-/string-width-5.1.2.tgz 1597ms (cache miss)
914 http fetch GET 200 https://registry.npmjs.org/string.prototype.repeat/-/string.prototype.repeat-1.0.0.tgz 1600ms (cache miss)
915 http fetch GET 200 https://registry.npmjs.org/string-width/-/string-width-4.2.3.tgz 1600ms (cache miss)
916 http fetch GET 200 https://registry.npmjs.org/word-wrap/-/word-wrap-1.2.5.tgz 1659ms (cache miss)
917 http fetch GET 200 https://registry.npmjs.org/type-fest/-/type-fest-0.20.2.tgz 1656ms (cache miss)
918 http fetch GET 200 https://registry.npmjs.org/streamsearch/-/streamsearch-1.1.0.tgz 1636ms (cache miss)
919 http fetch GET 200 https://registry.npmjs.org/string.prototype.trimend/-/string.prototype.trimend-1.0.8.tgz 1646ms (cache miss)
920 http fetch GET 200 https://registry.npmjs.org/string.prototype.trim/-/string.prototype.trim-1.2.9.tgz 1646ms (cache miss)
921 http fetch GET 200 https://registry.npmjs.org/uri-js/-/uri-js-4.4.1.tgz 1696ms (cache miss)
922 http fetch GET 200 https://registry.npmjs.org/string.prototype.includes/-/string.prototype.includes-2.0.0.tgz 1665ms (cache miss)
923 http fetch GET 200 https://registry.npmjs.org/stop-iteration-iterator/-/stop-iteration-iterator-1.0.0.tgz 1722ms (cache miss)
924 http fetch GET 200 https://registry.npmjs.org/styled-jsx/-/styled-jsx-5.1.1.tgz 1755ms (cache miss)
925 http fetch GET 200 https://registry.npmjs.org/slash/-/slash-3.0.0.tgz 1746ms (cache miss)
926 http fetch GET 200 https://registry.npmjs.org/snakecase-keys/-/snakecase-keys-5.4.4.tgz 1751ms (cache miss)
927 http fetch GET 200 https://registry.npmjs.org/std-env/-/std-env-3.7.0.tgz 1803ms (cache miss)
928 http fetch GET 200 https://registry.npmjs.org/snake-case/-/snake-case-3.0.4.tgz 1827ms (cache miss)
929 http fetch GET 200 https://registry.npmjs.org/shebang-command/-/shebang-command-2.0.0.tgz 1857ms (cache miss)
930 http fetch GET 200 https://registry.npmjs.org/shebang-regex/-/shebang-regex-3.0.0.tgz 1861ms (cache miss)
931 http fetch GET 200 https://registry.npmjs.org/server-only/-/server-only-0.0.1.tgz 1860ms (cache miss)
932 http fetch GET 200 https://registry.npmjs.org/side-channel/-/side-channel-1.0.6.tgz 1866ms (cache miss)
933 http fetch GET 200 https://registry.npmjs.org/which/-/which-2.0.2.tgz 1934ms (cache miss)
934 http fetch GET 200 https://registry.npmjs.org/set-function-name/-/set-function-name-2.0.2.tgz 1945ms (cache miss)
935 http fetch GET 200 https://registry.npmjs.org/resolve-from/-/resolve-from-4.0.0.tgz 1948ms (cache miss)
936 http fetch GET 200 https://registry.npmjs.org/run-parallel/-/run-parallel-1.2.0.tgz 1958ms (cache miss)
937 http fetch GET 200 https://registry.npmjs.org/set-function-length/-/set-function-length-1.2.2.tgz 1970ms (cache miss)
938 http fetch GET 200 https://registry.npmjs.org/resolve-pkg-maps/-/resolve-pkg-maps-1.0.0.tgz 1960ms (cache miss)
939 http fetch GET 200 https://registry.npmjs.org/rimraf/-/rimraf-3.0.2.tgz 1969ms (cache miss)
940 http fetch GET 200 https://registry.npmjs.org/wrap-ansi/-/wrap-ansi-8.1.0.tgz 2053ms (cache miss)
941 warn deprecated rimraf@3.0.2: Rimraf versions prior to v4 are no longer supported
942 http fetch GET 200 https://registry.npmjs.org/react-is/-/react-is-16.13.1.tgz 1977ms (cache miss)
943 http fetch GET 200 https://registry.npmjs.org/source-map-js/-/source-map-js-1.2.0.tgz 2009ms (cache miss)
944 http fetch GET 200 https://registry.npmjs.org/safe-regex-test/-/safe-regex-test-1.0.3.tgz 2003ms (cache miss)
945 http fetch GET 200 https://registry.npmjs.org/safe-array-concat/-/safe-array-concat-1.1.2.tgz 2012ms (cache miss)
946 http fetch GET 200 https://registry.npmjs.org/reusify/-/reusify-1.0.4.tgz 2012ms (cache miss)
947 http fetch GET 200 https://registry.npmjs.org/scheduler/-/scheduler-0.23.2.tgz 2039ms (cache miss)
948 http fetch GET 200 https://registry.npmjs.org/regexp.prototype.flags/-/regexp.prototype.flags-1.5.2.tgz 2031ms (cache miss)
949 http fetch GET 200 https://registry.npmjs.org/reflect.getprototypeof/-/reflect.getprototypeof-1.0.6.tgz 2037ms (cache miss)
950 http fetch GET 200 https://registry.npmjs.org/swr/-/swr-2.2.5.tgz 2145ms (cache miss)
951 http fetch GET 200 https://registry.npmjs.org/zod/-/zod-3.23.8.tgz 2203ms (cache miss)
952 http fetch GET 200 https://registry.npmjs.org/signal-exit/-/signal-exit-4.1.0.tgz 2131ms (cache miss)
953 http fetch GET 200 https://registry.npmjs.org/tsconfig-paths/-/tsconfig-paths-3.15.0.tgz 2167ms (cache miss)
954 http fetch GET 200 https://registry.npmjs.org/semver/-/semver-7.6.3.tgz 2186ms (cache miss)
955 http fetch GET 200 https://registry.npmjs.org/ts-node/-/ts-node-10.9.2.tgz 2301ms (cache miss)
956 http fetch GET 200 https://registry.npmjs.org/proxy-from-env/-/proxy-from-env-1.1.0.tgz 2393ms (cache miss)
957 http fetch GET 200 https://registry.npmjs.org/punycode/-/punycode-2.3.1.tgz 2399ms (cache miss)
958 http fetch GET 200 https://registry.npmjs.org/readdirp/-/readdirp-3.6.0.tgz 2408ms (cache miss)
959 http fetch GET 200 https://registry.npmjs.org/read-cache/-/read-cache-1.0.0.tgz 2421ms (cache miss)
960 http fetch GET 200 https://registry.npmjs.org/queue-microtask/-/queue-microtask-1.2.3.tgz 2424ms (cache miss)
961 http fetch GET 200 https://registry.npmjs.org/postcss-value-parser/-/postcss-value-parser-4.2.0.tgz 2527ms (cache miss)
962 http fetch GET 200 https://registry.npmjs.org/possible-typed-array-names/-/possible-typed-array-names-1.0.0.tgz 2523ms (cache miss)
963 http fetch GET 200 https://registry.npmjs.org/postcss-js/-/postcss-js-4.0.1.tgz 2526ms (cache miss)
964 http fetch GET 200 https://registry.npmjs.org/postcss-nested/-/postcss-nested-6.2.0.tgz 2533ms (cache miss)
965 http fetch GET 200 https://registry.npmjs.org/pirates/-/pirates-4.0.6.tgz 2575ms (cache miss)
966 http fetch GET 200 https://registry.npmjs.org/prop-types/-/prop-types-15.8.1.tgz 2599ms (cache miss)
967 http fetch GET 200 https://registry.npmjs.org/path-type/-/path-type-4.0.0.tgz 2585ms (cache miss)
968 http fetch GET 200 https://registry.npmjs.org/pify/-/pify-2.3.0.tgz 2590ms (cache miss)
969 http fetch GET 200 https://registry.npmjs.org/picocolors/-/picocolors-1.0.1.tgz 2594ms (cache miss)
970 http fetch GET 200 https://registry.npmjs.org/wrap-ansi/-/wrap-ansi-7.0.0.tgz 2713ms (cache miss)
971 http fetch GET 200 https://registry.npmjs.org/path-key/-/path-key-3.1.1.tgz 2607ms (cache miss)
972 http fetch GET 200 https://registry.npmjs.org/q/-/q-1.5.1.tgz 2636ms (cache miss)
973 warn deprecated q@1.5.1: You or someone you depend on is using Q, the JavaScript Promise library that gave JavaScript developers strong feelings about promises. They can almost certainly migrate to the native JavaScript promise now. Thank you literally everyone for joining me in this bet against the odds. Be excellent to each other.
973 warn deprecated
973 warn deprecated (For a CapTP with native promises, see @endo/eventual-send and @endo/captp)
974 http fetch GET 200 https://registry.npmjs.org/path-exists/-/path-exists-4.0.0.tgz 2667ms (cache miss)
975 http fetch GET 200 https://registry.npmjs.org/path-is-absolute/-/path-is-absolute-1.0.1.tgz 2667ms (cache miss)
976 http fetch GET 200 https://registry.npmjs.org/p-limit/-/p-limit-3.1.0.tgz 2675ms (cache miss)
977 http fetch GET 200 https://registry.npmjs.org/parent-module/-/parent-module-1.0.1.tgz 2679ms (cache miss)
978 http fetch GET 200 https://registry.npmjs.org/once/-/once-1.4.0.tgz 2675ms (cache miss)
979 http fetch GET 200 https://registry.npmjs.org/postcss-load-config/-/postcss-load-config-4.0.2.tgz 2718ms (cache miss)
980 http fetch GET 200 https://registry.npmjs.org/prelude-ls/-/prelude-ls-1.2.1.tgz 2728ms (cache miss)
981 http fetch GET 200 https://registry.npmjs.org/path-parse/-/path-parse-1.0.7.tgz 2725ms (cache miss)
982 http fetch GET 200 https://registry.npmjs.org/object.fromentries/-/object.fromentries-2.0.8.tgz 2726ms (cache miss)
983 http fetch GET 200 https://registry.npmjs.org/object-keys/-/object-keys-1.1.1.tgz 2725ms (cache miss)
984 http fetch GET 200 https://registry.npmjs.org/object.groupby/-/object.groupby-1.0.3.tgz 2735ms (cache miss)
985 http fetch GET 200 https://registry.npmjs.org/p-locate/-/p-locate-5.0.0.tgz 2741ms (cache miss)
986 http fetch GET 200 https://registry.npmjs.org/yn/-/yn-3.1.1.tgz 2884ms (cache miss)
987 http fetch GET 200 https://registry.npmjs.org/picomatch/-/picomatch-2.3.1.tgz 2781ms (cache miss)
988 http fetch GET 200 https://registry.npmjs.org/resolve/-/resolve-1.22.8.tgz 2808ms (cache miss)
989 http fetch GET 200 https://registry.npmjs.org/path-to-regexp/-/path-to-regexp-6.2.2.tgz 2787ms (cache miss)
990 http fetch GET 200 https://registry.npmjs.org/postcss-import/-/postcss-import-15.1.0.tgz 2804ms (cache miss)
991 http fetch GET 200 https://registry.npmjs.org/optionator/-/optionator-0.9.4.tgz 2808ms (cache miss)
992 http fetch GET 200 https://registry.npmjs.org/react/-/react-18.3.1.tgz 2843ms (cache miss)
993 http fetch GET 200 https://registry.npmjs.org/object.values/-/object.values-1.2.0.tgz 2831ms (cache miss)
994 http fetch GET 200 https://registry.npmjs.org/object.entries/-/object.entries-1.1.8.tgz 2840ms (cache miss)
995 http fetch GET 200 https://registry.npmjs.org/object.assign/-/object.assign-4.1.5.tgz 2890ms (cache miss)
996 http fetch GET 200 https://registry.npmjs.org/path-scurry/-/path-scurry-1.11.1.tgz 2987ms (cache miss)
997 http fetch GET 200 https://registry.npmjs.org/normalize-path/-/normalize-path-3.0.0.tgz 2970ms (cache miss)
998 http fetch GET 200 https://registry.npmjs.org/object-assign/-/object-assign-4.1.1.tgz 2978ms (cache miss)
999 http fetch GET 200 https://registry.npmjs.org/ms/-/ms-2.1.2.tgz 2973ms (cache miss)
1000 http fetch GET 200 https://registry.npmjs.org/mz/-/mz-2.7.0.tgz 2976ms (cache miss)
1001 http fetch GET 200 https://registry.npmjs.org/natural-compare/-/natural-compare-1.4.0.tgz 2978ms (cache miss)
1002 http fetch GET 200 https://registry.npmjs.org/object-hash/-/object-hash-3.0.0.tgz 2988ms (cache miss)
1003 http fetch GET 200 https://registry.npmjs.org/make-error/-/make-error-1.3.6.tgz 2985ms (cache miss)
1004 http fetch GET 200 https://registry.npmjs.org/merge2/-/merge2-1.4.1.tgz 2990ms (cache miss)
1005 http fetch GET 200 https://registry.npmjs.org/mime-types/-/mime-types-2.1.35.tgz 2993ms (cache miss)
1006 http fetch GET 200 https://registry.npmjs.org/mime-db/-/mime-db-1.52.0.tgz 3064ms (cache miss)
1007 http fetch GET 200 https://registry.npmjs.org/lower-case/-/lower-case-2.0.2.tgz 3082ms (cache miss)
1008 http fetch GET 200 https://registry.npmjs.org/locate-path/-/locate-path-6.0.0.tgz 3088ms (cache miss)
1009 http fetch GET 200 https://registry.npmjs.org/which-collection/-/which-collection-1.0.2.tgz 3238ms (cache miss)
1010 http fetch GET 200 https://registry.npmjs.org/micromatch/-/micromatch-4.0.7.tgz 3100ms (cache miss)
1011 http fetch GET 200 https://registry.npmjs.org/map-obj/-/map-obj-4.3.0.tgz 3103ms (cache miss)
1012 http fetch GET 200 https://registry.npmjs.org/loose-envify/-/loose-envify-1.4.0.tgz 3103ms (cache miss)
1013 http fetch GET 200 https://registry.npmjs.org/lines-and-columns/-/lines-and-columns-1.2.4.tgz 3107ms (cache miss)
1014 http fetch GET 200 https://registry.npmjs.org/lilconfig/-/lilconfig-2.1.0.tgz 3126ms (cache miss)
1015 http fetch GET 200 https://registry.npmjs.org/language-tags/-/language-tags-1.0.9.tgz 3128ms (cache miss)
1016 http fetch GET 200 https://registry.npmjs.org/wrappy/-/wrappy-1.0.2.tgz 3293ms (cache miss)
1017 http fetch GET 200 https://registry.npmjs.org/keyv/-/keyv-4.5.4.tgz 3132ms (cache miss)
1018 http fetch GET 200 https://registry.npmjs.org/object-is/-/object-is-1.1.6.tgz 3161ms (cache miss)
1019 http fetch GET 200 https://registry.npmjs.org/minimatch/-/minimatch-3.1.2.tgz 3150ms (cache miss)
1020 http fetch GET 200 https://registry.npmjs.org/lodash.merge/-/lodash.merge-4.6.2.tgz 3173ms (cache miss)
1021 http fetch GET 200 https://registry.npmjs.org/no-case/-/no-case-3.0.4.tgz 3229ms (cache miss)
1022 http fetch GET 200 https://registry.npmjs.org/json-buffer/-/json-buffer-3.0.1.tgz 3202ms (cache miss)
1023 http fetch GET 200 https://registry.npmjs.org/js-tokens/-/js-tokens-4.0.0.tgz 3204ms (cache miss)
1024 http fetch GET 200 https://registry.npmjs.org/object-inspect/-/object-inspect-1.13.2.tgz 3253ms (cache miss)
1025 http fetch GET 200 https://registry.npmjs.org/levn/-/levn-0.4.1.tgz 3232ms (cache miss)
1026 http fetch GET 200 https://registry.npmjs.org/js-cookie/-/js-cookie-3.0.5.tgz 3269ms (cache miss)
1027 http fetch GET 200 https://registry.npmjs.org/json-schema-traverse/-/json-schema-traverse-0.4.1.tgz 3292ms (cache miss)
1028 http fetch GET 200 https://registry.npmjs.org/isexe/-/isexe-2.0.0.tgz 3310ms (cache miss)
1029 http fetch GET 200 https://registry.npmjs.org/minipass/-/minipass-7.1.2.tgz 3362ms (cache miss)
1030 http fetch GET 200 https://registry.npmjs.org/isarray/-/isarray-2.0.5.tgz 3342ms (cache miss)
1031 http fetch GET 200 https://registry.npmjs.org/postcss-selector-parser/-/postcss-selector-parser-6.1.1.tgz 3430ms (cache miss)
1032 http fetch GET 200 https://registry.npmjs.org/is-weakset/-/is-weakset-2.0.3.tgz 3349ms (cache miss)
1033 http fetch GET 200 https://registry.npmjs.org/nanoid/-/nanoid-3.3.7.tgz 3393ms (cache miss)
1034 http fetch GET 200 https://registry.npmjs.org/iterator.prototype/-/iterator.prototype-1.1.2.tgz 3361ms (cache miss)
1035 http fetch GET 200 https://registry.npmjs.org/minimist/-/minimist-1.2.8.tgz 3397ms (cache miss)
1036 http fetch GET 200 https://registry.npmjs.org/is-symbol/-/is-symbol-1.0.4.tgz 3358ms (cache miss)
1037 http fetch GET 200 https://registry.npmjs.org/next-cloudinary/-/next-cloudinary-6.9.0.tgz 3445ms (cache miss)
1038 http fetch GET 200 https://registry.npmjs.org/json5/-/json5-1.0.2.tgz 3426ms (cache miss)
1039 http fetch GET 200 https://registry.npmjs.org/is-weakref/-/is-weakref-1.0.2.tgz 3426ms (cache miss)
1040 http fetch GET 200 https://registry.npmjs.org/is-typed-array/-/is-typed-array-1.1.13.tgz 3449ms (cache miss)
1041 http fetch GET 200 https://registry.npmjs.org/is-string/-/is-string-1.0.7.tgz 3508ms (cache miss)
1042 http fetch GET 200 https://registry.npmjs.org/is-regex/-/is-regex-1.1.4.tgz 3511ms (cache miss)
1043 http fetch GET 200 https://registry.npmjs.org/is-negative-zero/-/is-negative-zero-2.0.3.tgz 3506ms (cache miss)
1044 http fetch GET 200 https://registry.npmjs.org/is-number/-/is-number-7.0.0.tgz 3531ms (cache miss)
1045 http fetch GET 200 https://registry.npmjs.org/is-path-inside/-/is-path-inside-3.0.3.tgz 3532ms (cache miss)
1046 http fetch GET 200 https://registry.npmjs.org/json-stable-stringify-without-jsonify/-/json-stable-stringify-without-jsonify-1.0.1.tgz 3565ms (cache miss)
1047 http fetch GET 200 https://registry.npmjs.org/is-map/-/is-map-2.0.3.tgz 3555ms (cache miss)
1048 http fetch GET 200 https://registry.npmjs.org/is-glob/-/is-glob-4.0.3.tgz 3557ms (cache miss)
1049 http fetch GET 200 https://registry.npmjs.org/is-fullwidth-code-point/-/is-fullwidth-code-point-3.0.0.tgz 3559ms (cache miss)
1050 http fetch GET 200 https://registry.npmjs.org/is-finalizationregistry/-/is-finalizationregistry-1.0.2.tgz 3561ms (cache miss)
1051 http fetch GET 200 https://registry.npmjs.org/is-callable/-/is-callable-1.2.7.tgz 3561ms (cache miss)
1052 http fetch GET 200 https://registry.npmjs.org/is-boolean-object/-/is-boolean-object-1.1.2.tgz 3562ms (cache miss)
1053 http fetch GET 200 https://registry.npmjs.org/is-binary-path/-/is-binary-path-2.1.0.tgz 3565ms (cache miss)
1054 http fetch GET 200 https://registry.npmjs.org/is-generator-function/-/is-generator-function-1.0.10.tgz 3577ms (cache miss)
1055 http fetch GET 200 https://registry.npmjs.org/is-bigint/-/is-bigint-1.0.4.tgz 3570ms (cache miss)
1056 http fetch GET 200 https://registry.npmjs.org/is-extglob/-/is-extglob-2.1.1.tgz 3579ms (cache miss)
1057 http fetch GET 200 https://registry.npmjs.org/is-shared-array-buffer/-/is-shared-array-buffer-1.0.3.tgz 3702ms (cache miss)
1058 http fetch GET 200 https://registry.npmjs.org/postcss/-/postcss-8.4.40.tgz 3825ms (cache miss)
1059 http fetch GET 200 https://registry.npmjs.org/inflight/-/inflight-1.0.6.tgz 3737ms (cache miss)
1060 http fetch GET 200 https://registry.npmjs.org/lru-cache/-/lru-cache-10.4.3.tgz 3810ms (cache miss)
1061 http fetch GET 200 https://registry.npmjs.org/is-weakmap/-/is-weakmap-2.0.2.tgz 3777ms (cache miss)
1062 http fetch GET 200 https://registry.npmjs.org/is-number-object/-/is-number-object-1.0.7.tgz 3773ms (cache miss)
1063 http fetch GET 200 https://registry.npmjs.org/inherits/-/inherits-2.0.4.tgz 3747ms (cache miss)
1064 warn deprecated inflight@1.0.6: This module is not supported, and leaks memory. Do not use it. Check out lru-cache if you want a good and tested way to coalesce async requests by a key value, which is much more comprehensive and powerful.
1065 http fetch GET 200 https://registry.npmjs.org/import-fresh/-/import-fresh-3.3.0.tgz 3760ms (cache miss)
1066 http fetch GET 200 https://registry.npmjs.org/imurmurhash/-/imurmurhash-0.1.4.tgz 3766ms (cache miss)
1067 http fetch GET 200 https://registry.npmjs.org/is-set/-/is-set-2.0.3.tgz 3800ms (cache miss)
1068 http fetch GET 200 https://registry.npmjs.org/is-array-buffer/-/is-array-buffer-3.0.4.tgz 3779ms (cache miss)
1069 http fetch GET 200 https://registry.npmjs.org/ignore/-/ignore-5.3.1.tgz 3780ms (cache miss)
1070 http fetch GET 200 https://registry.npmjs.org/is-async-function/-/is-async-function-2.0.0.tgz 3783ms (cache miss)
1071 http fetch GET 200 https://registry.npmjs.org/has-flag/-/has-flag-4.0.0.tgz 3779ms (cache miss)
1072 http fetch GET 200 https://registry.npmjs.org/has-proto/-/has-proto-1.0.3.tgz 3789ms (cache miss)
1073 http fetch GET 200 https://registry.npmjs.org/globby/-/globby-11.1.0.tgz 3788ms (cache miss)
1074 http fetch GET 200 https://registry.npmjs.org/has-symbols/-/has-symbols-1.0.3.tgz 3803ms (cache miss)
1075 http fetch GET 200 https://registry.npmjs.org/glob-to-regexp/-/glob-to-regexp-0.4.1.tgz 3793ms (cache miss)
1076 http fetch GET 200 https://registry.npmjs.org/is-date-object/-/is-date-object-1.0.5.tgz 3842ms (cache miss)
1077 http fetch GET 200 https://registry.npmjs.org/has-property-descriptors/-/has-property-descriptors-1.0.2.tgz 3818ms (cache miss)
1078 http fetch GET 200 https://registry.npmjs.org/get-symbol-description/-/get-symbol-description-1.0.2.tgz 3815ms (cache miss)
1079 http fetch GET 200 https://registry.npmjs.org/glob-parent/-/glob-parent-6.0.2.tgz 3839ms (cache miss)
1080 http fetch GET 200 https://registry.npmjs.org/globals/-/globals-13.24.0.tgz 3841ms (cache miss)
1081 http fetch GET 200 https://registry.npmjs.org/is-data-view/-/is-data-view-1.0.1.tgz 3890ms (cache miss)
1082 http fetch GET 200 https://registry.npmjs.org/is-core-module/-/is-core-module-2.15.0.tgz 3910ms (cache miss)
1083 http fetch GET 200 https://registry.npmjs.org/follow-redirects/-/follow-redirects-1.15.6.tgz 3849ms (cache miss)
1084 http fetch GET 200 https://registry.npmjs.org/function-bind/-/function-bind-1.1.2.tgz 3856ms (cache miss)
1085 http fetch GET 200 https://registry.npmjs.org/functions-have-names/-/functions-have-names-1.2.3.tgz 3864ms (cache miss)
1086 http fetch GET 200 https://registry.npmjs.org/find-up/-/find-up-5.0.0.tgz 3858ms (cache miss)
1087 http fetch GET 200 https://registry.npmjs.org/foreground-child/-/foreground-child-3.2.1.tgz 3867ms (cache miss)
1088 http fetch GET 200 https://registry.npmjs.org/fs.realpath/-/fs.realpath-1.0.0.tgz 3866ms (cache miss)
1089 http fetch GET 200 https://registry.npmjs.org/for-each/-/for-each-0.3.3.tgz 3866ms (cache miss)
1090 http fetch GET 200 https://registry.npmjs.org/graceful-fs/-/graceful-fs-4.2.11.tgz 3906ms (cache miss)
1091 http fetch GET 200 https://registry.npmjs.org/filesize/-/filesize-10.1.4.tgz 3870ms (cache miss)
1092 http fetch GET 200 https://registry.npmjs.org/flat-cache/-/flat-cache-3.2.0.tgz 3870ms (cache miss)
1093 http fetch GET 200 https://registry.npmjs.org/fastparse/-/fastparse-1.1.2.tgz 3870ms (cache miss)
1094 http fetch GET 200 https://registry.npmjs.org/fastq/-/fastq-1.17.1.tgz 3870ms (cache miss)
1095 http fetch GET 200 https://registry.npmjs.org/function.prototype.name/-/function.prototype.name-1.1.6.tgz 3890ms (cache miss)
1096 http fetch GET 200 https://registry.npmjs.org/form-data/-/form-data-4.0.0.tgz 3886ms (cache miss)
1097 http fetch GET 200 https://registry.npmjs.org/fill-range/-/fill-range-7.1.1.tgz 3882ms (cache miss)
1098 http fetch GET 200 https://registry.npmjs.org/gopd/-/gopd-1.0.1.tgz 3936ms (cache miss)
1099 http fetch GET 200 https://registry.npmjs.org/file-entry-cache/-/file-entry-cache-6.0.1.tgz 3900ms (cache miss)
1100 http fetch GET 200 https://registry.npmjs.org/fast-deep-equal/-/fast-deep-equal-3.1.3.tgz 3897ms (cache miss)
1101 http fetch GET 200 https://registry.npmjs.org/fast-json-stable-stringify/-/fast-json-stable-stringify-2.1.0.tgz 3914ms (cache miss)
1102 http fetch GET 200 https://registry.npmjs.org/hasown/-/hasown-2.0.2.tgz 4005ms (cache miss)
1103 http fetch GET 200 https://registry.npmjs.org/esrecurse/-/esrecurse-4.3.0.tgz 3947ms (cache miss)
1104 http fetch GET 200 https://registry.npmjs.org/internal-slot/-/internal-slot-1.0.7.tgz 4023ms (cache miss)
1105 http fetch GET 200 https://registry.npmjs.org/fast-levenshtein/-/fast-levenshtein-2.0.6.tgz 3957ms (cache miss)
1106 http fetch GET 200 https://registry.npmjs.org/eslint-plugin-react-hooks/-/eslint-plugin-react-hooks-4.6.2.tgz 3954ms (cache miss)
1107 http fetch GET 200 https://registry.npmjs.org/has-bigints/-/has-bigints-1.0.2.tgz 4008ms (cache miss)
1108 http fetch GET 200 https://registry.npmjs.org/estraverse/-/estraverse-5.3.0.tgz 3979ms (cache miss)
1109 http fetch GET 200 https://registry.npmjs.org/get-intrinsic/-/get-intrinsic-1.2.4.tgz 4009ms (cache miss)
1110 http fetch GET 200 https://registry.npmjs.org/is-arguments/-/is-arguments-1.1.1.tgz 4057ms (cache miss)
1111 http fetch GET 200 https://registry.npmjs.org/get-tsconfig/-/get-tsconfig-4.7.6.tgz 4035ms (cache miss)
1112 http fetch GET 200 https://registry.npmjs.org/es-shim-unscopables/-/es-shim-unscopables-1.0.2.tgz 3985ms (cache miss)
1113 http fetch GET 200 https://registry.npmjs.org/escape-string-regexp/-/escape-string-regexp-4.0.0.tgz 3994ms (cache miss)
1114 http fetch GET 200 https://registry.npmjs.org/eslint-import-resolver-node/-/eslint-import-resolver-node-0.3.9.tgz 4002ms (cache miss)
1115 http fetch GET 200 https://registry.npmjs.org/eslint-config-next/-/eslint-config-next-14.2.5.tgz 4002ms (cache miss)
1116 http fetch GET 200 https://registry.npmjs.org/eslint-import-resolver-typescript/-/eslint-import-resolver-typescript-3.6.1.tgz 4012ms (cache miss)
1117 http fetch GET 200 https://registry.npmjs.org/es-set-tostringtag/-/es-set-tostringtag-2.0.3.tgz 4005ms (cache miss)
1118 http fetch GET 200 https://registry.npmjs.org/esutils/-/esutils-2.0.3.tgz 4040ms (cache miss)
1119 http fetch GET 200 https://registry.npmjs.org/eslint-visitor-keys/-/eslint-visitor-keys-3.4.3.tgz 4069ms (cache miss)
1120 http fetch GET 200 https://registry.npmjs.org/espree/-/espree-9.6.1.tgz 4081ms (cache miss)
1121 http fetch GET 200 https://registry.npmjs.org/has-tostringtag/-/has-tostringtag-1.0.2.tgz 4149ms (cache miss)
1122 http fetch GET 200 https://registry.npmjs.org/globalthis/-/globalthis-1.0.4.tgz 4159ms (cache miss)
1123 http fetch GET 200 https://registry.npmjs.org/jackspeak/-/jackspeak-2.3.6.tgz 4238ms (cache miss)
1124 http fetch GET 200 https://registry.npmjs.org/language-subtag-registry/-/language-subtag-registry-0.3.23.tgz 4254ms (cache miss)
1125 http fetch GET 200 https://registry.npmjs.org/flatted/-/flatted-3.3.1.tgz 4151ms (cache miss)
1126 http fetch GET 200 https://registry.npmjs.org/es-object-atoms/-/es-object-atoms-1.0.0.tgz 4116ms (cache miss)
1127 http fetch GET 200 https://registry.npmjs.org/es-define-property/-/es-define-property-1.0.0.tgz 4125ms (cache miss)
1128 http fetch GET 200 https://registry.npmjs.org/eslint-scope/-/eslint-scope-7.2.2.tgz 4181ms (cache miss)
1129 http fetch GET 200 https://registry.npmjs.org/jiti/-/jiti-1.21.6.tgz 4301ms (cache miss)
1130 http fetch GET 200 https://registry.npmjs.org/es-to-primitive/-/es-to-primitive-1.2.1.tgz 4191ms (cache miss)
1131 http fetch GET 200 https://registry.npmjs.org/js-yaml/-/js-yaml-4.1.0.tgz 4350ms (cache miss)
1132 http fetch GET 200 https://registry.npmjs.org/doctrine/-/doctrine-3.0.0.tgz 4217ms (cache miss)
1133 http fetch GET 200 https://registry.npmjs.org/dot-case/-/dot-case-3.0.4.tgz 4216ms (cache miss)
1134 http fetch GET 200 https://registry.npmjs.org/react-dom/-/react-dom-18.3.1.tgz 4461ms (cache miss)
1135 http fetch GET 200 https://registry.npmjs.org/dlv/-/dlv-1.1.3.tgz 4260ms (cache miss)
1136 http fetch GET 200 https://registry.npmjs.org/delayed-stream/-/delayed-stream-1.0.0.tgz 4259ms (cache miss)
1137 http fetch GET 200 https://registry.npmjs.org/eastasianwidth/-/eastasianwidth-0.2.0.tgz 4267ms (cache miss)
1138 http fetch GET 200 https://registry.npmjs.org/dir-glob/-/dir-glob-3.0.1.tgz 4270ms (cache miss)
1139 http fetch GET 200 https://registry.npmjs.org/didyoumean/-/didyoumean-1.2.2.tgz 4275ms (cache miss)
1140 http fetch GET 200 https://registry.npmjs.org/graphemer/-/graphemer-1.4.0.tgz 4380ms (cache miss)
1141 http fetch GET 200 https://registry.npmjs.org/define-data-property/-/define-data-property-1.1.4.tgz 4299ms (cache miss)
1142 http fetch GET 200 https://registry.npmjs.org/eslint-module-utils/-/eslint-module-utils-2.8.1.tgz 4336ms (cache miss)
1143 http fetch GET 200 https://registry.npmjs.org/esquery/-/esquery-1.6.0.tgz 4353ms (cache miss)
1144 http fetch GET 200 https://registry.npmjs.org/es-errors/-/es-errors-1.3.0.tgz 4326ms (cache miss)
1145 http fetch GET 200 https://registry.npmjs.org/define-properties/-/define-properties-1.2.1.tgz 4313ms (cache miss)
1146 http fetch GET 200 https://registry.npmjs.org/data-view-buffer/-/data-view-buffer-1.0.1.tgz 4363ms (cache miss)
1147 http fetch GET 200 https://registry.npmjs.org/data-view-byte-offset/-/data-view-byte-offset-1.0.0.tgz 4370ms (cache miss)
1148 http fetch GET 200 https://registry.npmjs.org/es-get-iterator/-/es-get-iterator-1.1.3.tgz 4412ms (cache miss)
1149 http fetch GET 200 https://registry.npmjs.org/emoji-regex/-/emoji-regex-9.2.2.tgz 4406ms (cache miss)
1150 http fetch GET 200 https://registry.npmjs.org/deep-is/-/deep-is-0.1.4.tgz 4408ms (cache miss)
1151 http fetch GET 200 https://registry.npmjs.org/damerau-levenshtein/-/damerau-levenshtein-1.0.8.tgz 4423ms (cache miss)
1152 http fetch GET 200 https://registry.npmjs.org/debug/-/debug-4.3.6.tgz 4433ms (cache miss)
1153 http fetch GET 200 https://registry.npmjs.org/data-view-byte-length/-/data-view-byte-length-1.0.1.tgz 4457ms (cache miss)
1154 http fetch GET 200 https://registry.npmjs.org/cssesc/-/cssesc-3.0.0.tgz 4458ms (cache miss)
1155 http fetch GET 200 https://registry.npmjs.org/concat-map/-/concat-map-0.0.1.tgz 4461ms (cache miss)
1156 http fetch GET 200 https://registry.npmjs.org/create-require/-/create-require-1.1.1.tgz 4477ms (cache miss)
1157 http fetch GET 200 https://registry.npmjs.org/deep-equal/-/deep-equal-2.2.3.tgz 4503ms (cache miss)
1158 http fetch GET 200 https://registry.npmjs.org/cookie/-/cookie-0.5.0.tgz 4499ms (cache miss)
1159 http fetch GET 200 https://registry.npmjs.org/client-only/-/client-only-0.0.1.tgz 4547ms (cache miss)
1160 http fetch GET 200 https://registry.npmjs.org/combined-stream/-/combined-stream-1.0.8.tgz 4562ms (cache miss)
1161 http fetch GET 200 https://registry.npmjs.org/color-name/-/color-name-1.1.4.tgz 4581ms (cache miss)
1162 http fetch GET 200 https://registry.npmjs.org/cross-spawn/-/cross-spawn-7.0.3.tgz 4607ms (cache miss)
1163 http fetch GET 200 https://registry.npmjs.org/css-selector-tokenizer/-/css-selector-tokenizer-0.8.0.tgz 4625ms (cache miss)
1164 http fetch GET 200 https://registry.npmjs.org/camelcase-css/-/camelcase-css-2.0.1.tgz 4626ms (cache miss)
1165 http fetch GET 200 https://registry.npmjs.org/color-convert/-/color-convert-2.0.1.tgz 4638ms (cache miss)
1166 http fetch GET 200 https://registry.npmjs.org/commander/-/commander-4.1.1.tgz 4659ms (cache miss)
1167 http fetch GET 200 https://registry.npmjs.org/call-bind/-/call-bind-1.0.7.tgz 4656ms (cache miss)
1168 http fetch GET 200 https://registry.npmjs.org/balanced-match/-/balanced-match-1.0.2.tgz 4655ms (cache miss)
1169 http fetch GET 200 https://registry.npmjs.org/brace-expansion/-/brace-expansion-1.1.11.tgz 4656ms (cache miss)
1170 http fetch GET 200 https://registry.npmjs.org/binary-extensions/-/binary-extensions-2.3.0.tgz 4658ms (cache miss)
1171 http fetch GET 200 https://registry.npmjs.org/available-typed-arrays/-/available-typed-arrays-1.0.7.tgz 4660ms (cache miss)
1172 http fetch GET 200 https://registry.npmjs.org/callsites/-/callsites-3.1.0.tgz 4687ms (cache miss)
1173 http fetch GET 200 https://registry.npmjs.org/ast-types-flow/-/ast-types-flow-0.0.8.tgz 4689ms (cache miss)
1174 http fetch GET 200 https://registry.npmjs.org/array.prototype.flat/-/array.prototype.flat-1.3.2.tgz 4715ms (cache miss)
1175 http fetch GET 200 https://registry.npmjs.org/array.prototype.flatmap/-/array.prototype.flatmap-1.3.2.tgz 4723ms (cache miss)
1176 http fetch GET 200 https://registry.npmjs.org/chalk/-/chalk-4.1.2.tgz 4743ms (cache miss)
1177 http fetch GET 200 https://registry.npmjs.org/array.prototype.findlastindex/-/array.prototype.findlastindex-1.2.5.tgz 4734ms (cache miss)
1178 http fetch GET 200 https://registry.npmjs.org/array-union/-/array-union-2.1.0.tgz 4743ms (cache miss)
1179 http fetch GET 200 https://registry.npmjs.org/arraybuffer.prototype.slice/-/arraybuffer.prototype.slice-1.0.3.tgz 4747ms (cache miss)
1180 http fetch GET 200 https://registry.npmjs.org/chokidar/-/chokidar-3.6.0.tgz 4778ms (cache miss)
1181 http fetch GET 200 https://registry.npmjs.org/array-buffer-byte-length/-/array-buffer-byte-length-1.0.1.tgz 4761ms (cache miss)
1182 http fetch GET 200 https://registry.npmjs.org/arg/-/arg-5.0.2.tgz 4800ms (cache miss)
1183 http fetch GET 200 https://registry.npmjs.org/array.prototype.findlast/-/array.prototype.findlast-1.2.5.tgz 4799ms (cache miss)
1184 http fetch GET 200 https://registry.npmjs.org/ansi-styles/-/ansi-styles-4.3.0.tgz 4801ms (cache miss)
1185 http fetch GET 200 https://registry.npmjs.org/csstype/-/csstype-3.1.3.tgz 4844ms (cache miss)
1186 http fetch GET 200 https://registry.npmjs.org/any-promise/-/any-promise-1.3.0.tgz 4806ms (cache miss)
1187 http fetch GET 200 https://registry.npmjs.org/anymatch/-/anymatch-3.1.3.tgz 4821ms (cache miss)
1188 http fetch GET 200 https://registry.npmjs.org/braces/-/braces-3.0.3.tgz 4845ms (cache miss)
1189 http fetch GET 200 https://registry.npmjs.org/argparse/-/argparse-2.0.1.tgz 4851ms (cache miss)
1190 http fetch GET 200 https://registry.npmjs.org/acorn-walk/-/acorn-walk-8.3.3.tgz 4849ms (cache miss)
1191 http fetch GET 200 https://registry.npmjs.org/ansi-regex/-/ansi-regex-5.0.1.tgz 4869ms (cache miss)
1192 http fetch GET 200 https://registry.npmjs.org/acorn-jsx/-/acorn-jsx-5.3.2.tgz 4891ms (cache miss)
1193 http fetch GET 200 https://registry.npmjs.org/@ungap/structured-clone/-/structured-clone-1.2.0.tgz 4920ms (cache miss)
1194 http fetch GET 200 https://registry.npmjs.org/array.prototype.tosorted/-/array.prototype.tosorted-1.1.4.tgz 4943ms (cache miss)
1195 http fetch GET 200 https://registry.npmjs.org/array-includes/-/array-includes-3.1.8.tgz 4989ms (cache miss)
1196 http fetch GET 200 https://registry.npmjs.org/@typescript-eslint/visitor-keys/-/visitor-keys-7.2.0.tgz 4978ms (cache miss)
1197 http fetch GET 200 https://registry.npmjs.org/@types/json5/-/json5-0.0.29.tgz 4976ms (cache miss)
1198 http fetch GET 200 https://registry.npmjs.org/diff/-/diff-4.0.2.tgz 5060ms (cache miss)
1199 http fetch GET 200 https://registry.npmjs.org/@tsconfig/node16/-/node16-1.0.4.tgz 4999ms (cache miss)
1200 http fetch GET 200 https://registry.npmjs.org/asynckit/-/asynckit-0.4.0.tgz 5032ms (cache miss)
1201 http fetch GET 200 https://registry.npmjs.org/@tsconfig/node10/-/node10-1.0.11.tgz 5004ms (cache miss)
1202 http fetch GET 200 https://registry.npmjs.org/@typescript-eslint/parser/-/parser-7.2.0.tgz 5086ms (cache miss)
1203 http fetch GET 200 https://registry.npmjs.org/busboy/-/busboy-1.6.0.tgz 5124ms (cache miss)
1204 http fetch GET 200 https://registry.npmjs.org/acorn/-/acorn-8.12.1.tgz 5112ms (cache miss)
1205 http fetch GET 200 https://registry.npmjs.org/@swc/counter/-/counter-0.1.3.tgz 5112ms (cache miss)
1206 http fetch GET 200 https://registry.npmjs.org/enhanced-resolve/-/enhanced-resolve-5.17.1.tgz 5204ms (cache miss)
1207 http fetch GET 200 https://registry.npmjs.org/@tsconfig/node12/-/node12-1.0.11.tgz 5135ms (cache miss)
1208 http fetch GET 200 https://registry.npmjs.org/@types/prop-types/-/prop-types-15.7.12.tgz 5324ms (cache miss)
1209 http fetch GET 200 https://registry.npmjs.org/@types/react-dom/-/react-dom-18.3.0.tgz 5385ms (cache miss)
1210 http fetch GET 200 https://registry.npmjs.org/@nodelib/fs.scandir/-/fs.scandir-2.1.5.tgz 5364ms (cache miss)
1211 http fetch GET 200 https://registry.npmjs.org/fast-glob/-/fast-glob-3.3.2.tgz 5525ms (cache miss)
1212 http fetch GET 200 https://registry.npmjs.org/crypto-js/-/crypto-js-4.2.0.tgz 5479ms (cache miss)
1213 http fetch GET 200 https://registry.npmjs.org/@nodelib/fs.stat/-/fs.stat-2.0.5.tgz 5429ms (cache miss)
1214 http fetch GET 200 https://registry.npmjs.org/@nodelib/fs.walk/-/fs.walk-1.2.8.tgz 5477ms (cache miss)
1215 http fetch GET 200 https://registry.npmjs.org/@pkgjs/parseargs/-/parseargs-0.11.0.tgz 5512ms (cache miss)
1216 http fetch GET 200 https://registry.npmjs.org/@types/react/-/react-18.3.3.tgz 5543ms (cache miss)
1217 http fetch GET 200 https://registry.npmjs.org/@typescript-eslint/types/-/types-7.2.0.tgz 5550ms (cache miss)
1218 http fetch GET 200 https://registry.npmjs.org/@prisma/engines/-/engines-5.18.0.tgz 5548ms (cache miss)
1219 http fetch GET 200 https://registry.npmjs.org/@jridgewell/set-array/-/set-array-1.2.1.tgz 5553ms (cache miss)
1220 http fetch GET 200 https://registry.npmjs.org/@prisma/debug/-/debug-5.18.0.tgz 5578ms (cache miss)
1221 http fetch GET 200 https://registry.npmjs.org/@prisma/engines-version/-/engines-version-5.18.0-25.4c784e32044a8a016d99474bd02a3b6123742169.tgz 5610ms (cache miss)
1222 http fetch GET 200 https://registry.npmjs.org/yaml/-/yaml-2.5.0.tgz 6065ms (cache miss)
1223 http fetch GET 200 https://registry.npmjs.org/sucrase/-/sucrase-3.35.0.tgz 6027ms (cache miss)
1224 http fetch GET 200 https://registry.npmjs.org/@next/env/-/env-14.2.5.tgz 5661ms (cache miss)
1225 http fetch GET 200 https://registry.npmjs.org/glob/-/glob-10.3.10.tgz 5826ms (cache miss)
1226 http fetch GET 200 https://registry.npmjs.org/@jridgewell/resolve-uri/-/resolve-uri-3.1.2.tgz 5715ms (cache miss)
1227 http fetch GET 200 https://registry.npmjs.org/@isaacs/cliui/-/cliui-8.0.2.tgz 5729ms (cache miss)
1228 http fetch GET 200 https://registry.npmjs.org/@humanwhocodes/module-importer/-/module-importer-1.0.1.tgz 5728ms (cache miss)
1229 http fetch GET 200 https://registry.npmjs.org/@jridgewell/gen-mapping/-/gen-mapping-0.3.5.tgz 5736ms (cache miss)
1230 http fetch GET 200 https://registry.npmjs.org/@humanwhocodes/object-schema/-/object-schema-2.0.3.tgz 5736ms (cache miss)
1231 http fetch GET 200 https://registry.npmjs.org/@humanwhocodes/config-array/-/config-array-0.11.14.tgz 5741ms (cache miss)
1232 http fetch GET 200 https://registry.npmjs.org/axe-core/-/axe-core-4.10.0.tgz 5800ms (cache miss)
1233 warn deprecated @humanwhocodes/config-array@0.11.14: Use @eslint/config-array instead
1234 http fetch GET 200 https://registry.npmjs.org/daisyui/-/daisyui-4.12.10.tgz 5867ms (cache miss)
1235 warn deprecated @humanwhocodes/object-schema@2.0.3: Use @eslint/object-schema instead
1236 http fetch GET 200 https://registry.npmjs.org/@jridgewell/trace-mapping/-/trace-mapping-0.3.25.tgz 5840ms (cache miss)
1237 http fetch GET 200 https://registry.npmjs.org/@eslint-community/eslint-utils/-/eslint-utils-4.4.0.tgz 5868ms (cache miss)
1238 http fetch GET 200 https://registry.npmjs.org/@jridgewell/sourcemap-codec/-/sourcemap-codec-1.5.0.tgz 5892ms (cache miss)
1239 http fetch GET 200 https://registry.npmjs.org/@cspotcode/source-map-support/-/source-map-support-0.8.1.tgz 5888ms (cache miss)
1240 http fetch GET 200 https://registry.npmjs.org/@eslint/js/-/js-8.57.0.tgz 5951ms (cache miss)
1241 http fetch GET 200 https://registry.npmjs.org/cloudinary/-/cloudinary-2.4.0.tgz 6086ms (cache miss)
1242 http fetch GET 200 https://registry.npmjs.org/@prisma/get-platform/-/get-platform-5.18.0.tgz 6052ms (cache miss)
1243 http fetch GET 200 https://registry.npmjs.org/jsx-ast-utils/-/jsx-ast-utils-3.3.5.tgz 6332ms (cache miss)
1244 http fetch GET 200 https://registry.npmjs.org/@eslint-community/regexpp/-/regexpp-4.11.0.tgz 6075ms (cache miss)
1245 http fetch GET 200 https://registry.npmjs.org/@next/eslint-plugin-next/-/eslint-plugin-next-14.2.5.tgz 6164ms (cache miss)
1246 http fetch GET 200 https://registry.npmjs.org/es-iterator-helpers/-/es-iterator-helpers-1.0.19.tgz 6260ms (cache miss)
1247 http fetch GET 200 https://registry.npmjs.org/@prisma/fetch-engine/-/fetch-engine-5.18.0.tgz 6301ms (cache miss)
1248 http fetch GET 200 https://registry.npmjs.org/@types/node/-/node-20.14.14.tgz 6339ms (cache miss)
1249 http fetch GET 200 https://registry.npmjs.org/@eslint/eslintrc/-/eslintrc-2.1.4.tgz 6305ms (cache miss)
1250 http fetch GET 200 https://registry.npmjs.org/@tsconfig/node14/-/node14-1.0.3.tgz 6595ms (cache miss)
1251 http fetch GET 200 https://registry.npmjs.org/tailwindcss/-/tailwindcss-3.4.7.tgz 7016ms (cache miss)
1252 http fetch GET 200 https://registry.npmjs.org/@cloudinary-util/util/-/util-3.1.0.tgz 6637ms (cache miss)
1253 http fetch GET 200 https://registry.npmjs.org/@clerk/types/-/types-4.11.0.tgz 6687ms (cache miss)
1254 http fetch GET 200 https://registry.npmjs.org/string-width/-/string-width-4.2.3.tgz 6716ms (cache miss)
1255 http fetch GET 200 https://registry.npmjs.org/eslint-plugin-import/-/eslint-plugin-import-2.29.1.tgz 6854ms (cache miss)
1256 http fetch GET 200 https://registry.npmjs.org/@tsconfig/recommended/-/recommended-1.0.7.tgz 6825ms (cache miss)
1257 http fetch GET 200 https://registry.npmjs.org/ajv/-/ajv-6.12.6.tgz 6864ms (cache miss)
1258 http fetch GET 200 https://registry.npmjs.org/strip-ansi/-/strip-ansi-7.1.0.tgz 6826ms (cache miss)
1259 http fetch GET 200 https://registry.npmjs.org/ansi-regex/-/ansi-regex-6.0.1.tgz 6850ms (cache miss)
1260 http fetch GET 200 https://registry.npmjs.org/ansi-styles/-/ansi-styles-6.2.1.tgz 6854ms (cache miss)
1261 http fetch GET 200 https://registry.npmjs.org/arg/-/arg-4.1.3.tgz 6864ms (cache miss)
1262 http fetch GET 200 https://registry.npmjs.org/@alloc/quick-lru/-/quick-lru-5.2.0.tgz 6873ms (cache miss)
1263 http fetch GET 200 https://registry.npmjs.org/emoji-regex/-/emoji-regex-8.0.0.tgz 6886ms (cache miss)
1264 http fetch GET 200 https://registry.npmjs.org/strip-ansi/-/strip-ansi-7.1.0.tgz 6885ms (cache miss)
1265 http fetch GET 200 https://registry.npmjs.org/axios/-/axios-1.7.3.tgz 6973ms (cache miss)
1266 http fetch GET 200 https://registry.npmjs.org/lilconfig/-/lilconfig-3.1.2.tgz 6892ms (cache miss)
1267 http fetch GET 200 https://registry.npmjs.org/emoji-regex/-/emoji-regex-8.0.0.tgz 6894ms (cache miss)
1268 http fetch GET 200 https://registry.npmjs.org/glob/-/glob-7.2.3.tgz 6895ms (cache miss)
1269 http fetch GET 200 https://registry.npmjs.org/typescript/-/typescript-5.5.4.tgz 7331ms (cache miss)
1270 warn deprecated glob@7.2.3: Glob versions prior to v9 are no longer supported
1271 http fetch GET 200 https://registry.npmjs.org/brace-expansion/-/brace-expansion-2.0.1.tgz 7058ms (cache miss)
1272 http fetch GET 200 https://registry.npmjs.org/glob-parent/-/glob-parent-5.1.2.tgz 7060ms (cache miss)
1273 http fetch GET 200 https://registry.npmjs.org/ansi-regex/-/ansi-regex-6.0.1.tgz 7063ms (cache miss)
1274 http fetch GET 200 https://registry.npmjs.org/semver/-/semver-6.3.1.tgz 7108ms (cache miss)
1275 http fetch GET 200 https://registry.npmjs.org/semver/-/semver-6.3.1.tgz 7108ms (cache miss)
1276 http fetch GET 200 https://registry.npmjs.org/prisma/-/prisma-5.18.0.tgz 7484ms (cache miss)
1277 http fetch GET 200 https://registry.npmjs.org/@cloudinary-util/types/-/types-1.1.0.tgz 7173ms (cache miss)
1278 http fetch GET 200 https://registry.npmjs.org/doctrine/-/doctrine-2.1.0.tgz 7158ms (cache miss)
1279 http fetch GET 200 https://registry.npmjs.org/glob-parent/-/glob-parent-5.1.2.tgz 7227ms (cache miss)
1280 http fetch GET 200 https://registry.npmjs.org/ansi-regex/-/ansi-regex-6.0.1.tgz 7238ms (cache miss)
1281 http fetch GET 200 https://registry.npmjs.org/@rushstack/eslint-patch/-/eslint-patch-1.10.4.tgz 7307ms (cache miss)
1282 http fetch GET 200 https://registry.npmjs.org/eslint-plugin-react/-/eslint-plugin-react-7.35.0.tgz 7425ms (cache miss)
1283 http fetch GET 200 https://registry.npmjs.org/doctrine/-/doctrine-2.1.0.tgz 7305ms (cache miss)
1284 http fetch GET 200 https://registry.npmjs.org/debug/-/debug-3.2.7.tgz 7305ms (cache miss)
1285 http fetch GET 200 https://registry.npmjs.org/debug/-/debug-3.2.7.tgz 7303ms (cache miss)
1286 http fetch GET 200 https://registry.npmjs.org/debug/-/debug-3.2.7.tgz 7332ms (cache miss)
1287 http fetch GET 200 https://registry.npmjs.org/strip-ansi/-/strip-ansi-7.1.0.tgz 7351ms (cache miss)
1288 http fetch GET 200 https://registry.npmjs.org/brace-expansion/-/brace-expansion-2.0.1.tgz 7427ms (cache miss)
1289 http fetch GET 200 https://registry.npmjs.org/tslib/-/tslib-2.4.1.tgz 7501ms (cache miss)
1290 http fetch GET 200 https://registry.npmjs.org/tslib/-/tslib-2.4.1.tgz 7513ms (cache miss)
1291 http fetch GET 200 https://registry.npmjs.org/tslib/-/tslib-2.4.1.tgz 7550ms (cache miss)
1292 http fetch GET 200 https://registry.npmjs.org/@prisma/client/-/client-5.18.0.tgz 7709ms (cache miss)
1293 http fetch GET 200 https://registry.npmjs.org/@clerk/clerk-react/-/clerk-react-5.3.1.tgz 7714ms (cache miss)
1294 http fetch GET 200 https://registry.npmjs.org/csstype/-/csstype-3.1.1.tgz 7673ms (cache miss)
1295 http fetch GET 200 https://registry.npmjs.org/@jridgewell/trace-mapping/-/trace-mapping-0.3.9.tgz 7700ms (cache miss)
1296 http fetch GET 200 https://registry.npmjs.org/postcss/-/postcss-8.4.31.tgz 7805ms (cache miss)
1297 http fetch GET 200 https://registry.npmjs.org/culori/-/culori-3.3.0.tgz 7959ms (cache miss)
1298 http fetch GET 200 https://registry.npmjs.org/@typescript-eslint/typescript-estree/-/typescript-estree-7.2.0.tgz 7915ms (cache miss)
1299 http fetch GET 200 https://registry.npmjs.org/@cloudinary-util/url-loader/-/url-loader-5.5.0.tgz 7897ms (cache miss)
1300 http fetch GET 200 https://registry.npmjs.org/type-fest/-/type-fest-2.19.0.tgz 7933ms (cache miss)
1301 http fetch GET 200 https://registry.npmjs.org/axobject-query/-/axobject-query-3.1.1.tgz 8089ms (cache miss)
1302 http fetch GET 200 https://registry.npmjs.org/minimatch/-/minimatch-9.0.5.tgz 8020ms (cache miss)
1303 http fetch GET 200 https://registry.npmjs.org/minimatch/-/minimatch-9.0.3.tgz 8087ms (cache miss)
1304 http fetch GET 200 https://registry.npmjs.org/resolve/-/resolve-2.0.0-next.5.tgz 8415ms (cache miss)
1305 http fetch GET 200 https://registry.npmjs.org/aria-query/-/aria-query-5.1.3.tgz 8587ms (cache miss)
1306 http fetch GET 200 https://registry.npmjs.org/eslint-plugin-jsx-a11y/-/eslint-plugin-jsx-a11y-6.9.0.tgz 8726ms (cache miss)
1307 http fetch GET 200 https://registry.npmjs.org/@clerk/shared/-/shared-2.4.3.tgz 9213ms (cache miss)
1308 http fetch GET 200 https://registry.npmjs.org/@swc/helpers/-/helpers-0.5.5.tgz 9662ms (cache miss)
1309 http fetch GET 200 https://registry.npmjs.org/@clerk/backend/-/backend-1.5.2.tgz 9673ms (cache miss)
1310 http fetch GET 200 https://registry.npmjs.org/dayjs/-/dayjs-1.11.12.tgz 10263ms (cache miss)
1311 http fetch GET 200 https://registry.npmjs.org/eslint/-/eslint-8.57.0.tgz 10405ms (cache miss)
1312 http fetch GET 200 https://registry.npmjs.org/@clerk/nextjs/-/nextjs-5.2.12.tgz 11033ms (cache miss)
1313 http fetch GET 200 https://registry.npmjs.org/lodash/-/lodash-4.17.21.tgz 11795ms (cache miss)
1314 http fetch GET 200 https://registry.npmjs.org/@typescript-eslint/scope-manager/-/scope-manager-7.2.0.tgz 11660ms (cache miss)
1315 http fetch GET 200 https://registry.npmjs.org/caniuse-lite/-/caniuse-lite-1.0.30001647.tgz 13361ms (cache miss)
1316 http fetch GET 200 https://registry.npmjs.org/@cloudinary/url-gen/-/url-gen-1.15.0.tgz 13888ms (cache miss)
1317 http fetch GET 200 https://registry.npmjs.org/@cloudinary/transformation-builder-sdk/-/transformation-builder-sdk-1.14.1.tgz 14070ms (cache miss)
1318 http fetch GET 200 https://registry.npmjs.org/@next/swc-win32-x64-msvc/-/swc-win32-x64-msvc-14.2.5.tgz 15038ms (cache miss)
1319 http fetch GET 200 https://registry.npmjs.org/es-abstract/-/es-abstract-1.23.3.tgz 16821ms (cache miss)
1320 http fetch GET 200 https://registry.npmjs.org/lucide-react/-/lucide-react-0.424.0.tgz 25067ms (cache miss)
1321 http fetch GET 200 https://registry.npmjs.org/next/-/next-14.2.5.tgz 42549ms (cache miss)
1322 info run prisma@5.18.0 preinstall node_modules/prisma node scripts/preinstall-entry.js
1323 info run prisma@5.18.0 preinstall { code: 0, signal: null }
1324 info run @clerk/shared@2.4.3 postinstall node_modules/@clerk/shared node ./scripts/postinstall.mjs
1325 info run @prisma/client@5.18.0 postinstall node_modules/@prisma/client node scripts/postinstall.js
1326 info run @prisma/engines@5.18.0 postinstall node_modules/@prisma/engines node scripts/postinstall.js
1327 info run @clerk/shared@2.4.3 postinstall { code: 0, signal: null }
1328 info run @prisma/engines@5.18.0 postinstall { code: 0, signal: null }
1329 info run @prisma/client@5.18.0 postinstall { code: 0, signal: null }
1330 silly ADD node_modules/zod
1331 silly ADD node_modules/yocto-queue
1332 silly ADD node_modules/yn
1333 silly ADD node_modules/yaml
1334 silly ADD node_modules/wrappy
1335 silly ADD node_modules/wrap-ansi-cjs
1336 silly ADD node_modules/wrap-ansi-cjs/node_modules/string-width
1337 silly ADD node_modules/wrap-ansi-cjs/node_modules/emoji-regex
1338 silly ADD node_modules/wrap-ansi
1339 silly ADD node_modules/wrap-ansi/node_modules/strip-ansi
1340 silly ADD node_modules/wrap-ansi/node_modules/ansi-styles
1341 silly ADD node_modules/wrap-ansi/node_modules/ansi-regex
1342 silly ADD node_modules/word-wrap
1343 silly ADD node_modules/which-typed-array
1344 silly ADD node_modules/which-collection
1345 silly ADD node_modules/which-builtin-type
1346 silly ADD node_modules/which-boxed-primitive
1347 silly ADD node_modules/which
1348 silly ADD node_modules/v8-compile-cache-lib
1349 silly ADD node_modules/util-deprecate
1350 silly ADD node_modules/use-sync-external-store
1351 silly ADD node_modules/uri-js
1352 silly ADD node_modules/undici-types
1353 silly ADD node_modules/unbox-primitive
1354 silly ADD node_modules/typescript
1355 silly ADD node_modules/typed-array-length
1356 silly ADD node_modules/typed-array-byte-offset
1357 silly ADD node_modules/typed-array-byte-length
1358 silly ADD node_modules/typed-array-buffer
1359 silly ADD node_modules/type-fest
1360 silly ADD node_modules/type-check
1361 silly ADD node_modules/tslib
1362 silly ADD node_modules/tsconfig-paths
1363 silly ADD node_modules/ts-node
1364 silly ADD node_modules/ts-node/node_modules/arg
1365 silly ADD node_modules/ts-interface-checker
1366 silly ADD node_modules/ts-api-utils
1367 silly ADD node_modules/to-regex-range
1368 silly ADD node_modules/thenify-all
1369 silly ADD node_modules/thenify
1370 silly ADD node_modules/text-table
1371 silly ADD node_modules/tapable
1372 silly ADD node_modules/tailwindcss
1373 silly ADD node_modules/swr
1374 silly ADD node_modules/supports-preserve-symlinks-flag
1375 silly ADD node_modules/supports-color
1376 silly ADD node_modules/sucrase
1377 silly ADD node_modules/styled-jsx
1378 silly ADD node_modules/strip-json-comments
1379 silly ADD node_modules/strip-bom
1380 silly ADD node_modules/strip-ansi-cjs
1381 silly ADD node_modules/strip-ansi
1382 silly ADD node_modules/string.prototype.trimstart
1383 silly ADD node_modules/string.prototype.trimend
1384 silly ADD node_modules/string.prototype.trim
1385 silly ADD node_modules/string.prototype.repeat
1386 silly ADD node_modules/string.prototype.matchall
1387 silly ADD node_modules/string.prototype.includes
1388 silly ADD node_modules/string-width-cjs
1389 silly ADD node_modules/string-width-cjs/node_modules/emoji-regex
1390 silly ADD node_modules/string-width
1391 silly ADD node_modules/string-width/node_modules/strip-ansi
1392 silly ADD node_modules/string-width/node_modules/ansi-regex
1393 silly ADD node_modules/streamsearch
1394 silly ADD node_modules/stop-iteration-iterator
1395 silly ADD node_modules/std-env
1396 silly ADD node_modules/source-map-js
1397 silly ADD node_modules/snakecase-keys
1398 silly ADD node_modules/snakecase-keys/node_modules/type-fest
1399 silly ADD node_modules/snake-case
1400 silly ADD node_modules/slash
1401 silly ADD node_modules/signal-exit
1402 silly ADD node_modules/side-channel
1403 silly ADD node_modules/shebang-regex
1404 silly ADD node_modules/shebang-command
1405 silly ADD node_modules/set-function-name
1406 silly ADD node_modules/set-function-length
1407 silly ADD node_modules/server-only
1408 silly ADD node_modules/semver
1409 silly ADD node_modules/scheduler
1410 silly ADD node_modules/safe-regex-test
1411 silly ADD node_modules/safe-array-concat
1412 silly ADD node_modules/run-parallel
1413 silly ADD node_modules/rimraf
1414 silly ADD node_modules/rimraf/node_modules/glob
1415 silly ADD node_modules/reusify
1416 silly ADD node_modules/resolve-pkg-maps
1417 silly ADD node_modules/resolve-from
1418 silly ADD node_modules/resolve
1419 silly ADD node_modules/regexp.prototype.flags
1420 silly ADD node_modules/reflect.getprototypeof
1421 silly ADD node_modules/readdirp
1422 silly ADD node_modules/read-cache
1423 silly ADD node_modules/react-is
1424 silly ADD node_modules/react-dom
1425 silly ADD node_modules/react
1426 silly ADD node_modules/queue-microtask
1427 silly ADD node_modules/q
1428 silly ADD node_modules/punycode
1429 silly ADD node_modules/proxy-from-env
1430 silly ADD node_modules/prop-types
1431 silly ADD node_modules/prisma
1432 silly ADD node_modules/prelude-ls
1433 silly ADD node_modules/postcss-value-parser
1434 silly ADD node_modules/postcss-selector-parser
1435 silly ADD node_modules/postcss-nested
1436 silly ADD node_modules/postcss-load-config
1437 silly ADD node_modules/postcss-load-config/node_modules/lilconfig
1438 silly ADD node_modules/postcss-js
1439 silly ADD node_modules/postcss-import
1440 silly ADD node_modules/postcss
1441 silly ADD node_modules/possible-typed-array-names
1442 silly ADD node_modules/pirates
1443 silly ADD node_modules/pify
1444 silly ADD node_modules/picomatch
1445 silly ADD node_modules/picocolors
1446 silly ADD node_modules/path-type
1447 silly ADD node_modules/path-to-regexp
1448 silly ADD node_modules/path-scurry
1449 silly ADD node_modules/path-parse
1450 silly ADD node_modules/path-key
1451 silly ADD node_modules/path-is-absolute
1452 silly ADD node_modules/path-exists
1453 silly ADD node_modules/parent-module
1454 silly ADD node_modules/p-locate
1455 silly ADD node_modules/p-limit
1456 silly ADD node_modules/optionator
1457 silly ADD node_modules/once
1458 silly ADD node_modules/object.values
1459 silly ADD node_modules/object.groupby
1460 silly ADD node_modules/object.fromentries
1461 silly ADD node_modules/object.entries
1462 silly ADD node_modules/object.assign
1463 silly ADD node_modules/object-keys
1464 silly ADD node_modules/object-is
1465 silly ADD node_modules/object-inspect
1466 silly ADD node_modules/object-hash
1467 silly ADD node_modules/object-assign
1468 silly ADD node_modules/normalize-path
1469 silly ADD node_modules/no-case
1470 silly ADD node_modules/next-cloudinary
1471 silly ADD node_modules/next
1472 silly ADD node_modules/next/node_modules/postcss
1473 silly ADD node_modules/natural-compare
1474 silly ADD node_modules/nanoid
1475 silly ADD node_modules/mz
1476 silly ADD node_modules/ms
1477 silly ADD node_modules/minipass
1478 silly ADD node_modules/minimist
1479 silly ADD node_modules/minimatch
1480 silly ADD node_modules/mime-types
1481 silly ADD node_modules/mime-db
1482 silly ADD node_modules/micromatch
1483 silly ADD node_modules/merge2
1484 silly ADD node_modules/map-obj
1485 silly ADD node_modules/make-error
1486 silly ADD node_modules/lucide-react
1487 silly ADD node_modules/lru-cache
1488 silly ADD node_modules/lower-case
1489 silly ADD node_modules/loose-envify
1490 silly ADD node_modules/lodash.merge
1491 silly ADD node_modules/lodash
1492 silly ADD node_modules/locate-path
1493 silly ADD node_modules/lines-and-columns
1494 silly ADD node_modules/lilconfig
1495 silly ADD node_modules/levn
1496 silly ADD node_modules/language-tags
1497 silly ADD node_modules/language-subtag-registry
1498 silly ADD node_modules/keyv
1499 silly ADD node_modules/jsx-ast-utils
1500 silly ADD node_modules/json5
1501 silly ADD node_modules/json-stable-stringify-without-jsonify
1502 silly ADD node_modules/json-schema-traverse
1503 silly ADD node_modules/json-buffer
1504 silly ADD node_modules/js-yaml
1505 silly ADD node_modules/js-tokens
1506 silly ADD node_modules/js-cookie
1507 silly ADD node_modules/jiti
1508 silly ADD node_modules/jackspeak
1509 silly ADD node_modules/iterator.prototype
1510 silly ADD node_modules/isexe
1511 silly ADD node_modules/isarray
1512 silly ADD node_modules/is-weakset
1513 silly ADD node_modules/is-weakref
1514 silly ADD node_modules/is-weakmap
1515 silly ADD node_modules/is-typed-array
1516 silly ADD node_modules/is-symbol
1517 silly ADD node_modules/is-string
1518 silly ADD node_modules/is-shared-array-buffer
1519 silly ADD node_modules/is-set
1520 silly ADD node_modules/is-regex
1521 silly ADD node_modules/is-path-inside
1522 silly ADD node_modules/is-number-object
1523 silly ADD node_modules/is-number
1524 silly ADD node_modules/is-negative-zero
1525 silly ADD node_modules/is-map
1526 silly ADD node_modules/is-glob
1527 silly ADD node_modules/is-generator-function
1528 silly ADD node_modules/is-fullwidth-code-point
1529 silly ADD node_modules/is-finalizationregistry
1530 silly ADD node_modules/is-extglob
1531 silly ADD node_modules/is-date-object
1532 silly ADD node_modules/is-data-view
1533 silly ADD node_modules/is-core-module
1534 silly ADD node_modules/is-callable
1535 silly ADD node_modules/is-boolean-object
1536 silly ADD node_modules/is-binary-path
1537 silly ADD node_modules/is-bigint
1538 silly ADD node_modules/is-async-function
1539 silly ADD node_modules/is-array-buffer
1540 silly ADD node_modules/is-arguments
1541 silly ADD node_modules/internal-slot
1542 silly ADD node_modules/inherits
1543 silly ADD node_modules/inflight
1544 silly ADD node_modules/imurmurhash
1545 silly ADD node_modules/import-fresh
1546 silly ADD node_modules/ignore
1547 silly ADD node_modules/hasown
1548 silly ADD node_modules/has-tostringtag
1549 silly ADD node_modules/has-symbols
1550 silly ADD node_modules/has-proto
1551 silly ADD node_modules/has-property-descriptors
1552 silly ADD node_modules/has-flag
1553 silly ADD node_modules/has-bigints
1554 silly ADD node_modules/graphemer
1555 silly ADD node_modules/graceful-fs
1556 silly ADD node_modules/gopd
1557 silly ADD node_modules/globby
1558 silly ADD node_modules/globalthis
1559 silly ADD node_modules/globals
1560 silly ADD node_modules/glob-to-regexp
1561 silly ADD node_modules/glob-parent
1562 silly ADD node_modules/glob
1563 silly ADD node_modules/glob/node_modules/minimatch
1564 silly ADD node_modules/glob/node_modules/brace-expansion
1565 silly ADD node_modules/get-tsconfig
1566 silly ADD node_modules/get-symbol-description
1567 silly ADD node_modules/get-intrinsic
1568 silly ADD node_modules/functions-have-names
1569 silly ADD node_modules/function.prototype.name
1570 silly ADD node_modules/function-bind
1571 silly ADD node_modules/fs.realpath
1572 silly ADD node_modules/form-data
1573 silly ADD node_modules/foreground-child
1574 silly ADD node_modules/for-each
1575 silly ADD node_modules/follow-redirects
1576 silly ADD node_modules/flatted
1577 silly ADD node_modules/flat-cache
1578 silly ADD node_modules/find-up
1579 silly ADD node_modules/fill-range
1580 silly ADD node_modules/filesize
1581 silly ADD node_modules/file-entry-cache
1582 silly ADD node_modules/fastq
1583 silly ADD node_modules/fastparse
1584 silly ADD node_modules/fast-levenshtein
1585 silly ADD node_modules/fast-json-stable-stringify
1586 silly ADD node_modules/fast-glob
1587 silly ADD node_modules/fast-glob/node_modules/glob-parent
1588 silly ADD node_modules/fast-deep-equal
1589 silly ADD node_modules/esutils
1590 silly ADD node_modules/estraverse
1591 silly ADD node_modules/esrecurse
1592 silly ADD node_modules/esquery
1593 silly ADD node_modules/espree
1594 silly ADD node_modules/eslint-visitor-keys
1595 silly ADD node_modules/eslint-scope
1596 silly ADD node_modules/eslint-plugin-react-hooks
1597 silly ADD node_modules/eslint-plugin-react
1598 silly ADD node_modules/eslint-plugin-react/node_modules/semver
1599 silly ADD node_modules/eslint-plugin-react/node_modules/resolve
1600 silly ADD node_modules/eslint-plugin-react/node_modules/doctrine
1601 silly ADD node_modules/eslint-plugin-jsx-a11y
1602 silly ADD node_modules/eslint-plugin-import
1603 silly ADD node_modules/eslint-plugin-import/node_modules/semver
1604 silly ADD node_modules/eslint-plugin-import/node_modules/doctrine
1605 silly ADD node_modules/eslint-plugin-import/node_modules/debug
1606 silly ADD node_modules/eslint-module-utils
1607 silly ADD node_modules/eslint-module-utils/node_modules/debug
1608 silly ADD node_modules/eslint-import-resolver-typescript
1609 silly ADD node_modules/eslint-import-resolver-node
1610 silly ADD node_modules/eslint-import-resolver-node/node_modules/debug
1611 silly ADD node_modules/eslint-config-next
1612 silly ADD node_modules/eslint
1613 silly ADD node_modules/escape-string-regexp
1614 silly ADD node_modules/es-to-primitive
1615 silly ADD node_modules/es-shim-unscopables
1616 silly ADD node_modules/es-set-tostringtag
1617 silly ADD node_modules/es-object-atoms
1618 silly ADD node_modules/es-iterator-helpers
1619 silly ADD node_modules/es-get-iterator
1620 silly ADD node_modules/es-errors
1621 silly ADD node_modules/es-define-property
1622 silly ADD node_modules/es-abstract
1623 silly ADD node_modules/enhanced-resolve
1624 silly ADD node_modules/emoji-regex
1625 silly ADD node_modules/eastasianwidth
1626 silly ADD node_modules/dot-case
1627 silly ADD node_modules/doctrine
1628 silly ADD node_modules/dlv
1629 silly ADD node_modules/dir-glob
1630 silly ADD node_modules/diff
1631 silly ADD node_modules/didyoumean
1632 silly ADD node_modules/delayed-stream
1633 silly ADD node_modules/define-properties
1634 silly ADD node_modules/define-data-property
1635 silly ADD node_modules/deep-is
1636 silly ADD node_modules/deep-equal
1637 silly ADD node_modules/debug
1638 silly ADD node_modules/dayjs
1639 silly ADD node_modules/data-view-byte-offset
1640 silly ADD node_modules/data-view-byte-length
1641 silly ADD node_modules/data-view-buffer
1642 silly ADD node_modules/damerau-levenshtein
1643 silly ADD node_modules/daisyui
1644 silly ADD node_modules/culori
1645 silly ADD node_modules/csstype
1646 silly ADD node_modules/cssesc
1647 silly ADD node_modules/css-selector-tokenizer
1648 silly ADD node_modules/crypto-js
1649 silly ADD node_modules/cross-spawn
1650 silly ADD node_modules/create-require
1651 silly ADD node_modules/cookie
1652 silly ADD node_modules/concat-map
1653 silly ADD node_modules/commander
1654 silly ADD node_modules/combined-stream
1655 silly ADD node_modules/color-name
1656 silly ADD node_modules/color-convert
1657 silly ADD node_modules/cloudinary
1658 silly ADD node_modules/client-only
1659 silly ADD node_modules/chokidar
1660 silly ADD node_modules/chokidar/node_modules/glob-parent
1661 silly ADD node_modules/chalk
1662 silly ADD node_modules/caniuse-lite
1663 silly ADD node_modules/camelcase-css
1664 silly ADD node_modules/callsites
1665 silly ADD node_modules/call-bind
1666 silly ADD node_modules/busboy
1667 silly ADD node_modules/braces
1668 silly ADD node_modules/brace-expansion
1669 silly ADD node_modules/binary-extensions
1670 silly ADD node_modules/balanced-match
1671 silly ADD node_modules/axobject-query
1672 silly ADD node_modules/axios
1673 silly ADD node_modules/axe-core
1674 silly ADD node_modules/available-typed-arrays
1675 silly ADD node_modules/asynckit
1676 silly ADD node_modules/ast-types-flow
1677 silly ADD node_modules/arraybuffer.prototype.slice
1678 silly ADD node_modules/array.prototype.tosorted
1679 silly ADD node_modules/array.prototype.flatmap
1680 silly ADD node_modules/array.prototype.flat
1681 silly ADD node_modules/array.prototype.findlastindex
1682 silly ADD node_modules/array.prototype.findlast
1683 silly ADD node_modules/array-union
1684 silly ADD node_modules/array-includes
1685 silly ADD node_modules/array-buffer-byte-length
1686 silly ADD node_modules/aria-query
1687 silly ADD node_modules/argparse
1688 silly ADD node_modules/arg
1689 silly ADD node_modules/anymatch
1690 silly ADD node_modules/any-promise
1691 silly ADD node_modules/ansi-styles
1692 silly ADD node_modules/ansi-regex
1693 silly ADD node_modules/ajv
1694 silly ADD node_modules/acorn-walk
1695 silly ADD node_modules/acorn-jsx
1696 silly ADD node_modules/acorn
1697 silly ADD node_modules/@ungap/structured-clone
1698 silly ADD node_modules/@typescript-eslint/visitor-keys
1699 silly ADD node_modules/@typescript-eslint/typescript-estree
1700 silly ADD node_modules/@typescript-eslint/typescript-estree/node_modules/minimatch
1701 silly ADD node_modules/@typescript-eslint/typescript-estree/node_modules/brace-expansion
1702 silly ADD node_modules/@typescript-eslint/types
1703 silly ADD node_modules/@typescript-eslint/scope-manager
1704 silly ADD node_modules/@typescript-eslint/parser
1705 silly ADD node_modules/@types/react-dom
1706 silly ADD node_modules/@types/react
1707 silly ADD node_modules/@types/prop-types
1708 silly ADD node_modules/@types/node
1709 silly ADD node_modules/@types/json5
1710 silly ADD node_modules/@tsconfig/recommended
1711 silly ADD node_modules/@tsconfig/node16
1712 silly ADD node_modules/@tsconfig/node14
1713 silly ADD node_modules/@tsconfig/node12
1714 silly ADD node_modules/@tsconfig/node10
1715 silly ADD node_modules/@swc/helpers
1716 silly ADD node_modules/@swc/counter
1717 silly ADD node_modules/@rushstack/eslint-patch
1718 silly ADD node_modules/@prisma/get-platform
1719 silly ADD node_modules/@prisma/fetch-engine
1720 silly ADD node_modules/@prisma/engines-version
1721 silly ADD node_modules/@prisma/engines
1722 silly ADD node_modules/@prisma/debug
1723 silly ADD node_modules/@prisma/client
1724 silly ADD node_modules/@pkgjs/parseargs
1725 silly ADD node_modules/@nodelib/fs.walk
1726 silly ADD node_modules/@nodelib/fs.stat
1727 silly ADD node_modules/@nodelib/fs.scandir
1728 silly ADD node_modules/@next/swc-win32-x64-msvc
1729 silly ADD node_modules/@next/eslint-plugin-next
1730 silly ADD node_modules/@next/env
1731 silly ADD node_modules/@jridgewell/trace-mapping
1732 silly ADD node_modules/@jridgewell/sourcemap-codec
1733 silly ADD node_modules/@jridgewell/set-array
1734 silly ADD node_modules/@jridgewell/resolve-uri
1735 silly ADD node_modules/@jridgewell/gen-mapping
1736 silly ADD node_modules/@isaacs/cliui
1737 silly ADD node_modules/@isaacs/cliui/node_modules/strip-ansi
1738 silly ADD node_modules/@isaacs/cliui/node_modules/ansi-regex
1739 silly ADD node_modules/@humanwhocodes/object-schema
1740 silly ADD node_modules/@humanwhocodes/module-importer
1741 silly ADD node_modules/@humanwhocodes/config-array
1742 silly ADD node_modules/@eslint/js
1743 silly ADD node_modules/@eslint/eslintrc
1744 silly ADD node_modules/@eslint-community/regexpp
1745 silly ADD node_modules/@eslint-community/eslint-utils
1746 silly ADD node_modules/@cspotcode/source-map-support
1747 silly ADD node_modules/@cspotcode/source-map-support/node_modules/@jridgewell/trace-mapping
1748 silly ADD node_modules/@cloudinary/url-gen
1749 silly ADD node_modules/@cloudinary/transformation-builder-sdk
1750 silly ADD node_modules/@cloudinary-util/util
1751 silly ADD node_modules/@cloudinary-util/url-loader
1752 silly ADD node_modules/@cloudinary-util/types
1753 silly ADD node_modules/@clerk/types
1754 silly ADD node_modules/@clerk/types/node_modules/csstype
1755 silly ADD node_modules/@clerk/shared
1756 silly ADD node_modules/@clerk/nextjs
1757 silly ADD node_modules/@clerk/nextjs/node_modules/tslib
1758 silly ADD node_modules/@clerk/clerk-react
1759 silly ADD node_modules/@clerk/clerk-react/node_modules/tslib
1760 silly ADD node_modules/@clerk/backend
1761 silly ADD node_modules/@clerk/backend/node_modules/tslib
1762 silly ADD node_modules/@alloc/quick-lru
1763 verbose cwd D:\Web_Development_Course\16_ai_powered_saas\ai_powered_saas(self_practice)
1764 verbose os Windows_NT 10.0.26200
1765 verbose node v24.15.0
1766 verbose npm  v11.12.1
1767 notice
1767 notice New major version of npm available! 11.12.1 -> 12.0.2
1767 notice Changelog: https://github.com/npm/cli/releases/tag/v12.0.2
1767 notice To update run: npm install -g npm@12.0.2
1767 notice  { force: true, Symbol(proc-log.meta): true }
1768 verbose exit 0
1769 info ok
