0 verbose cli C:\Program Files\nodejs\node.exe C:\Program Files\nodejs\node_modules\npm\bin\npm-cli.js
1 info using npm@11.12.1
2 info using node@v24.15.0
3 silly config load:file:C:\Program Files\nodejs\node_modules\npm\npmrc
4 silly config load:file:D:\Web_Development_Course\16_ai_powered_saas\ai_powered_saas(self_practice)\.npmrc
5 silly config load:file:C:\Users\omkar\.npmrc
6 silly config load:file:C:\Users\omkar\AppData\Roaming\npm\etc\npmrc
7 verbose title npm install
8 verbose argv "install" "--cache" ".npm-cache" "--prefer-offline"
9 verbose logfile logs-max:10 dir:D:\Web_Development_Course\16_ai_powered_saas\ai_powered_saas(self_practice)\.npm-cache\_logs\2026-08-03T13_11_50_357Z-
10 verbose logfile D:\Web_Development_Course\16_ai_powered_saas\ai_powered_saas(self_practice)\.npm-cache\_logs\2026-08-03T13_11_50_357Z-debug-0.log
11 silly logfile done cleaning log files
12 silly packumentCache heap:2348810240 maxSize:587202560 maxEntrySize:293601280
13 silly idealTree buildDeps
14 silly fetch manifest prisma@^7.9.1
15 silly packumentCache full:https://registry.npmjs.org/prisma cache-miss
16 verbose shrinkwrap failed to load node_modules/.package-lock.json out of date, updated: node_modules
17 http fetch GET 200 https://registry.npmjs.org/prisma 263ms (cache stale)
18 silly packumentCache full:https://registry.npmjs.org/prisma set size:43649502 disposed:false
19 silly fetch manifest better-sqlite3@>=9.0.0
20 silly packumentCache full:https://registry.npmjs.org/better-sqlite3 cache-miss
21 http fetch GET 200 https://registry.npmjs.org/better-sqlite3 295ms (cache stale)
22 silly packumentCache full:https://registry.npmjs.org/better-sqlite3 set size:390485 disposed:false
23 silly fetch manifest typescript@^5.5.4
24 silly packumentCache full:https://registry.npmjs.org/typescript cache-miss
25 http fetch GET 200 https://registry.npmjs.org/typescript 64ms (cache stale)
26 silly packumentCache full:https://registry.npmjs.org/typescript set size:15509764 disposed:false
27 silly placeDep ROOT prisma@7.9.1 REPLACE for: cloudinary-saas@0.1.0 want: ^7.9.1
28 silly fetch manifest mysql2@3.15.3
29 silly packumentCache full:https://registry.npmjs.org/mysql2 cache-miss
30 silly fetch manifest postgres@3.4.7
31 silly packumentCache full:https://registry.npmjs.org/postgres cache-miss
32 silly fetch manifest @prisma/dev@0.24.17
33 silly packumentCache full:https://registry.npmjs.org/@prisma%2fdev cache-miss
34 silly fetch manifest @prisma/config@7.9.1
35 silly packumentCache full:https://registry.npmjs.org/@prisma%2fconfig cache-miss
36 silly fetch manifest @prisma/engines@7.9.1
37 silly packumentCache full:https://registry.npmjs.org/@prisma%2fengines cache-miss
38 silly fetch manifest @prisma/studio-core@0.33.0
39 silly packumentCache full:https://registry.npmjs.org/@prisma%2fstudio-core cache-miss
40 http fetch GET 200 https://registry.npmjs.org/postgres 45ms (cache stale)
41 silly packumentCache full:https://registry.npmjs.org/postgres set size:185872 disposed:false
42 http fetch GET 200 https://registry.npmjs.org/@prisma%2fdev 57ms (cache stale)
43 silly packumentCache full:https://registry.npmjs.org/@prisma%2fdev set size:2671042 disposed:false
44 http fetch GET 200 https://registry.npmjs.org/mysql2 90ms (cache stale)
45 silly packumentCache full:https://registry.npmjs.org/mysql2 set size:907302 disposed:false
46 http fetch GET 200 https://registry.npmjs.org/@prisma%2fconfig 109ms (cache stale)
47 silly packumentCache full:https://registry.npmjs.org/@prisma%2fconfig set size:3937731 disposed:false
48 http fetch GET 200 https://registry.npmjs.org/@prisma%2fengines 197ms (cache stale)
49 silly packumentCache full:https://registry.npmjs.org/@prisma%2fengines set size:21933451 disposed:false
50 http fetch GET 200 https://registry.npmjs.org/@prisma%2fstudio-core 435ms (cache stale)
51 silly packumentCache full:https://registry.npmjs.org/@prisma%2fstudio-core set size:7261725 disposed:false
52 silly fetch manifest @types/react@^18.0.0 || ^19.0.0
53 silly packumentCache full:https://registry.npmjs.org/@types%2freact cache-miss
54 http fetch GET 200 https://registry.npmjs.org/@types%2freact 18ms (cache stale)
55 silly packumentCache full:https://registry.npmjs.org/@types%2freact set size:2637439 disposed:false
56 silly fetch manifest react@^18.0.0 || ^19.0.0
57 silly packumentCache full:https://registry.npmjs.org/react cache-miss
58 http fetch GET 200 https://registry.npmjs.org/react 32ms (cache stale)
59 silly packumentCache full:https://registry.npmjs.org/react set size:6859098 disposed:false
60 silly fetch manifest react-dom@^18.0.0 || ^19.0.0
61 silly packumentCache full:https://registry.npmjs.org/react-dom cache-miss
62 http fetch GET 200 https://registry.npmjs.org/react-dom 44ms (cache stale)
63 silly packumentCache full:https://registry.npmjs.org/react-dom set size:9206376 disposed:false
64 silly placeDep ROOT @prisma/config@7.9.1 OK for: prisma@7.9.1 want: 7.9.1
65 silly placeDep ROOT @prisma/dev@0.24.17 OK for: prisma@7.9.1 want: 0.24.17
66 silly placeDep ROOT @prisma/engines@7.9.1 OK for: prisma@7.9.1 want: 7.9.1
67 silly placeDep ROOT @prisma/studio-core@0.33.0 OK for: prisma@7.9.1 want: 0.33.0
68 silly placeDep ROOT mysql2@3.15.3 OK for: prisma@7.9.1 want: 3.15.3
69 silly placeDep ROOT postgres@3.4.7 OK for: prisma@7.9.1 want: 3.4.7
70 silly fetch manifest c12@3.3.4
71 silly packumentCache full:https://registry.npmjs.org/c12 cache-miss
72 silly fetch manifest effect@3.20.0
73 silly packumentCache full:https://registry.npmjs.org/effect cache-miss
74 silly fetch manifest empathic@2.0.0
75 silly packumentCache full:https://registry.npmjs.org/empathic cache-miss
76 silly fetch manifest deepmerge-ts@7.1.5
77 silly packumentCache full:https://registry.npmjs.org/deepmerge-ts cache-miss
78 silly fetch manifest pathe@2.0.3
79 silly packumentCache full:https://registry.npmjs.org/pathe cache-miss
80 silly fetch manifest remeda@2.33.4
81 silly packumentCache full:https://registry.npmjs.org/remeda cache-miss
82 silly fetch manifest std-env@3.10.0
83 silly packumentCache full:https://registry.npmjs.org/std-env cache-miss
84 silly fetch manifest valibot@1.4.2
85 silly packumentCache full:https://registry.npmjs.org/valibot cache-miss
86 silly fetch manifest zeptomatch@2.1.0
87 silly packumentCache full:https://registry.npmjs.org/zeptomatch cache-miss
88 silly fetch manifest find-my-way@9.7.0
89 silly packumentCache full:https://registry.npmjs.org/find-my-way cache-miss
90 silly fetch manifest get-port-please@3.2.0
91 silly packumentCache full:https://registry.npmjs.org/get-port-please cache-miss
92 silly fetch manifest proper-lockfile@4.1.2
93 silly packumentCache full:https://registry.npmjs.org/proper-lockfile cache-miss
94 silly fetch manifest foreground-child@3.3.1
95 silly packumentCache full:https://registry.npmjs.org/foreground-child cache-miss
96 silly fetch manifest @electric-sql/pglite@0.4.3
97 silly packumentCache full:https://registry.npmjs.org/@electric-sql%2fpglite cache-miss
98 silly fetch manifest @prisma/get-platform@7.2.0
99 silly packumentCache full:https://registry.npmjs.org/@prisma%2fget-platform cache-miss
100 http fetch GET 200 https://registry.npmjs.org/empathic 76ms (cache stale)
101 silly packumentCache full:https://registry.npmjs.org/empathic set size:20342 disposed:false
102 silly fetch manifest @prisma/streams-local@0.1.11
103 silly packumentCache full:https://registry.npmjs.org/@prisma%2fstreams-local cache-miss
104 http fetch GET 200 https://registry.npmjs.org/deepmerge-ts 78ms (cache stale)
105 silly packumentCache full:https://registry.npmjs.org/deepmerge-ts set size:334522 disposed:false
106 silly fetch manifest @electric-sql/pglite-tools@0.3.3
107 silly packumentCache full:https://registry.npmjs.org/@electric-sql%2fpglite-tools cache-miss
108 http fetch GET 200 https://registry.npmjs.org/pathe 86ms (cache stale)
109 silly packumentCache full:https://registry.npmjs.org/pathe set size:68788 disposed:false
110 silly fetch manifest @electric-sql/pglite-socket@0.1.3
111 silly packumentCache full:https://registry.npmjs.org/@electric-sql%2fpglite-socket cache-miss
112 http fetch GET 200 https://registry.npmjs.org/c12 92ms (cache stale)
113 silly packumentCache full:https://registry.npmjs.org/c12 set size:188644 disposed:false
114 silly fetch manifest @prisma/query-plan-executor@7.2.0
115 silly packumentCache full:https://registry.npmjs.org/@prisma%2fquery-plan-executor cache-miss
116 http fetch GET 200 https://registry.npmjs.org/std-env 93ms (cache stale)
117 silly packumentCache full:https://registry.npmjs.org/std-env set size:90491 disposed:false
118 silly fetch manifest @prisma/debug@7.9.1
119 silly packumentCache full:https://registry.npmjs.org/@prisma%2fdebug cache-miss
120 http fetch GET 200 https://registry.npmjs.org/valibot 97ms (cache stale)
121 silly packumentCache full:https://registry.npmjs.org/valibot set size:258931 disposed:false
122 silly fetch manifest @prisma/fetch-engine@7.9.1
123 silly packumentCache full:https://registry.npmjs.org/@prisma%2ffetch-engine cache-miss
124 http fetch GET 200 https://registry.npmjs.org/remeda 105ms (cache stale)
125 silly packumentCache full:https://registry.npmjs.org/remeda set size:807125 disposed:false
126 silly fetch manifest @prisma/get-platform@7.9.1
127 silly packumentCache full:https://registry.npmjs.org/@prisma%2fget-platform cache-miss
128 http fetch GET 200 https://registry.npmjs.org/effect 144ms (cache stale)
129 silly packumentCache full:https://registry.npmjs.org/effect set size:10286679 disposed:false
130 silly fetch manifest @prisma/engines-version@7.9.0-1.e922089b7d7502aff4249d5da3420f6fa55fc6ad
131 silly packumentCache full:https://registry.npmjs.org/@prisma%2fengines-version cache-miss
132 http fetch GET 200 https://registry.npmjs.org/find-my-way 243ms (cache stale)
133 silly packumentCache full:https://registry.npmjs.org/find-my-way set size:338080 disposed:false
134 silly fetch manifest @radix-ui/react-toggle@1.1.10
135 silly packumentCache full:https://registry.npmjs.org/@radix-ui%2freact-toggle cache-miss
136 http fetch GET 200 https://registry.npmjs.org/get-port-please 249ms (cache stale)
137 silly packumentCache full:https://registry.npmjs.org/get-port-please set size:58285 disposed:false
138 silly fetch manifest @visx/curve@4.0.1-alpha.0
139 silly packumentCache full:https://registry.npmjs.org/@visx%2fcurve cache-miss
140 http fetch GET 200 https://registry.npmjs.org/foreground-child 252ms (cache stale)
141 silly packumentCache full:https://registry.npmjs.org/foreground-child set size:71503 disposed:false
142 silly fetch manifest @visx/event@4.0.1-alpha.0
143 silly packumentCache full:https://registry.npmjs.org/@visx%2fevent cache-miss
144 http fetch GET 200 https://registry.npmjs.org/zeptomatch 262ms (cache stale)
145 silly packumentCache full:https://registry.npmjs.org/zeptomatch set size:30766 disposed:false
146 silly fetch manifest @visx/grid@4.0.1-alpha.0
147 silly packumentCache full:https://registry.npmjs.org/@visx%2fgrid cache-miss
148 http fetch GET 200 https://registry.npmjs.org/proper-lockfile 266ms (cache stale)
149 silly packumentCache full:https://registry.npmjs.org/proper-lockfile set size:82421 disposed:false
150 silly fetch manifest @visx/group@4.0.1-alpha.0
151 silly packumentCache full:https://registry.npmjs.org/@visx%2fgroup cache-miss
152 http fetch GET 200 https://registry.npmjs.org/@electric-sql%2fpglite 271ms (cache stale)
153 silly packumentCache full:https://registry.npmjs.org/@electric-sql%2fpglite set size:344589 disposed:false
154 silly fetch manifest @visx/responsive@4.0.1-alpha.0
155 silly packumentCache full:https://registry.npmjs.org/@visx%2fresponsive cache-miss
156 http fetch GET 200 https://registry.npmjs.org/@prisma%2fget-platform 370ms (cache stale)
157 silly packumentCache full:https://registry.npmjs.org/@prisma%2fget-platform set size:28570750 disposed:false
158 silly fetch manifest @visx/scale@4.0.1-alpha.0
159 silly packumentCache full:https://registry.npmjs.org/@visx%2fscale cache-miss
160 http fetch GET 200 https://registry.npmjs.org/@electric-sql%2fpglite-socket 534ms (cache stale)
161 silly packumentCache full:https://registry.npmjs.org/@electric-sql%2fpglite-socket set size:117381 disposed:false
162 silly fetch manifest @visx/shape@4.0.1-alpha.0
163 silly packumentCache full:https://registry.npmjs.org/@visx%2fshape cache-miss
164 http fetch GET 200 https://registry.npmjs.org/@electric-sql%2fpglite-tools 543ms (cache stale)
165 silly packumentCache full:https://registry.npmjs.org/@electric-sql%2fpglite-tools set size:94133 disposed:false
166 silly fetch manifest d3-array@3.2.4
167 silly packumentCache full:https://registry.npmjs.org/d3-array cache-miss
168 http fetch GET 200 https://registry.npmjs.org/@prisma%2fstreams-local 557ms (cache stale)
169 silly packumentCache full:https://registry.npmjs.org/@prisma%2fstreams-local set size:32950 disposed:false
170 silly fetch manifest d3-shape@3.2.0
171 silly packumentCache full:https://registry.npmjs.org/d3-shape cache-miss
172 http fetch GET 200 https://registry.npmjs.org/@prisma%2fquery-plan-executor 548ms (cache stale)
173 silly packumentCache full:https://registry.npmjs.org/@prisma%2fquery-plan-executor set size:1827848 disposed:false
174 silly fetch manifest elkjs@0.11.1
175 silly packumentCache full:https://registry.npmjs.org/elkjs cache-miss
176 http fetch GET 200 https://registry.npmjs.org/@prisma%2fget-platform 635ms (cache stale)
177 silly packumentCache full:https://registry.npmjs.org/@prisma%2fget-platform set size:28570750 disposed:false
178 silly fetch manifest long@^5.2.1
179 silly packumentCache full:https://registry.npmjs.org/long cache-miss
180 http fetch GET 200 https://registry.npmjs.org/@prisma%2fengines-version 818ms (cache stale)
181 silly packumentCache full:https://registry.npmjs.org/@prisma%2fengines-version set size:9940750 disposed:false
182 silly fetch manifest denque@^2.1.0
183 silly packumentCache full:https://registry.npmjs.org/denque cache-miss
184 http fetch GET 200 https://registry.npmjs.org/@prisma%2ffetch-engine 1111ms (cache stale)
185 silly packumentCache full:https://registry.npmjs.org/@prisma%2ffetch-engine set size:32482255 disposed:false
186 silly fetch manifest lru.min@^1.0.0
187 silly packumentCache full:https://registry.npmjs.org/lru.min cache-miss
188 http fetch GET 200 https://registry.npmjs.org/@visx%2fevent 1301ms (cache stale)
189 silly packumentCache full:https://registry.npmjs.org/@visx%2fevent set size:67383 disposed:false
190 silly fetch manifest seq-queue@^0.0.5
191 silly packumentCache full:https://registry.npmjs.org/seq-queue cache-miss
192 http fetch GET 200 https://registry.npmjs.org/@visx%2fcurve 1310ms (cache stale)
193 silly packumentCache full:https://registry.npmjs.org/@visx%2fcurve set size:56664 disposed:false
194 silly fetch manifest sqlstring@^2.3.2
195 silly packumentCache full:https://registry.npmjs.org/sqlstring cache-miss
196 http fetch GET 200 https://registry.npmjs.org/@visx%2fgrid 1302ms (cache stale)
197 silly packumentCache full:https://registry.npmjs.org/@visx%2fgrid set size:142211 disposed:false
198 silly fetch manifest iconv-lite@^0.7.0
199 silly packumentCache full:https://registry.npmjs.org/iconv-lite cache-miss
200 http fetch GET 200 https://registry.npmjs.org/@radix-ui%2freact-toggle 1327ms (cache stale)
201 silly packumentCache full:https://registry.npmjs.org/@radix-ui%2freact-toggle set size:806860 disposed:false
202 silly fetch manifest aws-ssl-profiles@^1.1.1
203 silly packumentCache full:https://registry.npmjs.org/aws-ssl-profiles cache-miss
204 http fetch GET 200 https://registry.npmjs.org/@prisma%2fdebug 1591ms (cache stale)
205 silly packumentCache full:https://registry.npmjs.org/@prisma%2fdebug set size:28880520 disposed:false
206 silly fetch manifest generate-function@^2.3.1
207 silly packumentCache full:https://registry.npmjs.org/generate-function cache-miss
208 http fetch GET 200 https://registry.npmjs.org/@visx%2fgroup 1742ms (cache stale)
209 silly packumentCache full:https://registry.npmjs.org/@visx%2fgroup set size:74664 disposed:false
210 silly fetch manifest named-placeholders@^1.1.3
211 silly packumentCache full:https://registry.npmjs.org/named-placeholders cache-miss
212 http fetch GET 200 https://registry.npmjs.org/@visx%2fresponsive 1736ms (cache stale)
213 silly packumentCache full:https://registry.npmjs.org/@visx%2fresponsive set size:117776 disposed:false
214 http fetch GET 200 https://registry.npmjs.org/@visx%2fscale 1446ms (cache stale)
215 silly packumentCache full:https://registry.npmjs.org/@visx%2fscale set size:88572 disposed:false
216 http fetch GET 200 https://registry.npmjs.org/@visx%2fshape 1430ms (cache stale)
217 silly packumentCache full:https://registry.npmjs.org/@visx%2fshape set size:137497 disposed:false
218 http fetch GET 200 https://registry.npmjs.org/d3-array 1431ms (cache stale)
219 silly packumentCache full:https://registry.npmjs.org/d3-array set size:246308 disposed:false
220 http fetch GET 200 https://registry.npmjs.org/d3-shape 1433ms (cache stale)
221 silly packumentCache full:https://registry.npmjs.org/d3-shape set size:275657 disposed:false
222 http fetch GET 200 https://registry.npmjs.org/denque 944ms (cache stale)
223 silly packumentCache full:https://registry.npmjs.org/denque set size:62908 disposed:false
224 http fetch GET 200 https://registry.npmjs.org/elkjs 1415ms (cache stale)
225 silly packumentCache full:https://registry.npmjs.org/elkjs set size:90830 disposed:false
226 http fetch GET 200 https://registry.npmjs.org/long 1042ms (cache stale)
227 silly packumentCache full:https://registry.npmjs.org/long set size:80704 disposed:false
228 http fetch GET 200 https://registry.npmjs.org/lru.min 519ms (cache stale)
229 silly packumentCache full:https://registry.npmjs.org/lru.min set size:51593 disposed:false
230 http fetch GET 200 https://registry.npmjs.org/seq-queue 517ms (cache stale)
231 silly packumentCache full:https://registry.npmjs.org/seq-queue set size:10958 disposed:false
232 http fetch GET 200 https://registry.npmjs.org/aws-ssl-profiles 491ms (cache stale)
233 silly packumentCache full:https://registry.npmjs.org/aws-ssl-profiles set size:13721 disposed:false
234 http fetch GET 200 https://registry.npmjs.org/iconv-lite 510ms (cache stale)
235 silly packumentCache full:https://registry.npmjs.org/iconv-lite set size:126462 disposed:false
236 http fetch GET 200 https://registry.npmjs.org/sqlstring 519ms (cache stale)
237 silly packumentCache full:https://registry.npmjs.org/sqlstring set size:31678 disposed:false
238 http fetch GET 200 https://registry.npmjs.org/generate-function 80ms (cache stale)
239 silly packumentCache full:https://registry.npmjs.org/generate-function set size:22290 disposed:false
240 http fetch GET 200 https://registry.npmjs.org/named-placeholders 71ms (cache stale)
241 silly packumentCache full:https://registry.npmjs.org/named-placeholders set size:20384 disposed:false
242 silly fetch manifest magicast@*
243 silly packumentCache full:https://registry.npmjs.org/magicast cache-miss
244 http fetch GET 200 https://registry.npmjs.org/magicast 7ms (cache stale)
245 silly packumentCache full:https://registry.npmjs.org/magicast set size:87467 disposed:false
246 silly placeDep ROOT c12@3.3.4 OK for: @prisma/config@7.9.1 want: 3.3.4
247 silly placeDep ROOT deepmerge-ts@7.1.5 OK for: @prisma/config@7.9.1 want: 7.1.5
248 silly placeDep ROOT effect@3.20.0 OK for: @prisma/config@7.9.1 want: 3.20.0
249 silly placeDep ROOT empathic@2.0.0 OK for: @prisma/config@7.9.1 want: 2.0.0
250 silly fetch manifest rc9@^3.0.1
251 silly packumentCache full:https://registry.npmjs.org/rc9 cache-miss
252 silly fetch manifest defu@^6.1.6
253 silly packumentCache full:https://registry.npmjs.org/defu cache-miss
254 silly fetch manifest jiti@^2.6.1
255 silly packumentCache full:https://registry.npmjs.org/jiti cache-miss
256 silly fetch manifest giget@^3.2.0
257 silly packumentCache full:https://registry.npmjs.org/giget cache-miss
258 silly fetch manifest ohash@^2.0.11
259 silly packumentCache full:https://registry.npmjs.org/ohash cache-miss
260 silly fetch manifest pathe@^2.0.3
261 silly packumentCache full:https://registry.npmjs.org/pathe cache-hit
262 silly fetch manifest confbox@^0.2.4
263 silly packumentCache full:https://registry.npmjs.org/confbox cache-miss
264 silly fetch manifest exsolve@^1.0.8
265 silly packumentCache full:https://registry.npmjs.org/exsolve cache-miss
266 silly fetch manifest chokidar@^5.0.0
267 silly packumentCache full:https://registry.npmjs.org/chokidar cache-miss
268 silly fetch manifest pkg-types@^2.3.0
269 silly packumentCache full:https://registry.npmjs.org/pkg-types cache-miss
270 silly fetch manifest perfect-debounce@^2.1.0
271 silly packumentCache full:https://registry.npmjs.org/perfect-debounce cache-miss
272 silly fetch manifest fast-check@^3.23.1
273 silly packumentCache full:https://registry.npmjs.org/fast-check cache-miss
274 silly fetch manifest @standard-schema/spec@^1.0.0
275 silly packumentCache full:https://registry.npmjs.org/@standard-schema%2fspec cache-miss
276 http fetch GET 200 https://registry.npmjs.org/rc9 34ms (cache stale)
277 silly packumentCache full:https://registry.npmjs.org/rc9 set size:62610 disposed:false
278 http fetch GET 200 https://registry.npmjs.org/exsolve 33ms (cache stale)
279 silly packumentCache full:https://registry.npmjs.org/exsolve set size:60813 disposed:false
280 http fetch GET 200 https://registry.npmjs.org/jiti 38ms (cache stale)
281 silly packumentCache full:https://registry.npmjs.org/jiti set size:387989 disposed:false
282 http fetch GET 200 https://registry.npmjs.org/defu 46ms (cache stale)
283 silly packumentCache full:https://registry.npmjs.org/defu set size:87806 disposed:false
284 http fetch GET 200 https://registry.npmjs.org/giget 49ms (cache stale)
285 silly packumentCache full:https://registry.npmjs.org/giget set size:102437 disposed:false
286 http fetch GET 200 https://registry.npmjs.org/chokidar 48ms (cache stale)
287 silly packumentCache full:https://registry.npmjs.org/chokidar set size:255902 disposed:false
288 http fetch GET 200 https://registry.npmjs.org/confbox 54ms (cache stale)
289 silly packumentCache full:https://registry.npmjs.org/confbox set size:44789 disposed:false
290 http fetch GET 200 https://registry.npmjs.org/ohash 57ms (cache stale)
291 silly packumentCache full:https://registry.npmjs.org/ohash set size:69122 disposed:false
292 http fetch GET 200 https://registry.npmjs.org/perfect-debounce 57ms (cache stale)
293 silly packumentCache full:https://registry.npmjs.org/perfect-debounce set size:28201 disposed:false
294 http fetch GET 200 https://registry.npmjs.org/pkg-types 60ms (cache stale)
295 silly packumentCache full:https://registry.npmjs.org/pkg-types set size:90685 disposed:false
296 http fetch GET 200 https://registry.npmjs.org/@standard-schema%2fspec 60ms (cache stale)
297 silly packumentCache full:https://registry.npmjs.org/@standard-schema%2fspec set size:27284 disposed:false
298 http fetch GET 200 https://registry.npmjs.org/fast-check 65ms (cache stale)
299 silly packumentCache full:https://registry.npmjs.org/fast-check set size:902374 disposed:false
300 silly fetch manifest typescript@>=5
301 silly packumentCache full:https://registry.npmjs.org/typescript cache-miss
302 http fetch GET 200 https://registry.npmjs.org/typescript 49ms (cache stale)
303 silly packumentCache full:https://registry.npmjs.org/typescript set size:15509764 disposed:false
304 silly placeDep ROOT @electric-sql/pglite@0.4.3 OK for: @prisma/dev@0.24.17 want: 0.4.3
305 silly placeDep ROOT @electric-sql/pglite-socket@0.1.3 OK for: @prisma/dev@0.24.17 want: 0.1.3
306 silly placeDep ROOT @electric-sql/pglite-tools@0.3.3 OK for: @prisma/dev@0.24.17 want: 0.3.3
307 silly placeDep ROOT @prisma/get-platform@7.2.0 OK for: @prisma/dev@0.24.17 want: 7.2.0
308 silly placeDep ROOT @prisma/query-plan-executor@7.2.0 OK for: @prisma/dev@0.24.17 want: 7.2.0
309 silly placeDep ROOT @prisma/streams-local@0.1.11 OK for: @prisma/dev@0.24.17 want: 0.1.11
310 silly placeDep ROOT find-my-way@9.7.0 OK for: @prisma/dev@0.24.17 want: 9.7.0
311 silly placeDep ROOT foreground-child@3.3.1 REPLACE for: @prisma/dev@0.24.17 want: 3.3.1
312 silly placeDep ROOT get-port-please@3.2.0 OK for: @prisma/dev@0.24.17 want: 3.2.0
313 silly placeDep ROOT pathe@2.0.3 OK for: @prisma/dev@0.24.17 want: 2.0.3
314 silly placeDep ROOT proper-lockfile@4.1.2 OK for: @prisma/dev@0.24.17 want: 4.1.2
315 silly placeDep ROOT remeda@2.33.4 OK for: @prisma/dev@0.24.17 want: 2.33.4
316 silly placeDep ROOT std-env@3.10.0 REPLACE for: @prisma/dev@0.24.17 want: 3.10.0
317 silly placeDep ROOT valibot@1.4.2 OK for: @prisma/dev@0.24.17 want: 1.4.2
318 silly placeDep ROOT zeptomatch@2.1.0 OK for: @prisma/dev@0.24.17 want: 2.1.0
319 silly fetch manifest @prisma/debug@7.2.0
320 silly packumentCache full:https://registry.npmjs.org/@prisma%2fdebug cache-miss
321 silly fetch manifest ajv@^8.12.0
322 silly packumentCache full:https://registry.npmjs.org/ajv cache-miss
323 silly fetch manifest better-result@^2.7.0
324 silly packumentCache full:https://registry.npmjs.org/better-result cache-miss
325 silly fetch manifest env-paths@^3.0.0
326 silly packumentCache full:https://registry.npmjs.org/env-paths cache-miss
327 silly fetch manifest proper-lockfile@^4.1.2
328 silly packumentCache full:https://registry.npmjs.org/proper-lockfile cache-hit
329 silly fetch manifest fast-querystring@^1.0.0
330 silly packumentCache full:https://registry.npmjs.org/fast-querystring cache-miss
331 silly fetch manifest safe-regex2@^5.0.0
332 silly packumentCache full:https://registry.npmjs.org/safe-regex2 cache-miss
333 silly fetch manifest cross-spawn@^7.0.6
334 silly packumentCache full:https://registry.npmjs.org/cross-spawn cache-miss
335 silly fetch manifest retry@^0.12.0
336 silly packumentCache full:https://registry.npmjs.org/retry cache-miss
337 silly fetch manifest signal-exit@^3.0.2
338 silly packumentCache full:https://registry.npmjs.org/signal-exit cache-miss
339 silly fetch manifest grammex@^3.1.11
340 silly packumentCache full:https://registry.npmjs.org/grammex cache-miss
341 silly fetch manifest graphmatch@^1.1.0
342 silly packumentCache full:https://registry.npmjs.org/graphmatch cache-miss
343 http fetch GET 200 https://registry.npmjs.org/better-result 48ms (cache stale)
344 silly packumentCache full:https://registry.npmjs.org/better-result set size:84410 disposed:false
345 http fetch GET 200 https://registry.npmjs.org/safe-regex2 52ms (cache stale)
346 silly packumentCache full:https://registry.npmjs.org/safe-regex2 set size:24611 disposed:false
347 http fetch GET 200 https://registry.npmjs.org/fast-querystring 55ms (cache stale)
348 silly packumentCache full:https://registry.npmjs.org/fast-querystring set size:68476 disposed:false
349 http fetch GET 200 https://registry.npmjs.org/cross-spawn 56ms (cache stale)
350 silly packumentCache full:https://registry.npmjs.org/cross-spawn set size:109066 disposed:false
351 http fetch GET 200 https://registry.npmjs.org/ajv 66ms (cache stale)
352 silly packumentCache full:https://registry.npmjs.org/ajv set size:1142658 disposed:false
353 http fetch GET 200 https://registry.npmjs.org/retry 77ms (cache stale)
354 silly packumentCache full:https://registry.npmjs.org/retry set size:31161 disposed:false
355 http fetch GET 200 https://registry.npmjs.org/env-paths 83ms (cache stale)
356 silly packumentCache full:https://registry.npmjs.org/env-paths set size:26913 disposed:false
357 http fetch GET 200 https://registry.npmjs.org/@prisma%2fdebug 169ms (cache stale)
358 silly packumentCache full:https://registry.npmjs.org/@prisma%2fdebug set size:28880520 disposed:false
359 http fetch GET 200 https://registry.npmjs.org/signal-exit 368ms (cache stale)
360 silly packumentCache full:https://registry.npmjs.org/signal-exit set size:53489 disposed:false
361 http fetch GET 200 https://registry.npmjs.org/grammex 369ms (cache stale)
362 silly packumentCache full:https://registry.npmjs.org/grammex set size:50124 disposed:false
363 http fetch GET 200 https://registry.npmjs.org/graphmatch 373ms (cache stale)
364 silly packumentCache full:https://registry.npmjs.org/graphmatch set size:13700 disposed:false
365 silly placeDep ROOT @prisma/debug@7.9.1 OK for: @prisma/engines@7.9.1 want: 7.9.1
366 silly placeDep ROOT @prisma/engines-version@7.9.0-1.e922089b7d7502aff4249d5da3420f6fa55fc6ad OK for: @prisma/engines@7.9.1 want: 7.9.0-1.e922089b7d7502aff4249d5da3420f6fa55fc6ad
367 silly placeDep ROOT @prisma/fetch-engine@7.9.1 OK for: @prisma/engines@7.9.1 want: 7.9.1
368 silly placeDep node_modules/@prisma/engines @prisma/get-platform@7.9.1 OK for: @prisma/engines@7.9.1 want: 7.9.1
369 silly placeDep node_modules/@prisma/fetch-engine @prisma/get-platform@7.9.1 OK for: @prisma/fetch-engine@7.9.1 want: 7.9.1
370 silly placeDep node_modules/@prisma/get-platform @prisma/debug@7.2.0 OK for: @prisma/get-platform@7.2.0 want: 7.2.0
371 silly placeDep node_modules/@prisma/streams-local ajv@8.20.0 OK for: @prisma/streams-local@0.1.11 want: ^8.12.0
372 silly placeDep ROOT better-result@2.10.0 OK for: @prisma/streams-local@0.1.11 want: ^2.7.0
373 silly placeDep ROOT env-paths@3.0.0 OK for: @prisma/streams-local@0.1.11 want: ^3.0.0
374 silly fetch manifest fast-uri@^3.0.1
375 silly packumentCache full:https://registry.npmjs.org/fast-uri cache-miss
376 silly fetch manifest json-schema-traverse@^1.0.0
377 silly packumentCache full:https://registry.npmjs.org/json-schema-traverse cache-miss
378 silly fetch manifest require-from-string@^2.0.2
379 silly packumentCache full:https://registry.npmjs.org/require-from-string cache-miss
380 http fetch GET 200 https://registry.npmjs.org/json-schema-traverse 10ms (cache stale)
381 silly packumentCache full:https://registry.npmjs.org/json-schema-traverse set size:23537 disposed:false
382 http fetch GET 200 https://registry.npmjs.org/fast-uri 13ms (cache stale)
383 silly packumentCache full:https://registry.npmjs.org/fast-uri set size:91614 disposed:false
384 http fetch GET 200 https://registry.npmjs.org/require-from-string 14ms (cache stale)
385 silly packumentCache full:https://registry.npmjs.org/require-from-string set size:15128 disposed:false
386 silly fetch manifest @types/react-dom@*
387 silly packumentCache full:https://registry.npmjs.org/@types%2freact-dom cache-miss
388 http fetch GET 200 https://registry.npmjs.org/@types%2freact-dom 8ms (cache stale)
389 silly packumentCache full:https://registry.npmjs.org/@types%2freact-dom set size:432855 disposed:false
390 silly placeDep node_modules/@prisma/studio-core @radix-ui/react-toggle@1.1.10 CONFLICT for: @prisma/studio-core@0.33.0 want: 1.1.10
391 silly placeDep ROOT @visx/curve@4.0.1-alpha.0 OK for: @prisma/studio-core@0.33.0 want: 4.0.1-alpha.0
392 silly placeDep ROOT @visx/event@4.0.1-alpha.0 OK for: @prisma/studio-core@0.33.0 want: 4.0.1-alpha.0
393 silly placeDep ROOT @visx/grid@4.0.1-alpha.0 OK for: @prisma/studio-core@0.33.0 want: 4.0.1-alpha.0
394 silly placeDep ROOT @visx/group@4.0.1-alpha.0 OK for: @prisma/studio-core@0.33.0 want: 4.0.1-alpha.0
395 silly placeDep ROOT @visx/responsive@4.0.1-alpha.0 OK for: @prisma/studio-core@0.33.0 want: 4.0.1-alpha.0
396 silly placeDep ROOT @visx/scale@4.0.1-alpha.0 OK for: @prisma/studio-core@0.33.0 want: 4.0.1-alpha.0
397 silly placeDep ROOT @visx/shape@4.0.1-alpha.0 OK for: @prisma/studio-core@0.33.0 want: 4.0.1-alpha.0
398 silly placeDep ROOT d3-array@3.2.4 OK for: @prisma/studio-core@0.33.0 want: 3.2.4
399 silly placeDep ROOT d3-shape@3.2.0 OK for: @prisma/studio-core@0.33.0 want: 3.2.0
400 silly placeDep ROOT elkjs@0.11.1 OK for: @prisma/studio-core@0.33.0 want: 0.11.1
401 silly fetch manifest @radix-ui/primitive@1.1.3
402 silly packumentCache full:https://registry.npmjs.org/@radix-ui%2fprimitive cache-miss
403 silly fetch manifest @radix-ui/react-primitive@2.1.3
404 silly packumentCache full:https://registry.npmjs.org/@radix-ui%2freact-primitive cache-miss
405 silly fetch manifest @radix-ui/react-use-controllable-state@1.2.2
406 silly packumentCache full:https://registry.npmjs.org/@radix-ui%2freact-use-controllable-state cache-miss
407 silly fetch manifest @visx/vendor@4.0.0-alpha.0
408 silly packumentCache full:https://registry.npmjs.org/@visx%2fvendor cache-miss
409 silly fetch manifest @visx/point@4.0.1-alpha.0
410 silly packumentCache full:https://registry.npmjs.org/@visx%2fpoint cache-miss
411 silly fetch manifest classnames@^2.3.1
412 silly packumentCache full:https://registry.npmjs.org/classnames cache-miss
413 silly fetch manifest @visx/point@4.0.1-alpha.0
414 silly packumentCache full:https://registry.npmjs.org/@visx%2fpoint cache-miss
415 silly fetch manifest classnames@^2.3.1
416 silly packumentCache full:https://registry.npmjs.org/classnames cache-miss
417 silly fetch manifest @types/lodash@^4.17.13
418 silly packumentCache full:https://registry.npmjs.org/@types%2flodash cache-miss
419 silly fetch manifest @visx/vendor@4.0.0-alpha.0
420 silly packumentCache full:https://registry.npmjs.org/@visx%2fvendor cache-miss
421 silly fetch manifest classnames@^2.3.1
422 silly packumentCache full:https://registry.npmjs.org/classnames cache-miss
423 silly fetch manifest @visx/vendor@4.0.0-alpha.0
424 silly packumentCache full:https://registry.npmjs.org/@visx%2fvendor cache-miss
425 silly fetch manifest @types/lodash@^4.17.13
426 silly packumentCache full:https://registry.npmjs.org/@types%2flodash cache-miss
427 silly fetch manifest internmap@1 - 2
428 silly packumentCache full:https://registry.npmjs.org/internmap cache-miss
429 silly fetch manifest d3-path@^3.1.0
430 silly packumentCache full:https://registry.npmjs.org/d3-path cache-miss
431 http fetch GET 200 https://registry.npmjs.org/@visx%2fvendor 45ms (cache stale)
432 silly packumentCache full:https://registry.npmjs.org/@visx%2fvendor set size:50206 disposed:false
433 http fetch GET 200 https://registry.npmjs.org/@radix-ui%2fprimitive 49ms (cache stale)
434 silly packumentCache full:https://registry.npmjs.org/@radix-ui%2fprimitive set size:210937 disposed:false
435 http fetch GET 200 https://registry.npmjs.org/@radix-ui%2freact-use-controllable-state 51ms (cache stale)
436 silly packumentCache full:https://registry.npmjs.org/@radix-ui%2freact-use-controllable-state set size:342904 disposed:false
437 http fetch GET 200 https://registry.npmjs.org/classnames 53ms (cache stale)
438 silly packumentCache full:https://registry.npmjs.org/classnames set size:63028 disposed:false
439 http fetch GET 200 https://registry.npmjs.org/@visx%2fvendor 54ms (cache stale)
440 silly packumentCache full:https://registry.npmjs.org/@visx%2fvendor set size:50206 disposed:false
441 silly packumentCache full:https://registry.npmjs.org/@visx%2fvendor dispose
442 http fetch GET 200 https://registry.npmjs.org/classnames 56ms (cache stale)
443 silly packumentCache full:https://registry.npmjs.org/classnames set size:63028 disposed:false
444 silly packumentCache full:https://registry.npmjs.org/classnames dispose
445 http fetch GET 200 https://registry.npmjs.org/@visx%2fpoint 60ms (cache stale)
446 silly packumentCache full:https://registry.npmjs.org/@visx%2fpoint set size:55895 disposed:false
447 http fetch GET 200 https://registry.npmjs.org/@visx%2fvendor 58ms (cache stale)
448 silly packumentCache full:https://registry.npmjs.org/@visx%2fvendor set size:50206 disposed:true
449 silly packumentCache full:https://registry.npmjs.org/@visx%2fvendor dispose
450 http fetch GET 200 https://registry.npmjs.org/@radix-ui%2freact-primitive 67ms (cache stale)
451 silly packumentCache full:https://registry.npmjs.org/@radix-ui%2freact-primitive set size:724066 disposed:false
452 http fetch GET 200 https://registry.npmjs.org/@types%2flodash 72ms (cache stale)
453 silly packumentCache full:https://registry.npmjs.org/@types%2flodash set size:494468 disposed:false
454 http fetch GET 200 https://registry.npmjs.org/classnames 76ms (cache stale)
455 silly packumentCache full:https://registry.npmjs.org/classnames set size:63028 disposed:true
456 silly packumentCache full:https://registry.npmjs.org/classnames dispose
457 http fetch GET 200 https://registry.npmjs.org/internmap 74ms (cache stale)
458 silly packumentCache full:https://registry.npmjs.org/internmap set size:19637 disposed:false
459 http fetch GET 200 https://registry.npmjs.org/d3-path 75ms (cache stale)
460 silly packumentCache full:https://registry.npmjs.org/d3-path set size:77883 disposed:false
461 http fetch GET 200 https://registry.npmjs.org/@types%2flodash 81ms (cache stale)
462 silly packumentCache full:https://registry.npmjs.org/@types%2flodash set size:494468 disposed:false
463 silly packumentCache full:https://registry.npmjs.org/@types%2flodash dispose
464 http fetch GET 200 https://registry.npmjs.org/@visx%2fpoint 92ms (cache stale)
465 silly packumentCache full:https://registry.npmjs.org/@visx%2fpoint set size:55895 disposed:false
466 silly packumentCache full:https://registry.npmjs.org/@visx%2fpoint dispose
467 silly placeDep ROOT @visx/vendor@4.0.0-alpha.0 OK for: @visx/curve@4.0.1-alpha.0 want: 4.0.0-alpha.0
468 silly fetch manifest d3-geo@3.1.0
469 silly packumentCache full:https://registry.npmjs.org/d3-geo cache-miss
470 silly fetch manifest d3-path@3.1.0
471 silly packumentCache full:https://registry.npmjs.org/d3-path cache-hit
472 silly fetch manifest d3-time@3.1.0
473 silly packumentCache full:https://registry.npmjs.org/d3-time cache-miss
474 silly fetch manifest d3-array@3.2.1
475 silly packumentCache full:https://registry.npmjs.org/d3-array cache-hit
476 silly fetch manifest d3-color@3.1.0
477 silly packumentCache full:https://registry.npmjs.org/d3-color cache-miss
478 silly fetch manifest d3-scale@4.0.2
479 silly packumentCache full:https://registry.npmjs.org/d3-scale cache-miss
480 silly fetch manifest d3-format@3.1.0
481 silly packumentCache full:https://registry.npmjs.org/d3-format cache-miss
482 silly fetch manifest internmap@2.0.3
483 silly packumentCache full:https://registry.npmjs.org/internmap cache-hit
484 silly fetch manifest d3-delaunay@6.0.2
485 silly packumentCache full:https://registry.npmjs.org/d3-delaunay cache-miss
486 silly fetch manifest @types/d3-geo@3.1.0
487 silly packumentCache full:https://registry.npmjs.org/@types%2fd3-geo cache-miss
488 silly fetch manifest @types/d3-path@3.1.1
489 silly packumentCache full:https://registry.npmjs.org/@types%2fd3-path cache-miss
490 silly fetch manifest @types/d3-time@3.0.0
491 silly packumentCache full:https://registry.npmjs.org/@types%2fd3-time cache-miss
492 silly fetch manifest d3-interpolate@3.0.1
493 silly packumentCache full:https://registry.npmjs.org/d3-interpolate cache-miss
494 silly fetch manifest d3-time-format@4.1.0
495 silly packumentCache full:https://registry.npmjs.org/d3-time-format cache-miss
496 silly fetch manifest @types/d3-array@3.0.3
497 silly packumentCache full:https://registry.npmjs.org/@types%2fd3-array cache-miss
498 silly fetch manifest @types/d3-color@3.1.0
499 silly packumentCache full:https://registry.npmjs.org/@types%2fd3-color cache-miss
500 silly fetch manifest @types/d3-scale@4.0.2
501 silly packumentCache full:https://registry.npmjs.org/@types%2fd3-scale cache-miss
502 silly fetch manifest @types/d3-shape@3.1.7
503 silly packumentCache full:https://registry.npmjs.org/@types%2fd3-shape cache-miss
504 http fetch GET 200 https://registry.npmjs.org/d3-scale 73ms (cache stale)
505 silly packumentCache full:https://registry.npmjs.org/d3-scale set size:514172 disposed:false
506 silly fetch manifest @types/d3-format@3.0.1
507 silly packumentCache full:https://registry.npmjs.org/@types%2fd3-format cache-miss
508 http fetch GET 200 https://registry.npmjs.org/d3-time 81ms (cache stale)
509 silly packumentCache full:https://registry.npmjs.org/d3-time set size:150406 disposed:false
510 silly fetch manifest @types/d3-delaunay@6.0.1
511 silly packumentCache full:https://registry.npmjs.org/@types%2fd3-delaunay cache-miss
512 http fetch GET 200 https://registry.npmjs.org/d3-geo 85ms (cache stale)
513 silly packumentCache full:https://registry.npmjs.org/d3-geo set size:350591 disposed:false
514 silly fetch manifest @types/d3-interpolate@3.0.1
515 silly packumentCache full:https://registry.npmjs.org/@types%2fd3-interpolate cache-miss
516 http fetch GET 200 https://registry.npmjs.org/d3-color 90ms (cache stale)
517 silly packumentCache full:https://registry.npmjs.org/d3-color set size:142335 disposed:false
518 silly fetch manifest @types/d3-time-format@2.1.0
519 silly packumentCache full:https://registry.npmjs.org/@types%2fd3-time-format cache-miss
520 http fetch GET 200 https://registry.npmjs.org/d3-delaunay 91ms (cache stale)
521 silly packumentCache full:https://registry.npmjs.org/d3-delaunay set size:187894 disposed:false
522 http fetch GET 200 https://registry.npmjs.org/@types%2fd3-geo 94ms (cache stale)
523 silly packumentCache full:https://registry.npmjs.org/@types%2fd3-geo set size:104642 disposed:false
524 http fetch GET 200 https://registry.npmjs.org/d3-format 99ms (cache stale)
525 silly packumentCache full:https://registry.npmjs.org/d3-format set size:107249 disposed:false
526 http fetch GET 200 https://registry.npmjs.org/@types%2fd3-path 98ms (cache stale)
527 silly packumentCache full:https://registry.npmjs.org/@types%2fd3-path set size:41268 disposed:false
528 http fetch GET 200 https://registry.npmjs.org/@types%2fd3-array 97ms (cache stale)
529 silly packumentCache full:https://registry.npmjs.org/@types%2fd3-array set size:130543 disposed:false
530 http fetch GET 200 https://registry.npmjs.org/d3-time-format 101ms (cache stale)
531 silly packumentCache full:https://registry.npmjs.org/d3-time-format set size:124514 disposed:false
532 http fetch GET 200 https://registry.npmjs.org/@types%2fd3-color 98ms (cache stale)
533 silly packumentCache full:https://registry.npmjs.org/@types%2fd3-color set size:69998 disposed:false
534 http fetch GET 200 https://registry.npmjs.org/@types%2fd3-time 106ms (cache stale)
535 silly packumentCache full:https://registry.npmjs.org/@types%2fd3-time set size:52652 disposed:false
536 http fetch GET 200 https://registry.npmjs.org/d3-interpolate 106ms (cache stale)
537 silly packumentCache full:https://registry.npmjs.org/d3-interpolate set size:162337 disposed:false
538 http fetch GET 200 https://registry.npmjs.org/@types%2fd3-shape 102ms (cache stale)
539 silly packumentCache full:https://registry.npmjs.org/@types%2fd3-shape set size:115816 disposed:false
540 http fetch GET 200 https://registry.npmjs.org/@types%2fd3-scale 105ms (cache stale)
541 silly packumentCache full:https://registry.npmjs.org/@types%2fd3-scale set size:131176 disposed:false
542 http fetch GET 200 https://registry.npmjs.org/@types%2fd3-delaunay 45ms (cache stale)
543 silly packumentCache full:https://registry.npmjs.org/@types%2fd3-delaunay set size:30217 disposed:false
544 http fetch GET 200 https://registry.npmjs.org/@types%2fd3-format 50ms (cache stale)
545 silly packumentCache full:https://registry.npmjs.org/@types%2fd3-format set size:60985 disposed:false
546 http fetch GET 200 https://registry.npmjs.org/@types%2fd3-time-format 38ms (cache stale)
547 silly packumentCache full:https://registry.npmjs.org/@types%2fd3-time-format set size:44290 disposed:false
548 http fetch GET 200 https://registry.npmjs.org/@types%2fd3-interpolate 44ms (cache stale)
549 silly packumentCache full:https://registry.npmjs.org/@types%2fd3-interpolate set size:56692 disposed:false
550 silly placeDep ROOT @visx/point@4.0.1-alpha.0 OK for: @visx/event@4.0.1-alpha.0 want: 4.0.1-alpha.0
551 silly placeDep ROOT classnames@2.5.1 OK for: @visx/grid@4.0.1-alpha.0 want: ^2.3.1
552 silly placeDep ROOT @types/lodash@4.17.25 OK for: @visx/responsive@4.0.1-alpha.0 want: ^4.17.13
553 silly placeDep ROOT @types/d3-array@3.0.3 OK for: @visx/vendor@4.0.0-alpha.0 want: 3.0.3
554 silly placeDep ROOT @types/d3-color@3.1.0 OK for: @visx/vendor@4.0.0-alpha.0 want: 3.1.0
555 silly placeDep ROOT @types/d3-delaunay@6.0.1 OK for: @visx/vendor@4.0.0-alpha.0 want: 6.0.1
556 silly placeDep ROOT @types/d3-format@3.0.1 OK for: @visx/vendor@4.0.0-alpha.0 want: 3.0.1
557 silly placeDep ROOT @types/d3-geo@3.1.0 OK for: @visx/vendor@4.0.0-alpha.0 want: 3.1.0
558 silly placeDep ROOT @types/d3-interpolate@3.0.1 OK for: @visx/vendor@4.0.0-alpha.0 want: 3.0.1
559 silly placeDep ROOT @types/d3-path@3.1.1 OK for: @visx/vendor@4.0.0-alpha.0 want: 3.1.1
560 silly placeDep ROOT @types/d3-scale@4.0.2 OK for: @visx/vendor@4.0.0-alpha.0 want: 4.0.2
561 silly placeDep ROOT @types/d3-shape@3.1.7 OK for: @visx/vendor@4.0.0-alpha.0 want: 3.1.7
562 silly placeDep ROOT @types/d3-time@3.0.0 OK for: @visx/vendor@4.0.0-alpha.0 want: 3.0.0
563 silly placeDep ROOT @types/d3-time-format@2.1.0 OK for: @visx/vendor@4.0.0-alpha.0 want: 2.1.0
564 silly placeDep node_modules/@visx/vendor d3-array@3.2.1 OK for: @visx/vendor@4.0.0-alpha.0 want: 3.2.1
565 silly placeDep ROOT d3-color@3.1.0 OK for: @visx/vendor@4.0.0-alpha.0 want: 3.1.0
566 silly placeDep ROOT d3-delaunay@6.0.2 OK for: @visx/vendor@4.0.0-alpha.0 want: 6.0.2
567 silly placeDep ROOT d3-format@3.1.0 OK for: @visx/vendor@4.0.0-alpha.0 want: 3.1.0
568 silly placeDep ROOT d3-geo@3.1.0 OK for: @visx/vendor@4.0.0-alpha.0 want: 3.1.0
569 silly placeDep ROOT d3-interpolate@3.0.1 OK for: @visx/vendor@4.0.0-alpha.0 want: 3.0.1
570 silly placeDep ROOT d3-path@3.1.0 OK for: @visx/vendor@4.0.0-alpha.0 want: 3.1.0
571 silly placeDep ROOT d3-scale@4.0.2 OK for: @visx/vendor@4.0.0-alpha.0 want: 4.0.2
572 silly placeDep ROOT d3-time@3.1.0 OK for: @visx/vendor@4.0.0-alpha.0 want: 3.1.0
573 silly placeDep ROOT d3-time-format@4.1.0 OK for: @visx/vendor@4.0.0-alpha.0 want: 4.1.0
574 silly placeDep ROOT internmap@2.0.3 OK for: @visx/vendor@4.0.0-alpha.0 want: 2.0.3
575 silly fetch manifest @types/geojson@*
576 silly packumentCache full:https://registry.npmjs.org/@types%2fgeojson cache-miss
577 silly fetch manifest @types/d3-time@*
578 silly packumentCache full:https://registry.npmjs.org/@types%2fd3-time cache-hit
579 silly fetch manifest delaunator@5
580 silly packumentCache full:https://registry.npmjs.org/delaunator cache-miss
581 silly fetch manifest d3-time@2.1.1 - 3
582 silly packumentCache full:https://registry.npmjs.org/d3-time cache-hit
583 silly fetch manifest d3-time-format@2 - 4
584 silly packumentCache full:https://registry.npmjs.org/d3-time-format cache-hit
585 http fetch GET 200 https://registry.npmjs.org/delaunator 44ms (cache stale)
586 silly packumentCache full:https://registry.npmjs.org/delaunator set size:123358 disposed:false
587 http fetch GET 200 https://registry.npmjs.org/@types%2fgeojson 48ms (cache stale)
588 silly packumentCache full:https://registry.npmjs.org/@types%2fgeojson set size:66640 disposed:false
589 silly placeDep ROOT @types/geojson@7946.0.16 OK for: @types/d3-geo@3.1.0 want: *
590 silly placeDep node_modules/c12 chokidar@5.0.0 OK for: c12@3.3.4 want: ^5.0.0
591 silly placeDep ROOT confbox@0.2.4 OK for: c12@3.3.4 want: ^0.2.4
592 silly placeDep ROOT defu@6.1.7 OK for: c12@3.3.4 want: ^6.1.6
593 silly placeDep ROOT exsolve@1.1.1 OK for: c12@3.3.4 want: ^1.0.8
594 silly placeDep ROOT giget@3.3.1 OK for: c12@3.3.4 want: ^3.2.0
595 silly placeDep node_modules/c12 jiti@2.7.0 OK for: c12@3.3.4 want: ^2.6.1
596 silly placeDep ROOT ohash@2.0.11 OK for: c12@3.3.4 want: ^2.0.11
597 silly placeDep ROOT perfect-debounce@2.1.0 OK for: c12@3.3.4 want: ^2.1.0
598 silly placeDep ROOT pkg-types@2.3.1 OK for: c12@3.3.4 want: ^2.3.0
599 silly placeDep ROOT rc9@3.0.1 OK for: c12@3.3.4 want: ^3.0.1
600 silly fetch manifest readdirp@^5.0.0
601 silly packumentCache full:https://registry.npmjs.org/readdirp cache-miss
602 silly fetch manifest destr@^2.0.5
603 silly packumentCache full:https://registry.npmjs.org/destr cache-miss
604 http fetch GET 200 https://registry.npmjs.org/readdirp 9ms (cache stale)
605 silly packumentCache full:https://registry.npmjs.org/readdirp set size:107589 disposed:false
606 http fetch GET 200 https://registry.npmjs.org/destr 13ms (cache stale)
607 silly packumentCache full:https://registry.npmjs.org/destr set size:65344 disposed:false
608 silly placeDep ROOT delaunator@5.1.0 OK for: d3-delaunay@6.0.2 want: 5
609 silly fetch manifest robust-predicates@^3.0.2
610 silly packumentCache full:https://registry.npmjs.org/robust-predicates cache-miss
611 http fetch GET 200 https://registry.npmjs.org/robust-predicates 6ms (cache stale)
612 silly packumentCache full:https://registry.npmjs.org/robust-predicates set size:42172 disposed:false
613 silly placeDep ROOT robust-predicates@3.0.3 OK for: delaunator@5.1.0 want: ^3.0.2
614 silly placeDep ROOT @standard-schema/spec@1.1.0 OK for: effect@3.20.0 want: ^1.0.0
615 silly placeDep ROOT fast-check@3.23.2 OK for: effect@3.20.0 want: ^3.23.1
616 silly fetch manifest pure-rand@^6.1.0
617 silly packumentCache full:https://registry.npmjs.org/pure-rand cache-miss
618 http fetch GET 200 https://registry.npmjs.org/pure-rand 7ms (cache stale)
619 silly packumentCache full:https://registry.npmjs.org/pure-rand set size:186002 disposed:false
620 silly placeDep ROOT pure-rand@6.1.0 OK for: fast-check@3.23.2 want: ^6.1.0
621 silly placeDep ROOT fast-querystring@1.1.2 OK for: find-my-way@9.7.0 want: ^1.0.0
622 silly placeDep ROOT safe-regex2@5.1.1 OK for: find-my-way@9.7.0 want: ^5.0.0
623 silly fetch manifest fast-decode-uri-component@^1.0.1
624 silly packumentCache full:https://registry.npmjs.org/fast-decode-uri-component cache-miss
625 silly fetch manifest ret@~0.5.0
626 silly packumentCache full:https://registry.npmjs.org/ret cache-miss
627 http fetch GET 200 https://registry.npmjs.org/fast-decode-uri-component 9ms (cache stale)
628 silly packumentCache full:https://registry.npmjs.org/fast-decode-uri-component set size:7045 disposed:false
629 http fetch GET 200 https://registry.npmjs.org/ret 9ms (cache stale)
630 silly packumentCache full:https://registry.npmjs.org/ret set size:59258 disposed:false
631 silly placeDep ROOT fast-decode-uri-component@1.0.1 OK for: fast-querystring@1.1.2 want: ^1.0.1
632 silly placeDep ROOT cross-spawn@7.0.6 REPLACE for: foreground-child@3.3.1 want: ^7.0.6
633 silly placeDep ROOT aws-ssl-profiles@1.1.2 OK for: mysql2@3.15.3 want: ^1.1.1
634 silly placeDep ROOT denque@2.1.0 OK for: mysql2@3.15.3 want: ^2.1.0
635 silly placeDep ROOT generate-function@2.3.1 OK for: mysql2@3.15.3 want: ^2.3.1
636 silly placeDep ROOT iconv-lite@0.7.3 OK for: mysql2@3.15.3 want: ^0.7.0
637 silly placeDep ROOT long@5.3.2 OK for: mysql2@3.15.3 want: ^5.2.1
638 silly placeDep ROOT lru.min@1.1.4 OK for: mysql2@3.15.3 want: ^1.0.0
639 silly placeDep ROOT named-placeholders@1.1.6 OK for: mysql2@3.15.3 want: ^1.1.3
640 silly placeDep ROOT seq-queue@0.0.5 OK for: mysql2@3.15.3 want: ^0.0.5
641 silly placeDep ROOT sqlstring@2.3.3 OK for: mysql2@3.15.3 want: ^2.3.2
642 silly fetch manifest is-property@^1.0.2
643 silly packumentCache full:https://registry.npmjs.org/is-property cache-miss
644 silly fetch manifest safer-buffer@>= 2.1.2 < 3.0.0
645 silly packumentCache full:https://registry.npmjs.org/safer-buffer cache-miss
646 http fetch GET 200 https://registry.npmjs.org/is-property 10ms (cache stale)
647 silly packumentCache full:https://registry.npmjs.org/is-property set size:6745 disposed:false
648 http fetch GET 200 https://registry.npmjs.org/safer-buffer 10ms (cache stale)
649 silly packumentCache full:https://registry.npmjs.org/safer-buffer set size:18521 disposed:false
650 silly placeDep ROOT is-property@1.0.2 OK for: generate-function@2.3.1 want: ^1.0.2
651 silly placeDep ROOT safer-buffer@2.1.2 OK for: iconv-lite@0.7.3 want: >= 2.1.2 < 3.0.0
652 silly placeDep ROOT retry@0.12.0 OK for: proper-lockfile@4.1.2 want: ^0.12.0
653 silly placeDep node_modules/proper-lockfile signal-exit@3.0.7 OK for: proper-lockfile@4.1.2 want: ^3.0.2
654 silly placeDep ROOT destr@2.0.5 OK for: rc9@3.0.1 want: ^2.0.5
655 silly placeDep ROOT ret@0.5.0 OK for: safe-regex2@5.1.1 want: ~0.5.0
656 silly placeDep ROOT grammex@3.1.13 OK for: zeptomatch@2.1.0 want: ^3.1.11
657 silly placeDep ROOT graphmatch@1.1.1 OK for: zeptomatch@2.1.0 want: ^1.1.0
658 silly placeDep ROOT fast-uri@3.1.5 OK for: ajv@8.20.0 want: ^3.0.1
659 silly placeDep node_modules/@prisma/streams-local json-schema-traverse@1.0.0 OK for: ajv@8.20.0 want: ^1.0.0
660 silly placeDep ROOT require-from-string@2.0.2 OK for: ajv@8.20.0 want: ^2.0.2
661 silly fetch manifest @types/react@*
662 silly packumentCache full:https://registry.npmjs.org/@types%2freact cache-miss
663 http fetch GET 200 https://registry.npmjs.org/@types%2freact 22ms (cache stale)
664 silly packumentCache full:https://registry.npmjs.org/@types%2freact set size:2637439 disposed:false
665 silly fetch manifest react@^16.8 || ^17.0 || ^18.0 || ^19.0 || ^19.0.0-rc
666 silly packumentCache full:https://registry.npmjs.org/react cache-miss
667 http fetch GET 200 https://registry.npmjs.org/react 30ms (cache stale)
668 silly packumentCache full:https://registry.npmjs.org/react set size:6859098 disposed:false
669 silly fetch manifest react-dom@^16.8 || ^17.0 || ^18.0 || ^19.0 || ^19.0.0-rc
670 silly packumentCache full:https://registry.npmjs.org/react-dom cache-miss
671 http fetch GET 200 https://registry.npmjs.org/react-dom 34ms (cache stale)
672 silly packumentCache full:https://registry.npmjs.org/react-dom set size:9206376 disposed:false
673 silly placeDep ROOT @radix-ui/primitive@1.1.3 OK for: @radix-ui/react-toggle@1.1.10 want: 1.1.3
674 silly placeDep node_modules/@prisma/studio-core/node_modules/@radix-ui/react-toggle @radix-ui/react-primitive@2.1.3 CONFLICT for: @radix-ui/react-toggle@1.1.10 want: 2.1.3
675 silly placeDep ROOT @radix-ui/react-use-controllable-state@1.2.2 OK for: @radix-ui/react-toggle@1.1.10 want: 1.2.2
676 silly fetch manifest @radix-ui/react-slot@1.2.3
677 silly packumentCache full:https://registry.npmjs.org/@radix-ui%2freact-slot cache-miss
678 silly fetch manifest @radix-ui/react-use-effect-event@0.0.2
679 silly packumentCache full:https://registry.npmjs.org/@radix-ui%2freact-use-effect-event cache-miss
680 silly fetch manifest @radix-ui/react-use-layout-effect@1.1.1
681 silly packumentCache full:https://registry.npmjs.org/@radix-ui%2freact-use-layout-effect cache-miss
682 http fetch GET 200 https://registry.npmjs.org/@radix-ui%2freact-use-layout-effect 9ms (cache stale)
683 silly packumentCache full:https://registry.npmjs.org/@radix-ui%2freact-use-layout-effect set size:247104 disposed:false
684 http fetch GET 200 https://registry.npmjs.org/@radix-ui%2freact-use-effect-event 14ms (cache stale)
685 silly packumentCache full:https://registry.npmjs.org/@radix-ui%2freact-use-effect-event set size:58358 disposed:false
686 http fetch GET 200 https://registry.npmjs.org/@radix-ui%2freact-slot 18ms (cache stale)
687 silly packumentCache full:https://registry.npmjs.org/@radix-ui%2freact-slot set size:495625 disposed:false
688 silly placeDep ROOT @radix-ui/react-use-effect-event@0.0.2 OK for: @radix-ui/react-use-controllable-state@1.2.2 want: 0.0.2
689 silly placeDep ROOT @radix-ui/react-use-layout-effect@1.1.1 OK for: @radix-ui/react-use-controllable-state@1.2.2 want: 1.1.1
690 silly placeDep node_modules/c12 readdirp@5.0.0 OK for: chokidar@5.0.0 want: ^5.0.0
691 silly placeDep ROOT @radix-ui/react-slot@1.2.3 OK for: @radix-ui/react-primitive@2.1.3 want: 1.2.3
692 silly fetch manifest @radix-ui/react-compose-refs@1.1.2
693 silly packumentCache full:https://registry.npmjs.org/@radix-ui%2freact-compose-refs cache-miss
694 http fetch GET 200 https://registry.npmjs.org/@radix-ui%2freact-compose-refs 10ms (cache stale)
695 silly packumentCache full:https://registry.npmjs.org/@radix-ui%2freact-compose-refs set size:252692 disposed:false
696 silly placeDep ROOT @radix-ui/react-compose-refs@1.1.2 OK for: @radix-ui/react-slot@1.2.3 want: 1.1.2
697 silly reify mark retired [
697 silly reify   'D:\\Web_Development_Course\\16_ai_powered_saas\\ai_powered_saas(self_practice)\\node_modules\\effect'
697 silly reify ]
698 silly reify mark retired [
698 silly reify   'D:\\Web_Development_Course\\16_ai_powered_saas\\ai_powered_saas(self_practice)\\node_modules\\cross-spawn'
698 silly reify ]
699 silly reify mark retired [
699 silly reify   'D:\\Web_Development_Course\\16_ai_powered_saas\\ai_powered_saas(self_practice)\\node_modules\\foreground-child'
699 silly reify ]
700 silly reify mark retired [
700 silly reify   'D:\\Web_Development_Course\\16_ai_powered_saas\\ai_powered_saas(self_practice)\\node_modules\\prisma',
700 silly reify   'D:\\Web_Development_Course\\16_ai_powered_saas\\ai_powered_saas(self_practice)\\node_modules\\.bin\\prisma',
700 silly reify   'D:\\Web_Development_Course\\16_ai_powered_saas\\ai_powered_saas(self_practice)\\node_modules\\.bin\\prisma.cmd',
700 silly reify   'D:\\Web_Development_Course\\16_ai_powered_saas\\ai_powered_saas(self_practice)\\node_modules\\.bin\\prisma.ps1'
700 silly reify ]
701 silly reify mark retired [
701 silly reify   'D:\\Web_Development_Course\\16_ai_powered_saas\\ai_powered_saas(self_practice)\\node_modules\\std-env'
701 silly reify ]
702 silly reify mark retired [
702 silly reify   'D:\\Web_Development_Course\\16_ai_powered_saas\\ai_powered_saas(self_practice)\\node_modules\\@prisma\\engines-version'
702 silly reify ]
703 silly reify mark retired [
703 silly reify   'D:\\Web_Development_Course\\16_ai_powered_saas\\ai_powered_saas(self_practice)\\node_modules\\@prisma\\driver-adapter-utils\\node_modules\\@prisma\\debug'
703 silly reify ]
704 silly reify mark retired [
704 silly reify   'D:\\Web_Development_Course\\16_ai_powered_saas\\ai_powered_saas(self_practice)\\node_modules\\@prisma\\fetch-engine'
704 silly reify ]
705 silly reify mark retired [
705 silly reify   'D:\\Web_Development_Course\\16_ai_powered_saas\\ai_powered_saas(self_practice)\\node_modules\\@prisma\\debug'
705 silly reify ]
706 silly reify mark retired [
706 silly reify   'D:\\Web_Development_Course\\16_ai_powered_saas\\ai_powered_saas(self_practice)\\node_modules\\@prisma\\engines'
706 silly reify ]
707 silly reify mark retired [
707 silly reify   'D:\\Web_Development_Course\\16_ai_powered_saas\\ai_powered_saas(self_practice)\\node_modules\\@prisma\\get-platform'
707 silly reify ]
708 silly reify moves {
708 silly reify   'D:\\Web_Development_Course\\16_ai_powered_saas\\ai_powered_saas(self_practice)\\node_modules\\effect': 'D:\\Web_Development_Course\\16_ai_powered_saas\\ai_powered_saas(self_practice)\\node_modules\\.effect-G7RHmW4T',
708 silly reify   'D:\\Web_Development_Course\\16_ai_powered_saas\\ai_powered_saas(self_practice)\\node_modules\\cross-spawn': 'D:\\Web_Development_Course\\16_ai_powered_saas\\ai_powered_saas(self_practice)\\node_modules\\.cross-spawn-pOVBAs6F',
708 silly reify   'D:\\Web_Development_Course\\16_ai_powered_saas\\ai_powered_saas(self_practice)\\node_modules\\foreground-child': 'D:\\Web_Development_Course\\16_ai_powered_saas\\ai_powered_saas(self_practice)\\node_modules\\.foreground-child-3vVi0EU6',
708 silly reify   'D:\\Web_Development_Course\\16_ai_powered_saas\\ai_powered_saas(self_practice)\\node_modules\\prisma': 'D:\\Web_Development_Course\\16_ai_powered_saas\\ai_powered_saas(self_practice)\\node_modules\\.prisma-rGy6HIMC',
708 silly reify   'D:\\Web_Development_Course\\16_ai_powered_saas\\ai_powered_saas(self_practice)\\node_modules\\.bin\\prisma': 'D:\\Web_Development_Course\\16_ai_powered_saas\\ai_powered_saas(self_practice)\\node_modules\\.bin\\.prisma-QNR8IQXb',
708 silly reify   'D:\\Web_Development_Course\\16_ai_powered_saas\\ai_powered_saas(self_practice)\\node_modules\\.bin\\prisma.cmd': 'D:\\Web_Development_Course\\16_ai_powered_saas\\ai_powered_saas(self_practice)\\node_modules\\.bin\\.prisma.cmd-7vSQJxDV',
708 silly reify   'D:\\Web_Development_Course\\16_ai_powered_saas\\ai_powered_saas(self_practice)\\node_modules\\.bin\\prisma.ps1': 'D:\\Web_Development_Course\\16_ai_powered_saas\\ai_powered_saas(self_practice)\\node_modules\\.bin\\.prisma.ps1-LctcZ7tu',
708 silly reify   'D:\\Web_Development_Course\\16_ai_powered_saas\\ai_powered_saas(self_practice)\\node_modules\\std-env': 'D:\\Web_Development_Course\\16_ai_powered_saas\\ai_powered_saas(self_practice)\\node_modules\\.std-env-rc4eDciQ',
708 silly reify   'D:\\Web_Development_Course\\16_ai_powered_saas\\ai_powered_saas(self_practice)\\node_modules\\@prisma\\engines-version': 'D:\\Web_Development_Course\\16_ai_powered_saas\\ai_powered_saas(self_practice)\\node_modules\\@prisma\\.engines-version-KiaadQxW',
708 silly reify   'D:\\Web_Development_Course\\16_ai_powered_saas\\ai_powered_saas(self_practice)\\node_modules\\@prisma\\driver-adapter-utils\\node_modules\\@prisma\\debug': 'D:\\Web_Development_Course\\16_ai_powered_saas\\ai_powered_saas(self_practice)\\node_modules\\@prisma\\driver-adapter-utils\\node_modules\\@prisma\\.debug-zcnMrV4W',
708 silly reify   'D:\\Web_Development_Course\\16_ai_powered_saas\\ai_powered_saas(self_practice)\\node_modules\\@prisma\\fetch-engine': 'D:\\Web_Development_Course\\16_ai_powered_saas\\ai_powered_saas(self_practice)\\node_modules\\@prisma\\.fetch-engine-cmEJAmyY',
708 silly reify   'D:\\Web_Development_Course\\16_ai_powered_saas\\ai_powered_saas(self_practice)\\node_modules\\@prisma\\debug': 'D:\\Web_Development_Course\\16_ai_powered_saas\\ai_powered_saas(self_practice)\\node_modules\\@prisma\\.debug-G12hFqSV',
708 silly reify   'D:\\Web_Development_Course\\16_ai_powered_saas\\ai_powered_saas(self_practice)\\node_modules\\@prisma\\engines': 'D:\\Web_Development_Course\\16_ai_powered_saas\\ai_powered_saas(self_practice)\\node_modules\\@prisma\\.engines-ydFoqh8i',
708 silly reify   'D:\\Web_Development_Course\\16_ai_powered_saas\\ai_powered_saas(self_practice)\\node_modules\\@prisma\\get-platform': 'D:\\Web_Development_Course\\16_ai_powered_saas\\ai_powered_saas(self_practice)\\node_modules\\@prisma\\.get-platform-C9r8Ofp7'
708 silly reify }
709 silly audit bulk request {
709 silly audit   '@alloc/quick-lru': [ '5.2.0' ],
709 silly audit   '@clerk/backend': [ '1.5.2' ],
709 silly audit   tslib: [ '2.4.1', '2.6.3' ],
709 silly audit   '@clerk/clerk-react': [ '5.3.1' ],
709 silly audit   '@clerk/nextjs': [ '5.2.12' ],
709 silly audit   '@clerk/shared': [ '2.4.3' ],
709 silly audit   '@clerk/types': [ '4.11.0' ],
709 silly audit   csstype: [ '3.1.1', '3.1.3' ],
709 silly audit   '@cloudinary-util/types': [ '1.1.0' ],
709 silly audit   '@cloudinary-util/url-loader': [ '5.5.0' ],
709 silly audit   '@cloudinary-util/util': [ '3.1.0' ],
709 silly audit   '@cloudinary/transformation-builder-sdk': [ '1.14.1' ],
709 silly audit   '@cloudinary/url-gen': [ '1.15.0' ],
709 silly audit   '@cspotcode/source-map-support': [ '0.8.1' ],
709 silly audit   '@jridgewell/trace-mapping': [ '0.3.9', '0.3.25' ],
709 silly audit   '@eslint-community/eslint-utils': [ '4.4.0' ],
709 silly audit   '@eslint-community/regexpp': [ '4.11.0' ],
709 silly audit   '@eslint/eslintrc': [ '2.1.4' ],
709 silly audit   '@eslint/js': [ '8.57.0' ],
709 silly audit   '@humanwhocodes/config-array': [ '0.11.14' ],
709 silly audit   '@humanwhocodes/module-importer': [ '1.0.1' ],
709 silly audit   '@humanwhocodes/object-schema': [ '2.0.3' ],
709 silly audit   '@isaacs/cliui': [ '8.0.2' ],
709 silly audit   'ansi-regex': [ '6.0.1', '5.0.1' ],
709 silly audit   'strip-ansi': [ '7.1.0', '6.0.1' ],
709 silly audit   '@jridgewell/gen-mapping': [ '0.3.5' ],
709 silly audit   '@jridgewell/resolve-uri': [ '3.1.2' ],
709 silly audit   '@jridgewell/set-array': [ '1.2.1' ],
709 silly audit   '@jridgewell/sourcemap-codec': [ '1.5.0' ],
709 silly audit   '@next/env': [ '14.2.5' ],
709 silly audit   '@next/eslint-plugin-next': [ '14.2.5' ],
709 silly audit   '@next/swc-darwin-arm64': [ '14.2.5' ],
709 silly audit   '@next/swc-darwin-x64': [ '14.2.5' ],
709 silly audit   '@next/swc-linux-arm64-gnu': [ '14.2.5' ],
709 silly audit   '@next/swc-linux-arm64-musl': [ '14.2.5' ],
709 silly audit   '@next/swc-linux-x64-gnu': [ '14.2.5' ],
709 silly audit   '@next/swc-linux-x64-musl': [ '14.2.5' ],
709 silly audit   '@next/swc-win32-arm64-msvc': [ '14.2.5' ],
709 silly audit   '@next/swc-win32-ia32-msvc': [ '14.2.5' ],
709 silly audit   '@next/swc-win32-x64-msvc': [ '14.2.5' ],
709 silly audit   '@nodelib/fs.scandir': [ '2.1.5' ],
709 silly audit   '@nodelib/fs.stat': [ '2.0.5' ],
709 silly audit   '@nodelib/fs.walk': [ '1.2.8' ],
709 silly audit   '@pkgjs/parseargs': [ '0.11.0' ],
709 silly audit   '@prisma/adapter-pg': [ '7.9.1' ],
709 silly audit   '@prisma/client': [ '7.9.1' ],
709 silly audit   '@prisma/client-runtime-utils': [ '7.9.1' ],
709 silly audit   '@prisma/debug': [ '7.9.1', '7.2.0' ],
709 silly audit   '@prisma/driver-adapter-utils': [ '7.9.1' ],
709 silly audit   '@rushstack/eslint-patch': [ '1.10.4' ],
709 silly audit   '@swc/counter': [ '0.1.3' ],
709 silly audit   '@swc/helpers': [ '0.5.5' ],
709 silly audit   '@tsconfig/node10': [ '1.0.11' ],
709 silly audit   '@tsconfig/node12': [ '1.0.11' ],
709 silly audit   '@tsconfig/node14': [ '1.0.3' ],
709 silly audit   '@tsconfig/node16': [ '1.0.4' ],
709 silly audit   '@tsconfig/recommended': [ '1.0.7' ],
709 silly audit   '@types/json5': [ '0.0.29' ],
709 silly audit   '@types/node': [ '20.14.14' ],
709 silly audit   '@types/pg': [ '8.20.3' ],
709 silly audit   '@types/prop-types': [ '15.7.12' ],
709 silly audit   '@types/react': [ '18.3.3' ],
709 silly audit   '@types/react-dom': [ '18.3.0' ],
709 silly audit   '@typescript-eslint/parser': [ '7.2.0' ],
709 silly audit   '@typescript-eslint/scope-manager': [ '7.2.0' ],
709 silly audit   '@typescript-eslint/types': [ '7.2.0' ],
709 silly audit   '@typescript-eslint/typescript-estree': [ '7.2.0' ],
709 silly audit   'brace-expansion': [ '2.0.1', '1.1.11' ],
709 silly audit   minimatch: [ '9.0.3', '9.0.5', '3.1.2' ],
709 silly audit   '@typescript-eslint/visitor-keys': [ '7.2.0' ],
709 silly audit   '@ungap/structured-clone': [ '1.2.0' ],
709 silly audit   acorn: [ '8.12.1' ],
709 silly audit   'acorn-jsx': [ '5.3.2' ],
709 silly audit   'acorn-walk': [ '8.3.3' ],
709 silly audit   ajv: [ '6.12.6', '8.20.0' ],
709 silly audit   'ansi-styles': [ '4.3.0', '6.2.1' ],
709 silly audit   'any-promise': [ '1.3.0' ],
709 silly audit   anymatch: [ '3.1.3' ],
709 silly audit   arg: [ '5.0.2', '4.1.3' ],
709 silly audit   argparse: [ '2.0.1' ],
709 silly audit   'aria-query': [ '5.1.3' ],
709 silly audit   'array-buffer-byte-length': [ '1.0.1' ],
709 silly audit   'array-includes': [ '3.1.8' ],
709 silly audit   'array-union': [ '2.1.0' ],
709 silly audit   'array.prototype.findlast': [ '1.2.5' ],
709 silly audit   'array.prototype.findlastindex': [ '1.2.5' ],
709 silly audit   'array.prototype.flat': [ '1.3.2' ],
709 silly audit   'array.prototype.flatmap': [ '1.3.2' ],
709 silly audit   'array.prototype.tosorted': [ '1.1.4' ],
709 silly audit   'arraybuffer.prototype.slice': [ '1.0.3' ],
709 silly audit   'ast-types-flow': [ '0.0.8' ],
709 silly audit   asynckit: [ '0.4.0' ],
709 silly audit   'available-typed-arrays': [ '1.0.7' ],
709 silly audit   'axe-core': [ '4.10.0' ],
709 silly audit   axios: [ '1.7.3' ],
709 silly audit   'axobject-query': [ '3.1.1' ],
709 silly audit   'balanced-match': [ '1.0.2' ],
709 silly audit   'binary-extensions': [ '2.3.0' ],
709 silly audit   braces: [ '3.0.3' ],
709 silly audit   busboy: [ '1.6.0' ],
709 silly audit   'call-bind': [ '1.0.7' ],
709 silly audit   callsites: [ '3.1.0' ],
709 silly audit   'camelcase-css': [ '2.0.1' ],
709 silly audit   'caniuse-lite': [ '1.0.30001647' ],
709 silly audit   chalk: [ '4.1.2' ],
709 silly audit   chokidar: [ '3.6.0', '5.0.0' ],
709 silly audit   'glob-parent': [ '5.1.2', '6.0.2' ],
709 silly audit   'client-only': [ '0.0.1' ],
709 silly audit   cloudinary: [ '2.4.0' ],
709 silly audit   'color-convert': [ '2.0.1' ],
709 silly audit   'color-name': [ '1.1.4' ],
709 silly audit   'combined-stream': [ '1.0.8' ],
709 silly audit   commander: [ '4.1.1' ],
709 silly audit   'concat-map': [ '0.0.1' ],
709 silly audit   cookie: [ '0.5.0' ],
709 silly audit   'create-require': [ '1.1.1' ],
709 silly audit   'crypto-js': [ '4.2.0' ],
709 silly audit   'css-selector-tokenizer': [ '0.8.0' ],
709 silly audit   cssesc: [ '3.0.0' ],
709 silly audit   culori: [ '3.3.0' ],
709 silly audit   daisyui: [ '4.12.10' ],
709 silly audit   'damerau-levenshtein': [ '1.0.8' ],
709 silly audit   'data-view-buffer': [ '1.0.1' ],
709 silly audit   'data-view-byte-length': [ '1.0.1' ],
709 silly audit   'data-view-byte-offset': [ '1.0.0' ],
709 silly audit   dayjs: [ '1.11.12' ],
709 silly audit   debug: [ '4.3.6', '3.2.7' ],
709 silly audit   'deep-equal': [ '2.2.3' ],
709 silly audit   'deep-is': [ '0.1.4' ],
709 silly audit   'define-data-property': [ '1.1.4' ],
709 silly audit   'define-properties': [ '1.2.1' ],
709 silly audit   'delayed-stream': [ '1.0.0' ],
709 silly audit   didyoumean: [ '1.2.2' ],
709 silly audit   diff: [ '4.0.2' ],
709 silly audit   'dir-glob': [ '3.0.1' ],
709 silly audit   dlv: [ '1.1.3' ],
709 silly audit   doctrine: [ '3.0.0', '2.1.0' ],
709 silly audit   'dot-case': [ '3.0.4' ],
709 silly audit   dotenv: [ '17.4.2' ],
709 silly audit   eastasianwidth: [ '0.2.0' ],
709 silly audit   'emoji-regex': [ '9.2.2', '8.0.0' ],
709 silly audit   'enhanced-resolve': [ '5.17.1' ],
709 silly audit   'es-abstract': [ '1.23.3' ],
709 silly audit   'es-define-property': [ '1.0.0' ],
709 silly audit   'es-errors': [ '1.3.0' ],
709 silly audit   'es-get-iterator': [ '1.1.3' ],
709 silly audit   'es-iterator-helpers': [ '1.0.19' ],
709 silly audit   'es-object-atoms': [ '1.0.0' ],
709 silly audit   'es-set-tostringtag': [ '2.0.3' ],
709 silly audit   'es-shim-unscopables': [ '1.0.2' ],
709 silly audit   'es-to-primitive': [ '1.2.1' ],
709 silly audit   'escape-string-regexp': [ '4.0.0' ],
709 silly audit   eslint: [ '8.57.0' ],
709 silly audit   'eslint-config-next': [ '14.2.5' ],
709 silly audit   'eslint-import-resolver-node': [ '0.3.9' ],
709 silly audit   'eslint-import-resolver-typescript': [ '3.6.1' ],
709 silly audit   'eslint-module-utils': [ '2.8.1' ],
709 silly audit   'eslint-plugin-import': [ '2.29.1' ],
709 silly audit   semver: [ '6.3.1', '7.6.3' ],
709 silly audit   'eslint-plugin-jsx-a11y': [ '6.9.0' ],
709 silly audit   'eslint-plugin-react': [ '7.35.0' ],
709 silly audit   'eslint-plugin-react-hooks': [ '4.6.2' ],
709 silly audit   resolve: [ '2.0.0-next.5', '1.22.8' ],
709 silly audit   'eslint-scope': [ '7.2.2' ],
709 silly audit   'eslint-visitor-keys': [ '3.4.3' ],
709 silly audit   espree: [ '9.6.1' ],
709 silly audit   esquery: [ '1.6.0' ],
709 silly audit   esrecurse: [ '4.3.0' ],
709 silly audit   estraverse: [ '5.3.0' ],
709 silly audit   esutils: [ '2.0.3' ],
709 silly audit   'fast-deep-equal': [ '3.1.3' ],
709 silly audit   'fast-glob': [ '3.3.2' ],
709 silly audit   'fast-json-stable-stringify': [ '2.1.0' ],
709 silly audit   'fast-levenshtein': [ '2.0.6' ],
709 silly audit   fastparse: [ '1.1.2' ],
709 silly audit   fastq: [ '1.17.1' ],
709 silly audit   'file-entry-cache': [ '6.0.1' ],
709 silly audit   filesize: [ '10.1.4' ],
709 silly audit   'fill-range': [ '7.1.1' ],
709 silly audit   'find-up': [ '5.0.0' ],
709 silly audit   'flat-cache': [ '3.2.0' ],
709 silly audit   flatted: [ '3.3.1' ],
709 silly audit   'follow-redirects': [ '1.15.6' ],
709 silly audit   'for-each': [ '0.3.3' ],
709 silly audit   'form-data': [ '4.0.0' ],
709 silly audit   'fs.realpath': [ '1.0.0' ],
709 silly audit   fsevents: [ '2.3.3' ],
709 silly audit   'function-bind': [ '1.1.2' ],
709 silly audit   'function.prototype.name': [ '1.1.6' ],
709 silly audit   'functions-have-names': [ '1.2.3' ],
709 silly audit   'get-intrinsic': [ '1.2.4' ],
709 silly audit   'get-symbol-description': [ '1.0.2' ],
709 silly audit   'get-tsconfig': [ '4.7.6' ],
709 silly audit   glob: [ '10.3.10', '7.2.3' ],
709 silly audit   'glob-to-regexp': [ '0.4.1' ],
709 silly audit   globals: [ '13.24.0' ],
709 silly audit   globalthis: [ '1.0.4' ],
709 silly audit   globby: [ '11.1.0' ],
709 silly audit   gopd: [ '1.0.1' ],
709 silly audit   'graceful-fs': [ '4.2.11' ],
709 silly audit   graphemer: [ '1.4.0' ],
709 silly audit   'has-bigints': [ '1.0.2' ],
709 silly audit   'has-flag': [ '4.0.0' ],
709 silly audit   'has-property-descriptors': [ '1.0.2' ],
709 silly audit   'has-proto': [ '1.0.3' ],
709 silly audit   'has-symbols': [ '1.0.3' ],
709 silly audit   'has-tostringtag': [ '1.0.2' ],
709 silly audit   hasown: [ '2.0.2' ],
709 silly audit   ignore: [ '5.3.1' ],
709 silly audit   'import-fresh': [ '3.3.0' ],
709 silly audit   imurmurhash: [ '0.1.4' ],
709 silly audit   inflight: [ '1.0.6' ],
709 silly audit   inherits: [ '2.0.4' ],
709 silly audit   'internal-slot': [ '1.0.7' ],
709 silly audit   'is-arguments': [ '1.1.1' ],
709 silly audit   'is-array-buffer': [ '3.0.4' ],
709 silly audit   'is-async-function': [ '2.0.0' ],
709 silly audit   'is-bigint': [ '1.0.4' ],
709 silly audit   'is-binary-path': [ '2.1.0' ],
709 silly audit   'is-boolean-object': [ '1.1.2' ],
709 silly audit   'is-callable': [ '1.2.7' ],
709 silly audit   'is-core-module': [ '2.15.0' ],
709 silly audit   'is-data-view': [ '1.0.1' ],
709 silly audit   'is-date-object': [ '1.0.5' ],
709 silly audit   'is-extglob': [ '2.1.1' ],
709 silly audit   'is-finalizationregistry': [ '1.0.2' ],
709 silly audit   'is-fullwidth-code-point': [ '3.0.0' ],
709 silly audit   'is-generator-function': [ '1.0.10' ],
709 silly audit   'is-glob': [ '4.0.3' ],
709 silly audit   'is-map': [ '2.0.3' ],
709 silly audit   'is-negative-zero': [ '2.0.3' ],
709 silly audit   'is-number': [ '7.0.0' ],
709 silly audit   'is-number-object': [ '1.0.7' ],
709 silly audit   'is-path-inside': [ '3.0.3' ],
709 silly audit   'is-regex': [ '1.1.4' ],
709 silly audit   'is-set': [ '2.0.3' ],
709 silly audit   'is-shared-array-buffer': [ '1.0.3' ],
709 silly audit   'is-string': [ '1.0.7' ],
709 silly audit   'is-symbol': [ '1.0.4' ],
709 silly audit   'is-typed-array': [ '1.1.13' ],
709 silly audit   'is-weakmap': [ '2.0.2' ],
709 silly audit   'is-weakref': [ '1.0.2' ],
709 silly audit   'is-weakset': [ '2.0.3' ],
709 silly audit   isarray: [ '2.0.5' ],
709 silly audit   isexe: [ '2.0.0' ],
709 silly audit   'iterator.prototype': [ '1.1.2' ],
709 silly audit   jackspeak: [ '2.3.6' ],
709 silly audit   jiti: [ '1.21.6', '2.7.0' ],
709 silly audit   'js-cookie': [ '3.0.5' ],
709 silly audit   'js-tokens': [ '4.0.0' ],
709 silly audit   'js-yaml': [ '4.1.0' ],
709 silly audit   'json-buffer': [ '3.0.1' ],
709 silly audit   'json-schema-traverse': [ '0.4.1', '1.0.0' ],
709 silly audit   'json-stable-stringify-without-jsonify': [ '1.0.1' ],
709 silly audit   json5: [ '1.0.2' ],
709 silly audit   'jsx-ast-utils': [ '3.3.5' ],
709 silly audit   keyv: [ '4.5.4' ],
709 silly audit   'language-subtag-registry': [ '0.3.23' ],
709 silly audit   'language-tags': [ '1.0.9' ],
709 silly audit   levn: [ '0.4.1' ],
709 silly audit   lilconfig: [ '2.1.0', '3.1.2' ],
709 silly audit   'lines-and-columns': [ '1.2.4' ],
709 silly audit   'locate-path': [ '6.0.0' ],
709 silly audit   lodash: [ '4.17.21' ],
709 silly audit   'lodash.merge': [ '4.6.2' ],
709 silly audit   'loose-envify': [ '1.4.0' ],
709 silly audit   'lower-case': [ '2.0.2' ],
709 silly audit   'lru-cache': [ '10.4.3' ],
709 silly audit   'lucide-react': [ '0.424.0' ],
709 silly audit   'make-error': [ '1.3.6' ],
709 silly audit   'map-obj': [ '4.3.0' ],
709 silly audit   merge2: [ '1.4.1' ],
709 silly audit   micromatch: [ '4.0.7' ],
709 silly audit   'mime-db': [ '1.52.0' ],
709 silly audit   'mime-types': [ '2.1.35' ],
709 silly audit   minimist: [ '1.2.8' ],
709 silly audit   minipass: [ '7.1.2' ],
709 silly audit   ms: [ '2.1.2' ],
709 silly audit   mz: [ '2.7.0' ],
709 silly audit   nanoid: [ '3.3.7' ],
709 silly audit   'natural-compare': [ '1.4.0' ],
709 silly audit   next: [ '14.2.5' ],
709 silly audit   'next-cloudinary': [ '6.9.0' ],
709 silly audit   postcss: [ '8.4.31', '8.4.40' ],
709 silly audit   'no-case': [ '3.0.4' ],
709 silly audit   'normalize-path': [ '3.0.0' ],
709 silly audit   'object-assign': [ '4.1.1' ],
709 silly audit   'object-hash': [ '3.0.0' ],
709 silly audit   'object-inspect': [ '1.13.2' ],
709 silly audit   'object-is': [ '1.1.6' ],
709 silly audit   'object-keys': [ '1.1.1' ],
709 silly audit   'object.assign': [ '4.1.5' ],
709 silly audit   'object.entries': [ '1.1.8' ],
709 silly audit   'object.fromentries': [ '2.0.8' ],
709 silly audit   'object.groupby': [ '1.0.3' ],
709 silly audit   'object.values': [ '1.2.0' ],
709 silly audit   once: [ '1.4.0' ],
709 silly audit   optionator: [ '0.9.4' ],
709 silly audit   'p-limit': [ '3.1.0' ],
709 silly audit   'p-locate': [ '5.0.0' ],
709 silly audit   'parent-module': [ '1.0.1' ],
709 silly audit   'path-exists': [ '4.0.0' ],
709 silly audit   'path-is-absolute': [ '1.0.1' ],
709 silly audit   'path-key': [ '3.1.1' ],
709 silly audit   'path-parse': [ '1.0.7' ],
709 silly audit   'path-scurry': [ '1.11.1' ],
709 silly audit   'path-to-regexp': [ '6.2.2' ],
709 silly audit   'path-type': [ '4.0.0' ],
709 silly audit   pg: [ '8.22.0' ],
709 silly audit   'pg-cloudflare': [ '1.4.0' ],
709 silly audit   'pg-connection-string': [ '2.14.0' ],
709 silly audit   'pg-int8': [ '1.0.1' ],
709 silly audit   'pg-pool': [ '3.14.0' ],
709 silly audit   'pg-protocol': [ '1.15.0' ],
709 silly audit   'pg-types': [ '2.2.0' ],
709 silly audit   'postgres-array': [ '2.0.0', '3.0.4' ],
709 silly audit   pgpass: [ '1.0.5' ],
709 silly audit   picocolors: [ '1.0.1' ],
709 silly audit   picomatch: [ '2.3.1' ],
709 silly audit   pify: [ '2.3.0' ],
709 silly audit   pirates: [ '4.0.6' ],
709 silly audit   'possible-typed-array-names': [ '1.0.0' ],
709 silly audit   'postcss-import': [ '15.1.0' ],
709 silly audit   'postcss-js': [ '4.0.1' ],
709 silly audit   'postcss-load-config': [ '4.0.2' ],
709 silly audit   'postcss-nested': [ '6.2.0' ],
709 silly audit   'postcss-selector-parser': [ '6.1.1' ],
709 silly audit   'postcss-value-parser': [ '4.2.0' ],
709 silly audit   'postgres-bytea': [ '1.0.1' ],
709 silly audit   'postgres-date': [ '1.0.7' ],
709 silly audit   'postgres-interval': [ '1.2.0' ],
709 silly audit   'prelude-ls': [ '1.2.1' ],
709 silly audit   'prop-types': [ '15.8.1' ],
709 silly audit   'proxy-from-env': [ '1.1.0' ],
709 silly audit   punycode: [ '2.3.1' ],
709 silly audit   q: [ '1.5.1' ],
709 silly audit   'queue-microtask': [ '1.2.3' ],
709 silly audit   react: [ '18.3.1' ],
709 silly audit   'react-dom': [ '18.3.1' ],
709 silly audit   'react-is': [ '16.13.1' ],
709 silly audit   'read-cache': [ '1.0.0' ],
709 silly audit   readdirp: [ '3.6.0', '5.0.0' ],
709 silly audit   'reflect.getprototypeof': [ '1.0.6' ],
709 silly audit   'regexp.prototype.flags': [ '1.5.2' ],
709 silly audit   'resolve-from': [ '4.0.0' ],
709 silly audit   'resolve-pkg-maps': [ '1.0.0' ],
709 silly audit   reusify: [ '1.0.4' ],
709 silly audit   rimraf: [ '3.0.2' ],
709 silly audit   'run-parallel': [ '1.2.0' ],
709 silly audit   'safe-array-concat': [ '1.1.2' ],
709 silly audit   'safe-regex-test': [ '1.0.3' ],
709 silly audit   scheduler: [ '0.23.2' ],
709 silly audit   'server-only': [ '0.0.1' ],
709 silly audit   'set-function-length': [ '1.2.2' ],
709 silly audit   'set-function-name': [ '2.0.2' ],
709 silly audit   'shebang-command': [ '2.0.0' ],
709 silly audit   'shebang-regex': [ '3.0.0' ],
709 silly audit   'side-channel': [ '1.0.6' ],
709 silly audit   'signal-exit': [ '4.1.0', '3.0.7' ],
709 silly audit   slash: [ '3.0.0' ],
709 silly audit   'snake-case': [ '3.0.4' ],
709 silly audit   'snakecase-keys': [ '5.4.4' ],
709 silly audit   'type-fest': [ '2.19.0', '0.20.2' ],
709 silly audit   'source-map-js': [ '1.2.0' ],
709 silly audit   split2: [ '4.2.0' ],
709 silly audit   'stop-iteration-iterator': [ '1.0.0' ],
709 silly audit   streamsearch: [ '1.1.0' ],
709 silly audit   'string-width': [ '5.1.2', '4.2.3' ],
709 silly audit   'string.prototype.includes': [ '2.0.0' ],
709 silly audit   'string.prototype.matchall': [ '4.0.11' ],
709 silly audit   'string.prototype.repeat': [ '1.0.0' ],
709 silly audit   'string.prototype.trim': [ '1.2.9' ],
709 silly audit   'string.prototype.trimend': [ '1.0.8' ],
709 silly audit   'string.prototype.trimstart': [ '1.0.8' ],
709 silly audit   'strip-bom': [ '3.0.0' ],
709 silly audit   'strip-json-comments': [ '3.1.1' ],
709 silly audit   'styled-jsx': [ '5.1.1' ],
709 silly audit   sucrase: [ '3.35.0' ],
709 silly audit   'supports-color': [ '7.2.0' ],
709 silly audit   'supports-preserve-symlinks-flag': [ '1.0.0' ],
709 silly audit   swr: [ '2.2.5' ],
709 silly audit   tailwindcss: [ '3.4.7' ],
709 silly audit   tapable: [ '2.2.1' ],
709 silly audit   'text-table': [ '0.2.0' ],
709 silly audit   thenify: [ '3.3.1' ],
709 silly audit   'thenify-all': [ '1.6.0' ],
709 silly audit   'to-regex-range': [ '5.0.1' ],
709 silly audit   'ts-api-utils': [ '1.3.0' ],
709 silly audit   'ts-interface-checker': [ '0.1.13' ],
709 silly audit   'ts-node': [ '10.9.2' ],
709 silly audit   'tsconfig-paths': [ '3.15.0' ],
709 silly audit   'type-check': [ '0.4.0' ],
709 silly audit   'typed-array-buffer': [ '1.0.2' ],
709 silly audit   'typed-array-byte-length': [ '1.0.1' ],
709 silly audit   'typed-array-byte-offset': [ '1.0.2' ],
709 silly audit   'typed-array-length': [ '1.0.6' ],
709 silly audit   typescript: [ '5.5.4' ],
709 silly audit   'unbox-primitive': [ '1.0.2' ],
709 silly audit   'undici-types': [ '5.26.5' ],
709 silly audit   'uri-js': [ '4.4.1' ],
709 silly audit   'use-sync-external-store': [ '1.2.2' ],
709 silly audit   'util-deprecate': [ '1.0.2' ],
709 silly audit   'v8-compile-cache-lib': [ '3.0.1' ],
709 silly audit   which: [ '2.0.2' ],
709 silly audit   'which-boxed-primitive': [ '1.0.2' ],
709 silly audit   'which-builtin-type': [ '1.1.4' ],
709 silly audit   'which-collection': [ '1.0.2' ],
709 silly audit   'which-typed-array': [ '1.1.15' ],
709 silly audit   'word-wrap': [ '1.2.5' ],
709 silly audit   'wrap-ansi': [ '8.1.0', '7.0.0' ],
709 silly audit   wrappy: [ '1.0.2' ],
709 silly audit   xtend: [ '4.0.2' ],
709 silly audit   yaml: [ '2.5.0' ],
709 silly audit   yn: [ '3.1.1' ],
709 silly audit   'yocto-queue': [ '0.1.0' ],
709 silly audit   zod: [ '3.23.8' ],
709 silly audit   prisma: [ '7.9.1' ],
709 silly audit   '@prisma/config': [ '7.9.1' ],
709 silly audit   '@prisma/dev': [ '0.24.17' ],
709 silly audit   '@prisma/engines': [ '7.9.1' ],
709 silly audit   '@prisma/studio-core': [ '0.33.0' ],
709 silly audit   mysql2: [ '3.15.3' ],
709 silly audit   postgres: [ '3.4.7' ],
709 silly audit   c12: [ '3.3.4' ],
709 silly audit   'deepmerge-ts': [ '7.1.5' ],
709 silly audit   effect: [ '3.20.0' ],
709 silly audit   empathic: [ '2.0.0' ],
709 silly audit   '@electric-sql/pglite': [ '0.4.3' ],
709 silly audit   '@electric-sql/pglite-socket': [ '0.1.3' ],
709 silly audit   '@electric-sql/pglite-tools': [ '0.3.3' ],
709 silly audit   '@prisma/get-platform': [ '7.2.0', '7.9.1' ],
709 silly audit   '@prisma/query-plan-executor': [ '7.2.0' ],
709 silly audit   '@prisma/streams-local': [ '0.1.11' ],
709 silly audit   'find-my-way': [ '9.7.0' ],
709 silly audit   'foreground-child': [ '3.3.1' ],
709 silly audit   'get-port-please': [ '3.2.0' ],
709 silly audit   pathe: [ '2.0.3' ],
709 silly audit   'proper-lockfile': [ '4.1.2' ],
709 silly audit   remeda: [ '2.33.4' ],
709 silly audit   'std-env': [ '3.10.0' ],
709 silly audit   valibot: [ '1.4.2' ],
709 silly audit   zeptomatch: [ '2.1.0' ],
709 silly audit   '@prisma/engines-version': [ '7.9.0-1.e922089b7d7502aff4249d5da3420f6fa55fc6ad' ],
709 silly audit   '@prisma/fetch-engine': [ '7.9.1' ],
709 silly audit   'better-result': [ '2.10.0' ],
709 silly audit   'env-paths': [ '3.0.0' ],
709 silly audit   '@radix-ui/react-toggle': [ '1.1.10' ],
709 silly audit   '@visx/curve': [ '4.0.1-alpha.0' ],
709 silly audit   '@visx/event': [ '4.0.1-alpha.0' ],
709 silly audit   '@visx/grid': [ '4.0.1-alpha.0' ],
709 silly audit   '@visx/group': [ '4.0.1-alpha.0' ],
709 silly audit   '@visx/responsive': [ '4.0.1-alpha.0' ],
709 silly audit   '@visx/scale': [ '4.0.1-alpha.0' ],
709 silly audit   '@visx/shape': [ '4.0.1-alpha.0' ],
709 silly audit   'd3-array': [ '3.2.4', '3.2.1' ],
709 silly audit   'd3-shape': [ '3.2.0' ],
709 silly audit   elkjs: [ '0.11.1' ],
709 silly audit   '@visx/vendor': [ '4.0.0-alpha.0' ],
709 silly audit   '@visx/point': [ '4.0.1-alpha.0' ],
709 silly audit   classnames: [ '2.5.1' ],
709 silly audit   '@types/lodash': [ '4.17.25' ],
709 silly audit   '@types/d3-array': [ '3.0.3' ],
709 silly audit   '@types/d3-color': [ '3.1.0' ],
709 silly audit   '@types/d3-delaunay': [ '6.0.1' ],
709 silly audit   '@types/d3-format': [ '3.0.1' ],
709 silly audit   '@types/d3-geo': [ '3.1.0' ],
709 silly audit   '@types/d3-interpolate': [ '3.0.1' ],
709 silly audit   '@types/d3-path': [ '3.1.1' ],
709 silly audit   '@types/d3-scale': [ '4.0.2' ],
709 silly audit   '@types/d3-shape': [ '3.1.7' ],
709 silly audit   '@types/d3-time': [ '3.0.0' ],
709 silly audit   '@types/d3-time-format': [ '2.1.0' ],
709 silly audit   'd3-color': [ '3.1.0' ],
709 silly audit   'd3-delaunay': [ '6.0.2' ],
709 silly audit   'd3-format': [ '3.1.0' ],
709 silly audit   'd3-geo': [ '3.1.0' ],
709 silly audit   'd3-interpolate': [ '3.0.1' ],
709 silly audit   'd3-path': [ '3.1.0' ],
709 silly audit   'd3-scale': [ '4.0.2' ],
709 silly audit   'd3-time': [ '3.1.0' ],
709 silly audit   'd3-time-format': [ '4.1.0' ],
709 silly audit   internmap: [ '2.0.3' ],
709 silly audit   '@types/geojson': [ '7946.0.16' ],
709 silly audit   confbox: [ '0.2.4' ],
709 silly audit   defu: [ '6.1.7' ],
709 silly audit   exsolve: [ '1.1.1' ],
709 silly audit   giget: [ '3.3.1' ],
709 silly audit   ohash: [ '2.0.11' ],
709 silly audit   'perfect-debounce': [ '2.1.0' ],
709 silly audit   'pkg-types': [ '2.3.1' ],
709 silly audit   rc9: [ '3.0.1' ],
709 silly audit   delaunator: [ '5.1.0' ],
709 silly audit   'robust-predicates': [ '3.0.3' ],
709 silly audit   '@standard-schema/spec': [ '1.1.0' ],
709 silly audit   'fast-check': [ '3.23.2' ],
709 silly audit   'pure-rand': [ '6.1.0' ],
709 silly audit   'fast-querystring': [ '1.1.2' ],
709 silly audit   'safe-regex2': [ '5.1.1' ],
709 silly audit   'fast-decode-uri-component': [ '1.0.1' ],
709 silly audit   'cross-spawn': [ '7.0.6' ],
709 silly audit   'aws-ssl-profiles': [ '1.1.2' ],
709 silly audit   denque: [ '2.1.0' ],
709 silly audit   'generate-function': [ '2.3.1' ],
709 silly audit   'iconv-lite': [ '0.7.3' ],
709 silly audit   long: [ '5.3.2' ],
709 silly audit   'lru.min': [ '1.1.4' ],
709 silly audit   'named-placeholders': [ '1.1.6' ],
709 silly audit   'seq-queue': [ '0.0.5' ],
709 silly audit   sqlstring: [ '2.3.3' ],
709 silly audit   'is-property': [ '1.0.2' ],
709 silly audit   'safer-buffer': [ '2.1.2' ],
709 silly audit   retry: [ '0.12.0' ],
709 silly audit   destr: [ '2.0.5' ],
709 silly audit   ret: [ '0.5.0' ],
709 silly audit   grammex: [ '3.1.13' ],
709 silly audit   graphmatch: [ '1.1.1' ],
709 silly audit   'fast-uri': [ '3.1.5' ],
709 silly audit   'require-from-string': [ '2.0.2' ],
709 silly audit   '@radix-ui/primitive': [ '1.1.3' ],
709 silly audit   '@radix-ui/react-primitive': [ '2.1.3' ],
709 silly audit   '@radix-ui/react-use-controllable-state': [ '1.2.2' ],
709 silly audit   '@radix-ui/react-use-effect-event': [ '0.0.2' ],
709 silly audit   '@radix-ui/react-use-layout-effect': [ '1.1.1' ],
709 silly audit   '@radix-ui/react-slot': [ '1.2.3' ],
709 silly audit   '@radix-ui/react-compose-refs': [ '1.1.2' ]
709 silly audit }
710 http cache @radix-ui/react-compose-refs@https://registry.npmjs.org/@radix-ui/react-compose-refs/-/react-compose-refs-1.1.2.tgz 0ms (cache hit)
711 http cache @radix-ui/react-use-layout-effect@https://registry.npmjs.org/@radix-ui/react-use-layout-effect/-/react-use-layout-effect-1.1.1.tgz 0ms (cache hit)
712 http cache @radix-ui/react-slot@https://registry.npmjs.org/@radix-ui/react-slot/-/react-slot-1.2.3.tgz 0ms (cache hit)
713 http cache @radix-ui/react-use-effect-event@https://registry.npmjs.org/@radix-ui/react-use-effect-event/-/react-use-effect-event-0.0.2.tgz 0ms (cache hit)
714 http cache @radix-ui/react-use-controllable-state@https://registry.npmjs.org/@radix-ui/react-use-controllable-state/-/react-use-controllable-state-1.2.2.tgz 0ms (cache hit)
715 http cache @radix-ui/primitive@https://registry.npmjs.org/@radix-ui/primitive/-/primitive-1.1.3.tgz 0ms (cache hit)
716 http cache require-from-string@https://registry.npmjs.org/require-from-string/-/require-from-string-2.0.2.tgz 0ms (cache hit)
717 http cache fast-uri@https://registry.npmjs.org/fast-uri/-/fast-uri-3.1.5.tgz 0ms (cache hit)
718 http cache graphmatch@https://registry.npmjs.org/graphmatch/-/graphmatch-1.1.1.tgz 0ms (cache hit)
719 http cache grammex@https://registry.npmjs.org/grammex/-/grammex-3.1.13.tgz 0ms (cache hit)
720 http cache destr@https://registry.npmjs.org/destr/-/destr-2.0.5.tgz 0ms (cache hit)
721 http cache ret@https://registry.npmjs.org/ret/-/ret-0.5.0.tgz 0ms (cache hit)
722 http cache retry@https://registry.npmjs.org/retry/-/retry-0.12.0.tgz 0ms (cache hit)
723 http cache safer-buffer@https://registry.npmjs.org/safer-buffer/-/safer-buffer-2.1.2.tgz 0ms (cache hit)
724 http cache sqlstring@https://registry.npmjs.org/sqlstring/-/sqlstring-2.3.3.tgz 0ms (cache hit)
725 http cache is-property@https://registry.npmjs.org/is-property/-/is-property-1.0.2.tgz 0ms (cache hit)
726 http cache seq-queue@https://registry.npmjs.org/seq-queue/-/seq-queue-0.0.5.tgz 0ms (cache hit)
727 http cache lru.min@https://registry.npmjs.org/lru.min/-/lru.min-1.1.4.tgz 0ms (cache hit)
728 http cache named-placeholders@https://registry.npmjs.org/named-placeholders/-/named-placeholders-1.1.6.tgz 0ms (cache hit)
729 http cache long@https://registry.npmjs.org/long/-/long-5.3.2.tgz 0ms (cache hit)
730 http cache iconv-lite@https://registry.npmjs.org/iconv-lite/-/iconv-lite-0.7.3.tgz 0ms (cache hit)
731 http cache generate-function@https://registry.npmjs.org/generate-function/-/generate-function-2.3.1.tgz 0ms (cache hit)
732 http cache fast-decode-uri-component@https://registry.npmjs.org/fast-decode-uri-component/-/fast-decode-uri-component-1.0.1.tgz 0ms (cache hit)
733 http cache denque@https://registry.npmjs.org/denque/-/denque-2.1.0.tgz 0ms (cache hit)
734 http cache aws-ssl-profiles@https://registry.npmjs.org/aws-ssl-profiles/-/aws-ssl-profiles-1.1.2.tgz 1ms (cache hit)
735 http cache pure-rand@https://registry.npmjs.org/pure-rand/-/pure-rand-6.1.0.tgz 0ms (cache hit)
736 http cache safe-regex2@https://registry.npmjs.org/safe-regex2/-/safe-regex2-5.1.1.tgz 0ms (cache hit)
737 http cache fast-check@https://registry.npmjs.org/fast-check/-/fast-check-3.23.2.tgz 0ms (cache hit)
738 http cache fast-querystring@https://registry.npmjs.org/fast-querystring/-/fast-querystring-1.1.2.tgz 0ms (cache hit)
739 http cache @standard-schema/spec@https://registry.npmjs.org/@standard-schema/spec/-/spec-1.1.0.tgz 0ms (cache hit)
740 http cache delaunator@https://registry.npmjs.org/delaunator/-/delaunator-5.1.0.tgz 0ms (cache hit)
741 http cache robust-predicates@https://registry.npmjs.org/robust-predicates/-/robust-predicates-3.0.3.tgz 0ms (cache hit)
742 http cache rc9@https://registry.npmjs.org/rc9/-/rc9-3.0.1.tgz 0ms (cache hit)
743 http cache perfect-debounce@https://registry.npmjs.org/perfect-debounce/-/perfect-debounce-2.1.0.tgz 0ms (cache hit)
744 http cache ohash@https://registry.npmjs.org/ohash/-/ohash-2.0.11.tgz 0ms (cache hit)
745 http cache exsolve@https://registry.npmjs.org/exsolve/-/exsolve-1.1.1.tgz 0ms (cache hit)
746 http cache pkg-types@https://registry.npmjs.org/pkg-types/-/pkg-types-2.3.1.tgz 1ms (cache hit)
747 http cache giget@https://registry.npmjs.org/giget/-/giget-3.3.1.tgz 0ms (cache hit)
748 http cache defu@https://registry.npmjs.org/defu/-/defu-6.1.7.tgz 0ms (cache hit)
749 http cache confbox@https://registry.npmjs.org/confbox/-/confbox-0.2.4.tgz 0ms (cache hit)
750 http cache internmap@https://registry.npmjs.org/internmap/-/internmap-2.0.3.tgz 0ms (cache hit)
751 http cache d3-time-format@https://registry.npmjs.org/d3-time-format/-/d3-time-format-4.1.0.tgz 0ms (cache hit)
752 http cache @types/geojson@https://registry.npmjs.org/@types/geojson/-/geojson-7946.0.16.tgz 0ms (cache hit)
753 http cache d3-time@https://registry.npmjs.org/d3-time/-/d3-time-3.1.0.tgz 0ms (cache hit)
754 http cache d3-path@https://registry.npmjs.org/d3-path/-/d3-path-3.1.0.tgz 0ms (cache hit)
755 http cache d3-scale@https://registry.npmjs.org/d3-scale/-/d3-scale-4.0.2.tgz 0ms (cache hit)
756 http cache d3-interpolate@https://registry.npmjs.org/d3-interpolate/-/d3-interpolate-3.0.1.tgz 0ms (cache hit)
757 http cache d3-geo@https://registry.npmjs.org/d3-geo/-/d3-geo-3.1.0.tgz 0ms (cache hit)
758 http cache d3-format@https://registry.npmjs.org/d3-format/-/d3-format-3.1.0.tgz 0ms (cache hit)
759 http cache d3-delaunay@https://registry.npmjs.org/d3-delaunay/-/d3-delaunay-6.0.2.tgz 0ms (cache hit)
760 http cache d3-color@https://registry.npmjs.org/d3-color/-/d3-color-3.1.0.tgz 0ms (cache hit)
761 http cache @types/d3-time-format@https://registry.npmjs.org/@types/d3-time-format/-/d3-time-format-2.1.0.tgz 0ms (cache hit)
762 http cache @types/d3-time@https://registry.npmjs.org/@types/d3-time/-/d3-time-3.0.0.tgz 0ms (cache hit)
763 http cache @types/d3-scale@https://registry.npmjs.org/@types/d3-scale/-/d3-scale-4.0.2.tgz 0ms (cache hit)
764 http cache @types/d3-shape@https://registry.npmjs.org/@types/d3-shape/-/d3-shape-3.1.7.tgz 0ms (cache hit)
765 http cache @types/d3-path@https://registry.npmjs.org/@types/d3-path/-/d3-path-3.1.1.tgz 0ms (cache hit)
766 http cache @types/d3-interpolate@https://registry.npmjs.org/@types/d3-interpolate/-/d3-interpolate-3.0.1.tgz 0ms (cache hit)
767 http cache @types/d3-geo@https://registry.npmjs.org/@types/d3-geo/-/d3-geo-3.1.0.tgz 0ms (cache hit)
768 http cache @types/d3-format@https://registry.npmjs.org/@types/d3-format/-/d3-format-3.0.1.tgz 0ms (cache hit)
769 http cache @types/d3-array@https://registry.npmjs.org/@types/d3-array/-/d3-array-3.0.3.tgz 0ms (cache hit)
770 http cache @types/d3-delaunay@https://registry.npmjs.org/@types/d3-delaunay/-/d3-delaunay-6.0.1.tgz 0ms (cache hit)
771 http cache @types/lodash@https://registry.npmjs.org/@types/lodash/-/lodash-4.17.25.tgz 0ms (cache hit)
772 http cache @types/d3-color@https://registry.npmjs.org/@types/d3-color/-/d3-color-3.1.0.tgz 0ms (cache hit)
773 http cache classnames@https://registry.npmjs.org/classnames/-/classnames-2.5.1.tgz 0ms (cache hit)
774 http cache @visx/point@https://registry.npmjs.org/@visx/point/-/point-4.0.1-alpha.0.tgz 0ms (cache hit)
775 http cache d3-shape@https://registry.npmjs.org/d3-shape/-/d3-shape-3.2.0.tgz 0ms (cache hit)
776 http cache elkjs@https://registry.npmjs.org/elkjs/-/elkjs-0.11.1.tgz 0ms (cache hit)
777 http cache @visx/vendor@https://registry.npmjs.org/@visx/vendor/-/vendor-4.0.0-alpha.0.tgz 0ms (cache hit)
778 http cache d3-array@https://registry.npmjs.org/d3-array/-/d3-array-3.2.4.tgz 0ms (cache hit)
779 http cache @visx/shape@https://registry.npmjs.org/@visx/shape/-/shape-4.0.1-alpha.0.tgz 0ms (cache hit)
780 http cache @visx/scale@https://registry.npmjs.org/@visx/scale/-/scale-4.0.1-alpha.0.tgz 0ms (cache hit)
781 http cache @visx/responsive@https://registry.npmjs.org/@visx/responsive/-/responsive-4.0.1-alpha.0.tgz 0ms (cache hit)
782 http cache env-paths@https://registry.npmjs.org/env-paths/-/env-paths-3.0.0.tgz 0ms (cache hit)
783 http cache @visx/grid@https://registry.npmjs.org/@visx/grid/-/grid-4.0.1-alpha.0.tgz 0ms (cache hit)
784 http cache @visx/curve@https://registry.npmjs.org/@visx/curve/-/curve-4.0.1-alpha.0.tgz 0ms (cache hit)
785 http cache @visx/event@https://registry.npmjs.org/@visx/event/-/event-4.0.1-alpha.0.tgz 0ms (cache hit)
786 http cache valibot@https://registry.npmjs.org/valibot/-/valibot-1.4.2.tgz 0ms (cache hit)
787 http cache @visx/group@https://registry.npmjs.org/@visx/group/-/group-4.0.1-alpha.0.tgz 0ms (cache hit)
788 http cache better-result@https://registry.npmjs.org/better-result/-/better-result-2.10.0.tgz 0ms (cache hit)
789 http cache zeptomatch@https://registry.npmjs.org/zeptomatch/-/zeptomatch-2.1.0.tgz 1ms (cache hit)
790 http cache remeda@https://registry.npmjs.org/remeda/-/remeda-2.33.4.tgz 0ms (cache hit)
791 http cache proper-lockfile@https://registry.npmjs.org/proper-lockfile/-/proper-lockfile-4.1.2.tgz 0ms (cache hit)
792 http cache pathe@https://registry.npmjs.org/pathe/-/pathe-2.0.3.tgz 0ms (cache hit)
793 http cache @prisma/streams-local@https://registry.npmjs.org/@prisma/streams-local/-/streams-local-0.1.11.tgz 0ms (cache hit)
794 http cache find-my-way@https://registry.npmjs.org/find-my-way/-/find-my-way-9.7.0.tgz 0ms (cache hit)
795 http cache get-port-please@https://registry.npmjs.org/get-port-please/-/get-port-please-3.2.0.tgz 0ms (cache hit)
796 http cache @prisma/query-plan-executor@https://registry.npmjs.org/@prisma/query-plan-executor/-/query-plan-executor-7.2.0.tgz 0ms (cache hit)
797 http cache @electric-sql/pglite@https://registry.npmjs.org/@electric-sql/pglite/-/pglite-0.4.3.tgz 0ms (cache hit)
798 http cache @electric-sql/pglite-tools@https://registry.npmjs.org/@electric-sql/pglite-tools/-/pglite-tools-0.3.3.tgz 0ms (cache hit)
799 http cache empathic@https://registry.npmjs.org/empathic/-/empathic-2.0.0.tgz 0ms (cache hit)
800 http cache c12@https://registry.npmjs.org/c12/-/c12-3.3.4.tgz 0ms (cache hit)
801 http cache deepmerge-ts@https://registry.npmjs.org/deepmerge-ts/-/deepmerge-ts-7.1.5.tgz 0ms (cache hit)
802 http cache @electric-sql/pglite-socket@https://registry.npmjs.org/@electric-sql/pglite-socket/-/pglite-socket-0.1.3.tgz 0ms (cache hit)
803 http cache postgres@https://registry.npmjs.org/postgres/-/postgres-3.4.7.tgz 0ms (cache hit)
804 http cache @prisma/get-platform@https://registry.npmjs.org/@prisma/get-platform/-/get-platform-7.2.0.tgz 0ms (cache hit)
805 http cache mysql2@https://registry.npmjs.org/mysql2/-/mysql2-3.15.3.tgz 0ms (cache hit)
806 http cache @prisma/studio-core@https://registry.npmjs.org/@prisma/studio-core/-/studio-core-0.33.0.tgz 0ms (cache hit)
807 http cache @prisma/config@https://registry.npmjs.org/@prisma/config/-/config-7.9.1.tgz 0ms (cache hit)
808 http cache @prisma/fetch-engine@https://registry.npmjs.org/@prisma/fetch-engine/-/fetch-engine-7.9.1.tgz 0ms (cache hit)
809 http cache @prisma/debug@https://registry.npmjs.org/@prisma/debug/-/debug-7.9.1.tgz 0ms (cache hit)
810 http cache @prisma/dev@https://registry.npmjs.org/@prisma/dev/-/dev-0.24.17.tgz 0ms (cache hit)
811 http cache @prisma/engines@https://registry.npmjs.org/@prisma/engines/-/engines-7.9.1.tgz 0ms (cache hit)
812 http cache prisma@https://registry.npmjs.org/prisma/-/prisma-7.9.1.tgz 0ms (cache hit)
813 http cache @prisma/engines-version@https://registry.npmjs.org/@prisma/engines-version/-/engines-version-7.9.0-1.e922089b7d7502aff4249d5da3420f6fa55fc6ad.tgz 0ms (cache hit)
814 http cache std-env@https://registry.npmjs.org/std-env/-/std-env-3.10.0.tgz 0ms (cache hit)
815 http cache effect@https://registry.npmjs.org/effect/-/effect-3.20.0.tgz 0ms (cache hit)
816 http cache d3-array@https://registry.npmjs.org/d3-array/-/d3-array-3.2.1.tgz 0ms (cache hit)
817 http cache cross-spawn@https://registry.npmjs.org/cross-spawn/-/cross-spawn-7.0.6.tgz 0ms (cache hit)
818 http cache foreground-child@https://registry.npmjs.org/foreground-child/-/foreground-child-3.3.1.tgz 1ms (cache hit)
819 http cache signal-exit@https://registry.npmjs.org/signal-exit/-/signal-exit-3.0.7.tgz 0ms (cache hit)
820 http cache json-schema-traverse@https://registry.npmjs.org/json-schema-traverse/-/json-schema-traverse-1.0.0.tgz 0ms (cache hit)
821 http cache jiti@https://registry.npmjs.org/jiti/-/jiti-2.7.0.tgz 0ms (cache hit)
822 http cache chokidar@https://registry.npmjs.org/chokidar/-/chokidar-5.0.0.tgz 0ms (cache hit)
823 http cache ajv@https://registry.npmjs.org/ajv/-/ajv-8.20.0.tgz 0ms (cache hit)
824 http cache @radix-ui/react-toggle@https://registry.npmjs.org/@radix-ui/react-toggle/-/react-toggle-1.1.10.tgz 0ms (cache hit)
825 http cache readdirp@https://registry.npmjs.org/readdirp/-/readdirp-5.0.0.tgz 0ms (cache hit)
826 http cache @prisma/debug@https://registry.npmjs.org/@prisma/debug/-/debug-7.2.0.tgz 0ms (cache hit)
827 http cache @radix-ui/react-primitive@https://registry.npmjs.org/@radix-ui/react-primitive/-/react-primitive-2.1.3.tgz 0ms (cache hit)
828 http cache @prisma/get-platform@https://registry.npmjs.org/@prisma/get-platform/-/get-platform-7.9.1.tgz 0ms (cache hit)
829 http cache @prisma/get-platform@https://registry.npmjs.org/@prisma/get-platform/-/get-platform-7.9.1.tgz 0ms (cache hit)
830 silly tarball no local data for @electric-sql/pglite@https://registry.npmjs.org/@electric-sql/pglite/-/pglite-0.4.3.tgz. Extracting by manifest.
831 silly tarball no local data for @prisma/studio-core@https://registry.npmjs.org/@prisma/studio-core/-/studio-core-0.33.0.tgz. Extracting by manifest.
832 silly tarball no local data for prisma@https://registry.npmjs.org/prisma/-/prisma-7.9.1.tgz. Extracting by manifest.
833 silly tarball no local data for effect@https://registry.npmjs.org/effect/-/effect-3.20.0.tgz. Extracting by manifest.
834 http fetch POST 200 https://registry.npmjs.org/-/npm/v1/security/advisories/bulk 1305ms
835 silly audit report {
835 silly audit report   '@clerk/nextjs': [
835 silly audit report     {
835 silly audit report       id: 1117132,
835 silly audit report       url: 'https://github.com/advisories/GHSA-vqx2-fgx2-5wq9',
835 silly audit report       title: 'Official Clerk JavaScript SDKs: Middleware-based route protection bypass',
835 silly audit report       severity: 'critical',
835 silly audit report       vulnerable_versions: '>=5.0.0 <5.7.6',
835 silly audit report       cwe: [Array],
835 silly audit report       cvss: [Object]
835 silly audit report     }
835 silly audit report   ],
835 silly audit report   'brace-expansion': [
835 silly audit report     {
835 silly audit report       id: 1105443,
835 silly audit report       url: 'https://github.com/advisories/GHSA-v6h2-p8h4-qcjw',
835 silly audit report       title: 'brace-expansion Regular Expression Denial of Service vulnerability',
835 silly audit report       severity: 'low',
835 silly audit report       vulnerable_versions: '>=1.0.0 <=1.1.11',
835 silly audit report       cwe: [Array],
835 silly audit report       cvss: [Object]
835 silly audit report     },
835 silly audit report     {
835 silly audit report       id: 1105444,
835 silly audit report       url: 'https://github.com/advisories/GHSA-v6h2-p8h4-qcjw',
835 silly audit report       title: 'brace-expansion Regular Expression Denial of Service vulnerability',
835 silly audit report       severity: 'low',
835 silly audit report       vulnerable_versions: '>=2.0.0 <=2.0.1',
835 silly audit report       cwe: [Array],
835 silly audit report       cvss: [Object]
835 silly audit report     },
835 silly audit report     {
835 silly audit report       id: 1130588,
835 silly audit report       url: 'https://github.com/advisories/GHSA-mh99-v99m-4gvg',
835 silly audit report       title: 'brace-expansion: DoS via unbounded expansion length causing an out-of-memory process crash',
835 silly audit report       severity: 'high',
835 silly audit report       vulnerable_versions: '<1.1.17',
835 silly audit report       cwe: [Array],
835 silly audit report       cvss: [Object]
835 silly audit report     },
835 silly audit report     {
835 silly audit report       id: 1130589,
835 silly audit report       url: 'https://github.com/advisories/GHSA-mh99-v99m-4gvg',
835 silly audit report       title: 'brace-expansion: DoS via unbounded expansion length causing an out-of-memory process crash',
835 silly audit report       severity: 'high',
835 silly audit report       vulnerable_versions: '>=2.0.0 <2.1.3',
835 silly audit report       cwe: [Array],
835 silly audit report       cvss: [Object]
835 silly audit report     },
835 silly audit report     {
835 silly audit report       id: 1115540,
835 silly audit report       url: 'https://github.com/advisories/GHSA-f886-m6hf-6m8v',
835 silly audit report       title: 'brace-expansion: Zero-step sequence causes process hang and memory exhaustion',
835 silly audit report       severity: 'moderate',
835 silly audit report       vulnerable_versions: '<1.1.13',
835 silly audit report       cwe: [Array],
835 silly audit report       cvss: [Object]
835 silly audit report     },
835 silly audit report     {
835 silly audit report       id: 1115541,
835 silly audit report       url: 'https://github.com/advisories/GHSA-f886-m6hf-6m8v',
835 silly audit report       title: 'brace-expansion: Zero-step sequence causes process hang and memory exhaustion',
835 silly audit report       severity: 'moderate',
835 silly audit report       vulnerable_versions: '>=2.0.0 <2.0.3',
835 silly audit report       cwe: [Array],
835 silly audit report       cvss: [Object]
835 silly audit report     },
835 silly audit report     {
835 silly audit report       id: 1123896,
835 silly audit report       url: 'https://github.com/advisories/GHSA-3jxr-9vmj-r5cp',
835 silly audit report       title: 'brace-expansion: DoS via exponential-time expansion of consecutive non-expanding {} groups',
835 silly audit report       severity: 'high',
835 silly audit report       vulnerable_versions: '>=2.0.0 <2.1.2',
835 silly audit report       cwe: [Array],
835 silly audit report       cvss: [Object]
835 silly audit report     },
835 silly audit report     {
835 silly audit report       id: 1123897,
835 silly audit report       url: 'https://github.com/advisories/GHSA-3jxr-9vmj-r5cp',
835 silly audit report       title: 'brace-expansion: DoS via exponential-time expansion of consecutive non-expanding {} groups',
835 silly audit report       severity: 'high',
835 silly audit report       vulnerable_versions: '<1.1.16',
835 silly audit report       cwe: [Array],
835 silly audit report       cvss: [Object]
835 silly audit report     }
835 silly audit report   ],
835 silly audit report   minimatch: [
835 silly audit report     {
835 silly audit report       id: 1113459,
835 silly audit report       url: 'https://github.com/advisories/GHSA-3ppc-4f35-3m26',
835 silly audit report       title: 'minimatch has a ReDoS via repeated wildcards with non-matching literal in pattern',
835 silly audit report       severity: 'high',
835 silly audit report       vulnerable_versions: '<3.1.3',
835 silly audit report       cwe: [Array],
835 silly audit report       cvss: [Object]
835 silly audit report     },
835 silly audit report     {
835 silly audit report       id: 1113465,
835 silly audit report       url: 'https://github.com/advisories/GHSA-3ppc-4f35-3m26',
835 silly audit report       title: 'minimatch has a ReDoS via repeated wildcards with non-matching literal in pattern',
835 silly audit report       severity: 'high',
835 silly audit report       vulnerable_versions: '>=9.0.0 <9.0.6',
835 silly audit report       cwe: [Array],
835 silly audit report       cvss: [Object]
835 silly audit report     },
835 silly audit report     {
835 silly audit report       id: 1113538,
835 silly audit report       url: 'https://github.com/advisories/GHSA-7r86-cg39-jmmj',
835 silly audit report       title: 'minimatch has ReDoS: matchOne() combinatorial backtracking via multiple non-adjacent GLOBSTAR segments',
835 silly audit report       severity: 'high',
835 silly audit report       vulnerable_versions: '<3.1.3',
835 silly audit report       cwe: [Array],
835 silly audit report       cvss: [Object]
835 silly audit report     },
835 silly audit report     {
835 silly audit report       id: 1113544,
835 silly audit report       url: 'https://github.com/advisories/GHSA-7r86-cg39-jmmj',
835 silly audit report       title: 'minimatch has ReDoS: matchOne() combinatorial backtracking via multiple non-adjacent GLOBSTAR segments',
835 silly audit report       severity: 'high',
835 silly audit report       vulnerable_versions: '>=9.0.0 <9.0.7',
835 silly audit report       cwe: [Array],
835 silly audit report       cvss: [Object]
835 silly audit report     },
835 silly audit report     {
835 silly audit report       id: 1113546,
835 silly audit report       url: 'https://github.com/advisories/GHSA-23c5-xmqv-rm74',
835 silly audit report       title: 'minimatch ReDoS: nested *() extglobs generate catastrophically backtracking regular expressions',
835 silly audit report       severity: 'high',
835 silly audit report       vulnerable_versions: '<3.1.4',
835 silly audit report       cwe: [Array],
835 silly audit report       cvss: [Object]
835 silly audit report     },
835 silly audit report     {
835 silly audit report       id: 1113552,
835 silly audit report       url: 'https://github.com/advisories/GHSA-23c5-xmqv-rm74',
835 silly audit report       title: 'minimatch ReDoS: nested *() extglobs generate catastrophically backtracking regular expressions',
835 silly audit report       severity: 'high',
835 silly audit report       vulnerable_versions: '>=9.0.0 <9.0.7',
835 silly audit report       cwe: [Array],
835 silly audit report       cvss: [Object]
835 silly audit report     }
835 silly audit report   ],
835 silly audit report   ajv: [
835 silly audit report     {
835 silly audit report       id: 1113714,
835 silly audit report       url: 'https://github.com/advisories/GHSA-2g4f-4pwh-qvx6',
835 silly audit report       title: 'ajv has ReDoS when using `$data` option',
835 silly audit report       severity: 'moderate',
835 silly audit report       vulnerable_versions: '<6.14.0',
835 silly audit report       cwe: [Array],
835 silly audit report       cvss: [Object]
835 silly audit report     }
835 silly audit report   ],
835 silly audit report   axios: [
835 silly audit report     {
835 silly audit report       id: 1111035,
835 silly audit report       url: 'https://github.com/advisories/GHSA-jr5f-v2jv-69x6',
835 silly audit report       title: 'axios Requests Vulnerable To Possible SSRF and Credential Leakage via Absolute URL',
835 silly audit report       severity: 'high',
835 silly audit report       vulnerable_versions: '>=1.0.0 <1.8.2',
835 silly audit report       cwe: [Array],
835 silly audit report       cvss: [Object]
835 silly audit report     },
835 silly audit report     {
835 silly audit report       id: 1118607,
835 silly audit report       url: 'https://github.com/advisories/GHSA-q8qp-cvcw-x6jj',
835 silly audit report       title: 'Axios has prototype pollution read-side gadgets in HTTP adapter that allow credential injection and request hijacking',
835 silly audit report       severity: 'high',
835 silly audit report       vulnerable_versions: '>=1.0.0 <1.15.2',
835 silly audit report       cwe: [Array],
835 silly audit report       cvss: [Object]
835 silly audit report     },
835 silly audit report     {
835 silly audit report       id: 1112195,
835 silly audit report       url: 'https://github.com/advisories/GHSA-4hjh-wcwx-xvwj',
835 silly audit report       title: 'Axios is vulnerable to DoS attack through lack of data size check',
835 silly audit report       severity: 'high',
835 silly audit report       vulnerable_versions: '>=1.0.0 <1.12.0',
835 silly audit report       cwe: [Array],
835 silly audit report       cvss: [Object]
835 silly audit report     },
835 silly audit report     {
835 silly audit report       id: 1119404,
835 silly audit report       url: 'https://github.com/advisories/GHSA-fvcv-3m26-pcqx',
835 silly audit report       title: 'Axios has Unrestricted Cloud Metadata Exfiltration via Header Injection Chain',
835 silly audit report       severity: 'moderate',
835 silly audit report       vulnerable_versions: '>=1.0.0 <1.15.0',
835 silly audit report       cwe: [Array],
835 silly audit report       cvss: [Object]
835 silly audit report     },
835 silly audit report     {
835 silly audit report       id: 1120125,
835 silly audit report       url: 'https://github.com/advisories/GHSA-62hf-57xw-28j9',
835 silly audit report       title: 'Axios: unbounded recursion in toFormData causes DoS via deeply nested request data',
835 silly audit report       severity: 'moderate',
835 silly audit report       vulnerable_versions: '>=1.0.0 <1.15.1',
835 silly audit report       cwe: [Array],
835 silly audit report       cvss: [Object]
835 silly audit report     },
835 silly audit report     {
835 silly audit report       id: 1120547,
835 silly audit report       url: 'https://github.com/advisories/GHSA-hfxv-24rg-xrqf',
835 silly audit report       title: 'Axios: Regular Expression Denial of Service (ReDoS) via Cookie Name Injection',
835 silly audit report       severity: 'high',
835 silly audit report       vulnerable_versions: '>=1.0.0 <1.16.0',
835 silly audit report       cwe: [Array],
835 silly audit report       cvss: [Object]
835 silly audit report     },
835 silly audit report     {
835 silly audit report       id: 1120643,
835 silly audit report       url: 'https://github.com/advisories/GHSA-777c-7fjr-54vf',
835 silly audit report       title: 'Allocation of Resources Without Limits or Throttling in Axios',
835 silly audit report       severity: 'high',
835 silly audit report       vulnerable_versions: '>=1.7.0 <1.16.0',
835 silly audit report       cwe: [Array],
835 silly audit report       cvss: [Object]
835 silly audit report     },
835 silly audit report     {
835 silly audit report       id: 1120645,
835 silly audit report       url: 'https://github.com/advisories/GHSA-p92q-9vqr-4j8v',
835 silly audit report       title: 'Axios: Proxy-Authorization Credential Leak to Origin Server Across HTTP-to-HTTPS Redirect in Axios Node.js HTTP Adapter',
835 silly audit report       severity: 'high',
835 silly audit report       vulnerable_versions: '>=1.0.0 <1.16.0',
835 silly audit report       cwe: [Array],
835 silly audit report       cvss: [Object]
835 silly audit report     },
835 silly audit report     {
835 silly audit report       id: 1120647,
835 silly audit report       url: 'https://github.com/advisories/GHSA-j5f8-grm9-p9fc',
835 silly audit report       title: 'Axios: Proxy-Authorization header leaks to redirect target when proxy is re-evaluated to direct connection',
835 silly audit report       severity: 'high',
835 silly audit report       vulnerable_versions: '>=1.0.0 <1.16.0',
835 silly audit report       cwe: [Array],
835 silly audit report       cvss: [Object]
835 silly audit report     },
835 silly audit report     {
835 silly audit report       id: 1120649,
835 silly audit report       url: 'https://github.com/advisories/GHSA-3g43-6gmg-66jw',
835 silly audit report       title: 'axios Vulnerable to Credential Theft and Response Hijacking via Prototype Pollution Gadget in Config Merge',
835 silly audit report       severity: 'high',
835 silly audit report       vulnerable_versions: '>=1.0.0 <1.15.2',
835 silly audit report       cwe: [Array],
835 silly audit report       cvss: [Object]
835 silly audit report     },
835 silly audit report     {
835 silly audit report       id: 1120650,
835 silly audit report       url: 'https://github.com/advisories/GHSA-35jp-ww65-95wh',
835 silly audit report       title: 'axios Vulnerable to Full Man-in-the-Middle via Prototype Pollution Gadget in `config.proxy`',
835 silly audit report       severity: 'high',
835 silly audit report       vulnerable_versions: '>=1.0.0 <1.16.0',
835 silly audit report       cwe: [Array],
835 silly audit report       cvss: [Object]
835 silly audit report     },
835 silly audit report     {
835 silly audit report       id: 1120652,
835 silly audit report       url: 'https://github.com/advisories/GHSA-898c-q2cr-xwhg',
835 silly audit report       title: 'axios has DoS & Header Injection via Prototype Pollution Read-Side Gadgets in axios merge functions',
835 silly audit report       severity: 'moderate',
835 silly audit report       vulnerable_versions: '>=1.0.0 <1.16.0',
835 silly audit report       cwe: [Array],
835 silly audit report       cvss: [Object]
835 silly audit report     },
835 silly audit report     {
835 silly audit report       id: 1116673,
835 silly audit report       url: 'https://github.com/advisories/GHSA-3p68-rc4w-qgx5',
835 silly audit report       title: 'Axios has a NO_PROXY Hostname Normalization Bypass that Leads to SSRF',
835 silly audit report       severity: 'moderate',
835 silly audit report       vulnerable_versions: '>=1.0.0 <1.15.0',
835 silly audit report       cwe: [Array],
835 silly audit report       cvss: [Object]
835 silly audit report     },
835 silly audit report     {
835 silly audit report       id: 1117574,
835 silly audit report       url: 'https://github.com/advisories/GHSA-w9j2-pvgh-6h63',
835 silly audit report       title: 'Axios: Authentication Bypass via Prototype Pollution Gadget in `validateStatus` Merge Strategy',
835 silly audit report       severity: 'moderate',
835 silly audit report       vulnerable_versions: '>=1.0.0 <1.15.1',
835 silly audit report       cwe: [Array],
835 silly audit report       cvss: [Object]
835 silly audit report     },
835 silly audit report     {
835 silly audit report       id: 1117576,
835 silly audit report       url: 'https://github.com/advisories/GHSA-pmwg-cvhr-8vh7',
835 silly audit report       title: 'Axios: Incomplete Fix for CVE-2025-62718 — NO_PROXY Protection Bypassed via RFC 1122 Loopback Subnet (127.0.0.0/8) in Axios 1.15.0',
835 silly audit report       severity: 'high',
835 silly audit report       vulnerable_versions: '>=1.0.0 <1.15.1',
835 silly audit report       cwe: [Array],
835 silly audit report       cvss: [Object]
835 silly audit report     },
835 silly audit report     {
835 silly audit report       id: 1117577,
835 silly audit report       url: 'https://github.com/advisories/GHSA-3w6x-2g7m-8v23',
835 silly audit report       title: 'Axios: Invisible JSON Response Tampering via Prototype Pollution Gadget in `parseReviver`',
835 silly audit report       severity: 'moderate',
835 silly audit report       vulnerable_versions: '>=1.0.0 <1.15.2',
835 silly audit report       cwe: [Array],
835 silly audit report       cvss: [Object]
835 silly audit report     },
835 silly audit report     {
835 silly audit report       id: 1117580,
835 silly audit report       url: 'https://github.com/advisories/GHSA-xhjh-pmcv-23jw',
835 silly audit report       title: 'Axios: Null Byte Injection via Reverse-Encoding in AxiosURLSearchParams',
835 silly audit report       severity: 'low',
835 silly audit report       vulnerable_versions: '>=1.0.0 <1.15.1',
835 silly audit report       cwe: [Array],
835 silly audit report       cvss: [Object]
835 silly audit report     },
835 silly audit report     {
835 silly audit report       id: 1117581,
835 silly audit report       url: 'https://github.com/advisories/GHSA-445q-vr5w-6q77',
835 silly audit report       title: 'Axios: CRLF Injection in multipart/form-data body via unsanitized blob.type in formDataToStream',
835 silly audit report       severity: 'moderate',
835 silly audit report       vulnerable_versions: '>=1.0.0 <1.15.1',
835 silly audit report       cwe: [Array],
835 silly audit report       cvss: [Object]
835 silly audit report     },
835 silly audit report     {
835 silly audit report       id: 1117583,
835 silly audit report       url: 'https://github.com/advisories/GHSA-m7pr-hjqh-92cm',
835 silly audit report       title: 'Axios: no_proxy bypass via IP alias allows SSRF',
835 silly audit report       severity: 'moderate',
835 silly audit report       vulnerable_versions: '>=1.0.0 <1.15.1',
835 silly audit report       cwe: [Array],
835 silly audit report       cvss: [Object]
835 silly audit report     },
835 silly audit report     {
835 silly audit report       id: 1117587,
835 silly audit report       url: 'https://github.com/advisories/GHSA-5c9x-8gcm-mpgx',
835 silly audit report       title: "Axios' HTTP adapter-streamed uploads bypass maxBodyLength when maxRedirects: 0",
835 silly audit report       severity: 'moderate',
835 silly audit report       vulnerable_versions: '>=1.0.0 <1.15.1',
835 silly audit report       cwe: [Array],
835 silly audit report       cvss: [Object]
835 silly audit report     },
835 silly audit report     {
835 silly audit report       id: 1117589,
835 silly audit report       url: 'https://github.com/advisories/GHSA-vf2m-468p-8v99',
835 silly audit report       title: 'Axios: HTTP adapter streamed responses bypass maxContentLength',
835 silly audit report       severity: 'moderate',
835 silly audit report       vulnerable_versions: '>=1.0.0 <1.15.1',
835 silly audit report       cwe: [Array],
835 silly audit report       cvss: [Object]
835 silly audit report     },
835 silly audit report     {
835 silly audit report       id: 1117591,
835 silly audit report       url: 'https://github.com/advisories/GHSA-pf86-5x62-jrwf',
835 silly audit report       title: 'Axios: Prototype Pollution Gadgets - Response Tampering, Data Exfiltration, and Request Hijacking',
835 silly audit report       severity: 'high',
835 silly audit report       vulnerable_versions: '>=1.0.0 <1.15.1',
835 silly audit report       cwe: [Array],
835 silly audit report       cvss: [Object]
835 silly audit report     },
835 silly audit report     {
835 silly audit report       id: 1117593,
835 silly audit report       url: 'https://github.com/advisories/GHSA-6chq-wfr3-2hj9',
835 silly audit report       title: 'Axios: Header Injection via Prototype Pollution',
835 silly audit report       severity: 'high',
835 silly audit report       vulnerable_versions: '>=1.0.0 <1.15.1',
835 silly audit report       cwe: [Array],
835 silly audit report       cvss: [Object]
835 silly audit report     },
835 silly audit report     {
835 silly audit report       id: 1117595,
835 silly audit report       url: 'https://github.com/advisories/GHSA-xx6v-rp6x-q39c',
835 silly audit report       title: 'Axios: XSRF Token Cross-Origin Leakage via Prototype Pollution Gadget in `withXSRFToken` Boolean Coercion',
835 silly audit report       severity: 'moderate',
835 silly audit report       vulnerable_versions: '>=1.0.0 <1.15.1',
835 silly audit report       cwe: [Array],
835 silly audit report       cvss: [Object]
835 silly audit report     },
835 silly audit report     {
835 silly audit report       id: 1117858,
835 silly audit report       url: 'https://github.com/advisories/GHSA-43fc-jf86-j433',
835 silly audit report       title: 'Axios is Vulnerable to Denial of Service via __proto__ Key in mergeConfig',
835 silly audit report       severity: 'high',
835 silly audit report       vulnerable_versions: '>=1.0.0 <=1.13.4',
835 silly audit report       cwe: [Array],
835 silly audit report       cvss: [Object]
835 silly audit report     },
835 silly audit report     {
835 silly audit report       id: 1123882,
835 silly audit report       url: 'https://github.com/advisories/GHSA-42h9-826w-cgv3',
835 silly audit report       title: 'Axios: Excessive recursion in formDataToJSON can cause denial of service',
835 silly audit report       severity: 'moderate',
835 silly audit report       vulnerable_versions: '>=1.0.0 <1.18.0',
835 silly audit report       cwe: [Array],
835 silly audit report       cvss: [Object]
835 silly audit report     },
835 silly audit report     {
835 silly audit report       id: 1123885,
835 silly audit report       url: 'https://github.com/advisories/GHSA-pmv8-rq9r-6j72',
835 silly audit report       title: 'Axios: Deep formToJSON Key Recursion Can Cause Denial of Service',
835 silly audit report       severity: 'moderate',
835 silly audit report       vulnerable_versions: '>=1.0.0 <1.18.0',
835 silly audit report       cwe: [Array],
835 silly audit report       cvss: [Object]
835 silly audit report     },
835 silly audit report     {
835 silly audit report       id: 1123957,
835 silly audit report       url: 'https://github.com/advisories/GHSA-jqh4-m9w3-8hp9',
835 silly audit report       title: 'Axios: Fetch adapter `ReadableStream` uploads bypass `maxBodyLength`',
835 silly audit report       severity: 'moderate',
835 silly audit report       vulnerable_versions: '>=1.7.0 <1.18.0',
835 silly audit report       cwe: [Array],
835 silly audit report       cvss: [Object]
835 silly audit report     },
835 silly audit report     {
835 silly audit report       id: 1123959,
835 silly audit report       url: 'https://github.com/advisories/GHSA-mmx7-hfxf-jppx',
835 silly audit report       title: 'Axios: Prototype pollution gadgets can alter axios request construction',
835 silly audit report       severity: 'moderate',
835 silly audit report       vulnerable_versions: '>=1.0.0 <1.18.0',
835 silly audit report       cwe: [Array],
835 silly audit report       cvss: [Object]
835 silly audit report     },
835 silly audit report     {
835 silly audit report       id: 1123971,
835 silly audit report       url: 'https://github.com/advisories/GHSA-7q8q-rj6j-mhjq',
835 silly audit report       title: 'Axios: Nested axios option objects can consume polluted prototype values',
835 silly audit report       severity: 'moderate',
835 silly audit report       vulnerable_versions: '>=1.0.0 <1.18.0',
835 silly audit report       cwe: [Array],
835 silly audit report       cvss: [Object]
835 silly audit report     },
835 silly audit report     {
835 silly audit report       id: 1098583,
835 silly audit report       url: 'https://github.com/advisories/GHSA-8hc4-vh64-cxmj',
835 silly audit report       title: 'Server-Side Request Forgery in axios',
835 silly audit report       severity: 'high',
835 silly audit report       vulnerable_versions: '>=1.3.2 <=1.7.3',
835 silly audit report       cwe: [Array],
835 silly audit report       cvss: [Object]
835 silly audit report     }
835 silly audit report   ],
835 silly audit report   cloudinary: [
835 silly audit report     {
835 silly audit report       id: 1109723,
835 silly audit report       url: 'https://github.com/advisories/GHSA-g4mf-96x5-5m2c',
835 silly audit report       title: 'Cloudinary Node SDK is vulnerable to Arbitrary Argument Injection through parameters that include an ampersand',
835 silly audit report       severity: 'high',
835 silly audit report       vulnerable_versions: '<2.7.0',
835 silly audit report       cwe: [Array],
835 silly audit report       cvss: [Object]
835 silly audit report     }
835 silly audit report   ],
835 silly audit report   cookie: [
835 silly audit report     {
835 silly audit report       id: 1103907,
835 silly audit report       url: 'https://github.com/advisories/GHSA-pxg6-pf52-xh8x',
835 silly audit report       title: 'cookie accepts cookie name, path, and domain with out of bounds characters',
835 silly audit report       severity: 'low',
835 silly audit report       vulnerable_versions: '<0.7.0',
835 silly audit report       cwe: [Array],
835 silly audit report       cvss: [Object]
835 silly audit report     }
835 silly audit report   ],
835 silly audit report   diff: [
835 silly audit report     {
835 silly audit report       id: 1112704,
835 silly audit report       url: 'https://github.com/advisories/GHSA-73rr-hh4g-fpgx',
835 silly audit report       title: 'jsdiff has a Denial of Service vulnerability in parsePatch and applyPatch',
835 silly audit report       severity: 'low',
835 silly audit report       vulnerable_versions: '>=4.0.0 <4.0.4',
835 silly audit report       cwe: [Array],
835 silly audit report       cvss: [Object]
835 silly audit report     }
835 silly audit report   ],
835 silly audit report   flatted: [
835 silly audit report     {
835 silly audit report       id: 1114526,
835 silly audit report       url: 'https://github.com/advisories/GHSA-25h7-pfq9-p65f',
835 silly audit report       title: 'flatted vulnerable to unbounded recursion DoS in parse() revive phase',
835 silly audit report       severity: 'high',
835 silly audit report       vulnerable_versions: '<3.4.0',
835 silly audit report       cwe: [Array],
835 silly audit report       cvss: [Object]
835 silly audit report     },
835 silly audit report     {
835 silly audit report       id: 1115357,
835 silly audit report       url: 'https://github.com/advisories/GHSA-rf6f-7fwh-wjgh',
835 silly audit report       title: 'Prototype Pollution via parse() in NodeJS flatted',
835 silly audit report       severity: 'high',
835 silly audit report       vulnerable_versions: '<=3.4.1',
835 silly audit report       cwe: [Array],
835 silly audit report       cvss: [Object]
835 silly audit report     }
835 silly audit report   ],
835 silly audit report   'follow-redirects': [
835 silly audit report     {
835 silly audit report       id: 1116560,
835 silly audit report       url: 'https://github.com/advisories/GHSA-r4q5-vmmm-2653',
835 silly audit report       title: 'follow-redirects leaks Custom Authentication Headers to Cross-Domain Redirect Targets',
835 silly audit report       severity: 'moderate',
835 silly audit report       vulnerable_versions: '<=1.15.11',
835 silly audit report       cwe: [Array],
835 silly audit report       cvss: [Object]
835 silly audit report     }
835 silly audit report   ],
835 silly audit report   'form-data': [
835 silly audit report     {
835 silly audit report       id: 1109538,
835 silly audit report       url: 'https://github.com/advisories/GHSA-fjxv-7rqg-78g4',
835 silly audit report       title: 'form-data uses unsafe random function in form-data for choosing boundary',
835 silly audit report       severity: 'critical',
835 silly audit report       vulnerable_versions: '>=4.0.0 <4.0.4',
835 silly audit report       cwe: [Array],
835 silly audit report       cvss: [Object]
835 silly audit report     },
835 silly audit report     {
835 silly audit report       id: 1120743,
835 silly audit report       url: 'https://github.com/advisories/GHSA-hmw2-7cc7-3qxx',
835 silly audit report       title: 'form-data: CRLF injection in form-data via unescaped multipart field names and filenames',
835 silly audit report       severity: 'high',
835 silly audit report       vulnerable_versions: '>=4.0.0 <4.0.6',
835 silly audit report       cwe: [Array],
835 silly audit report       cvss: [Object]
835 silly audit report     }
835 silly audit report   ],
835 silly audit report   glob: [
835 silly audit report     {
835 silly audit report       id: 1109842,
835 silly audit report       url: 'https://github.com/advisories/GHSA-5j98-mcp5-4vw2',
835 silly audit report       title: 'glob CLI: Command injection via -c/--cmd executes matches with shell:true',
835 silly audit report       severity: 'high',
835 silly audit report       vulnerable_versions: '>=10.2.0 <10.5.0',
835 silly audit report       cwe: [Array],
835 silly audit report       cvss: [Object]
835 silly audit report     }
835 silly audit report   ],
835 silly audit report   'js-cookie': [
835 silly audit report     {
835 silly audit report       id: 1120607,
835 silly audit report       url: 'https://github.com/advisories/GHSA-qjx8-664m-686j',
835 silly audit report       title: 'JavaScript Cookie: Per-instance prototype hijack in assign() enables cookie-attribute injection',
835 silly audit report       severity: 'high',
835 silly audit report       vulnerable_versions: '<=3.0.5',
835 silly audit report       cwe: [Array],
835 silly audit report       cvss: [Object]
835 silly audit report     }
835 silly audit report   ],
835 silly audit report   'js-yaml': [
835 silly audit report     {
835 silly audit report       id: 1112715,
835 silly audit report       url: 'https://github.com/advisories/GHSA-mh29-5h37-fv8m',
835 silly audit report       title: 'js-yaml has prototype pollution in merge (<<)',
835 silly audit report       severity: 'moderate',
835 silly audit report       vulnerable_versions: '>=4.0.0 <4.1.1',
835 silly audit report       cwe: [Array],
835 silly audit report       cvss: [Object]
835 silly audit report     },
835 silly audit report     {
835 silly audit report       id: 1121860,
835 silly audit report       url: 'https://github.com/advisories/GHSA-h67p-54hq-rp68',
835 silly audit report       title: 'JS-YAML: Quadratic-complexity DoS in merge key handling via repeated aliases',
835 silly audit report       severity: 'moderate',
835 silly audit report       vulnerable_versions: '>=4.0.0 <=4.1.1',
835 silly audit report       cwe: [Array],
835 silly audit report       cvss: [Object]
835 silly audit report     },
835 silly audit report     {
835 silly audit report       id: 1123911,
835 silly audit report       url: 'https://github.com/advisories/GHSA-52cp-r559-cp3m',
835 silly audit report       title: 'js-yaml: YAML merge-key chains can force quadratic CPU consumption',
835 silly audit report       severity: 'high',
835 silly audit report       vulnerable_versions: '>=4.0.0 <4.3.0',
835 silly audit report       cwe: [Array],
835 silly audit report       cvss: [Object]
835 silly audit report     }
835 silly audit report   ],
835 silly audit report   lodash: [
835 silly audit report     {
835 silly audit report       id: 1120370,
835 silly audit report       url: 'https://github.com/advisories/GHSA-xxjr-mmjv-4gpg',
835 silly audit report       title: 'Lodash has Prototype Pollution Vulnerability in `_.unset` and `_.omit` functions',
835 silly audit report       severity: 'moderate',
835 silly audit report       vulnerable_versions: '>=4.0.0 <=4.17.22',
835 silly audit report       cwe: [Array],
835 silly audit report       cvss: [Object]
835 silly audit report     },
835 silly audit report     {
835 silly audit report       id: 1115806,
835 silly audit report       url: 'https://github.com/advisories/GHSA-r5fr-rjxr-66jc',
835 silly audit report       title: 'lodash vulnerable to Code Injection via `_.template` imports key names',
835 silly audit report       severity: 'high',
835 silly audit report       vulnerable_versions: '>=4.0.0 <=4.17.23',
835 silly audit report       cwe: [Array],
835 silly audit report       cvss: [Object]
835 silly audit report     },
835 silly audit report     {
835 silly audit report       id: 1115810,
835 silly audit report       url: 'https://github.com/advisories/GHSA-f23m-r3pf-42rh',
835 silly audit report       title: 'lodash vulnerable to Prototype Pollution via array path bypass in `_.unset` and `_.omit`',
835 silly audit report       severity: 'moderate',
835 silly audit report       vulnerable_versions: '<=4.17.23',
835 silly audit report       cwe: [Array],
835 silly audit report       cvss: [Object]
835 silly audit report     }
835 silly audit report   ],
835 silly audit report   micromatch: [
835 silly audit report     {
835 silly audit report       id: 1098681,
835 silly audit report       url: 'https://github.com/advisories/GHSA-952p-6rrq-rcjv',
835 silly audit report       title: 'Regular Expression Denial of Service (ReDoS) in micromatch',
835 silly audit report       severity: 'moderate',
835 silly audit report       vulnerable_versions: '<4.0.8',
835 silly audit report       cwe: [Array],
835 silly audit report       cvss: [Object]
835 silly audit report     }
835 silly audit report   ],
835 silly audit report   nanoid: [
835 silly audit report     {
835 silly audit report       id: 1109563,
835 silly audit report       url: 'https://github.com/advisories/GHSA-mwcw-c2x4-8c55',
835 silly audit report       title: 'Predictable results in nanoid generation when given non-integer values',
835 silly audit report       severity: 'moderate',
835 silly audit report       vulnerable_versions: '<3.3.8',
835 silly audit report       cwe: [Array],
835 silly audit report       cvss: [Object]
835 silly audit report     }
835 silly audit report   ],
835 silly audit report   next: [
835 silly audit report     {
835 silly audit report       id: 1099638,
835 silly audit report       url: 'https://github.com/advisories/GHSA-gp8f-8m3g-qvj9',
835 silly audit report       title: 'Next.js Cache Poisoning',
835 silly audit report       severity: 'high',
835 silly audit report       vulnerable_versions: '>=14.0.0 <14.2.10',
835 silly audit report       cwe: [Array],
835 silly audit report       cvss: [Object]
835 silly audit report     },
835 silly audit report     {
835 silly audit report       id: 1100421,
835 silly audit report       url: 'https://github.com/advisories/GHSA-g77x-44xx-532m',
835 silly audit report       title: 'Denial of Service condition in Next.js image optimization',
835 silly audit report       severity: 'moderate',
835 silly audit report       vulnerable_versions: '>=10.0.0 <14.2.7',
835 silly audit report       cwe: [Array],
835 silly audit report       cvss: [Object]
835 silly audit report     },
835 silly audit report     {
835 silly audit report       id: 1117931,
835 silly audit report       url: 'https://github.com/advisories/GHSA-8h8q-6873-q5fj',
835 silly audit report       title: 'Next.js Vulnerable to Denial of Service with Server Components',
835 silly audit report       severity: 'high',
835 silly audit report       vulnerable_versions: '>=13.0.0 <15.5.16',
835 silly audit report       cwe: [Array],
835 silly audit report       cvss: [Object]
835 silly audit report     },
835 silly audit report     {
835 silly audit report       id: 1101438,
835 silly audit report       url: 'https://github.com/advisories/GHSA-7m27-7ghc-44w9',
835 silly audit report       title: 'Next.js Allows a Denial of Service (DoS) with Server Actions',
835 silly audit report       severity: 'moderate',
835 silly audit report       vulnerable_versions: '>=14.0.0 <14.2.21',
835 silly audit report       cwe: [Array],
835 silly audit report       cvss: [Object]
835 silly audit report     },
835 silly audit report     {
835 silly audit report       id: 1105461,
835 silly audit report       url: 'https://github.com/advisories/GHSA-3h52-269p-cp9r',
835 silly audit report       title: 'Information exposure in Next.js dev server due to lack of origin verification',
835 silly audit report       severity: 'low',
835 silly audit report       vulnerable_versions: '>=13.0 <14.2.30',
835 silly audit report       cwe: [Array],
835 silly audit report       cvss: [Object]
835 silly audit report     },
835 silly audit report     {
835 silly audit report       id: 1111391,
835 silly audit report       url: 'https://github.com/advisories/GHSA-mwv6-3258-q52c',
835 silly audit report       title: 'Next Vulnerable to Denial of Service with Server Components',
835 silly audit report       severity: 'high',
835 silly audit report       vulnerable_versions: '>=13.3.0 <14.2.34',
835 silly audit report       cwe: [Array],
835 silly audit report       cvss: [Object]
835 silly audit report     },
835 silly audit report     {
835 silly audit report       id: 1107226,
835 silly audit report       url: 'https://github.com/advisories/GHSA-g5qg-72qw-gw5v',
835 silly audit report       title: 'Next.js Affected by Cache Key Confusion for Image Optimization API Routes',
835 silly audit report       severity: 'moderate',
835 silly audit report       vulnerable_versions: '>=0.9.9 <14.2.31',
835 silly audit report       cwe: [Array],
835 silly audit report       cvss: [Object]
835 silly audit report     },
835 silly audit report     {
835 silly audit report       id: 1107420,
835 silly audit report       url: 'https://github.com/advisories/GHSA-7gfc-8cq8-jh5f',
835 silly audit report       title: 'Next.js authorization bypass vulnerability',
835 silly audit report       severity: 'high',
835 silly audit report       vulnerable_versions: '>=9.5.5 <14.2.15',
835 silly audit report       cwe: [Array],
835 silly audit report       cvss: [Object]
835 silly audit report     },
835 silly audit report     {
835 silly audit report       id: 1107512,
835 silly audit report       url: 'https://github.com/advisories/GHSA-4342-x723-ch2f',
835 silly audit report       title: 'Next.js Improper Middleware Redirect Handling Leads to SSRF',
835 silly audit report       severity: 'moderate',
835 silly audit report       vulnerable_versions: '>=0.9.9 <14.2.32',
835 silly audit report       cwe: [Array],
835 silly audit report       cvss: [Object]
835 silly audit report     },
835 silly audit report     {
835 silly audit report       id: 1107513,
835 silly audit report       url: 'https://github.com/advisories/GHSA-xv57-4mr9-wg8v',
835 silly audit report       title: 'Next.js Content Injection Vulnerability for Image Optimization',
835 silly audit report       severity: 'moderate',
835 silly audit report       vulnerable_versions: '>=0.9.9 <14.2.31',
835 silly audit report       cwe: [Array],
835 silly audit report       cvss: [Object]
835 silly audit report     },
835 silly audit report     {
835 silly audit report       id: 1112182,
835 silly audit report       url: 'https://github.com/advisories/GHSA-5j59-xgg2-r9c4',
835 silly audit report       title: 'Next has a Denial of Service with Server Components - Incomplete Fix Follow-Up',
835 silly audit report       severity: 'high',
835 silly audit report       vulnerable_versions: '>=13.3.1-canary.0 <14.2.35',
835 silly audit report       cwe: [Array],
835 silly audit report       cvss: [Object]
835 silly audit report     },
835 silly audit report     {
835 silly audit report       id: 1108291,
835 silly audit report       url: 'https://github.com/advisories/GHSA-qpjv-v59x-3qc4',
835 silly audit report       title: 'Next.js Race Condition to Cache Poisoning',
835 silly audit report       severity: 'low',
835 silly audit report       vulnerable_versions: '>=0.9.9 <14.2.24',
835 silly audit report       cwe: [Array],
835 silly audit report       cvss: [Object]
835 silly audit report     },
835 silly audit report     {
835 silly audit report       id: 1118942,
835 silly audit report       url: 'https://github.com/advisories/GHSA-3g8h-86w9-wvmq',
835 silly audit report       title: "Next.js's Middleware / Proxy redirects can be cache-poisoned",
835 silly audit report       severity: 'low',
835 silly audit report       vulnerable_versions: '>=12.2.0 <15.5.16',
835 silly audit report       cwe: [Array],
835 silly audit report       cvss: [Object]
835 silly audit report     },
835 silly audit report     {
835 silly audit report       id: 1118944,
835 silly audit report       url: 'https://github.com/advisories/GHSA-ffhc-5mcf-pf4q',
835 silly audit report       title: 'Next.js vulnerable to cross-site scripting in App Router applications using CSP nonces',
835 silly audit report       severity: 'moderate',
835 silly audit report       vulnerable_versions: '>=13.4.0 <15.5.16',
835 silly audit report       cwe: [Array],
835 silly audit report       cvss: [Object]
835 silly audit report     },
835 silly audit report     {
835 silly audit report       id: 1118946,
835 silly audit report       url: 'https://github.com/advisories/GHSA-vfv6-92ff-j949',
835 silly audit report       title: 'Next.js vulnerable to cache poisoning via collisions in React Server Component cache-busting',
835 silly audit report       severity: 'low',
835 silly audit report       vulnerable_versions: '>=13.4.6 <15.5.16',
835 silly audit report       cwe: [Array],
835 silly audit report       cvss: [Object]
835 silly audit report     },
835 silly audit report     {
835 silly audit report       id: 1118948,
835 silly audit report       url: 'https://github.com/advisories/GHSA-gx5p-jg67-6x7h',
835 silly audit report       title: 'Next.js has cross-site scripting in beforeInteractive scripts with untrusted input',
835 silly audit report       severity: 'moderate',
835 silly audit report       vulnerable_versions: '>=13.0.0 <15.5.16',
835 silly audit report       cwe: [Array],
835 silly audit report       cvss: [Object]
835 silly audit report     },
835 silly audit report     {
835 silly audit report       id: 1118952,
835 silly audit report       url: 'https://github.com/advisories/GHSA-h64f-5h5j-jqjh',
835 silly audit report       title: 'Next.js has a Denial of Service in the Image Optimization API',
835 silly audit report       severity: 'moderate',
835 silly audit report       vulnerable_versions: '>=10.0.0 <15.5.16',
835 silly audit report       cwe: [Array],
835 silly audit report       cvss: [Object]
835 silly audit report     },
835 silly audit report     {
835 silly audit report       id: 1118954,
835 silly audit report       url: 'https://github.com/advisories/GHSA-c4j6-fc7j-m34r',
835 silly audit report       title: 'Next.js vulnerable to server-side request forgery in applications using WebSocket upgrades',
835 silly audit report       severity: 'high',
835 silly audit report       vulnerable_versions: '>=13.4.13 <15.5.16',
835 silly audit report       cwe: [Array],
835 silly audit report       cvss: [Object]
835 silly audit report     },
835 silly audit report     {
835 silly audit report       id: 1118958,
835 silly audit report       url: 'https://github.com/advisories/GHSA-wfc6-r584-vfw7',
835 silly audit report       title: 'Next.js vulnerable to cache poisoning in React Server Component responses',
835 silly audit report       severity: 'moderate',
835 silly audit report       vulnerable_versions: '>=14.2.0 <15.5.16',
835 silly audit report       cwe: [Array],
835 silly audit report       cvss: [Object]
835 silly audit report     },
835 silly audit report     {
835 silly audit report       id: 1118962,
835 silly audit report       url: 'https://github.com/advisories/GHSA-36qx-fr4f-26g5',
835 silly audit report       title: 'Next.js has a Middleware / Proxy bypass in Pages Router applications using i18n',
835 silly audit report       severity: 'high',
835 silly audit report       vulnerable_versions: '>=12.2.0 <15.5.16',
835 silly audit report       cwe: [Array],
835 silly audit report       cvss: [Object]
835 silly audit report     },
835 silly audit report     {
835 silly audit report       id: 1112593,
835 silly audit report       url: 'https://github.com/advisories/GHSA-9g9p-9gw9-jx7f',
835 silly audit report       title: 'Next.js self-hosted applications vulnerable to DoS via Image Optimizer remotePatterns configuration',
835 silly audit report       severity: 'moderate',
835 silly audit report       vulnerable_versions: '>=10.0.0 <15.5.10',
835 silly audit report       cwe: [Array],
835 silly audit report       cvss: [Object]
835 silly audit report     },
835 silly audit report     {
835 silly audit report       id: 1112653,
835 silly audit report       url: 'https://github.com/advisories/GHSA-h25m-26qc-wcjf',
835 silly audit report       title: 'Next.js HTTP request deserialization can lead to DoS when using insecure React Server Components',
835 silly audit report       severity: 'high',
835 silly audit report       vulnerable_versions: '>=13.0.0 <15.0.8',
835 silly audit report       cwe: [Array],
835 silly audit report       cvss: [Object]
835 silly audit report     },
835 silly audit report     {
835 silly audit report       id: 1113689,
835 silly audit report       url: 'https://github.com/advisories/GHSA-f82v-jwr5-mffw',
835 silly audit report       title: 'Authorization Bypass in Next.js Middleware',
835 silly audit report       severity: 'critical',
835 silly audit report       vulnerable_versions: '>=14.0.0 <14.2.25',
835 silly audit report       cwe: [Array],
835 silly audit report       cvss: [Object]
835 silly audit report     },
835 silly audit report     {
835 silly audit report       id: 1114897,
835 silly audit report       url: 'https://github.com/advisories/GHSA-ggv3-7p47-pfv8',
835 silly audit report       title: 'Next.js: HTTP request smuggling in rewrites',
835 silly audit report       severity: 'moderate',
835 silly audit report       vulnerable_versions: '>=9.5.0 <15.5.13',
835 silly audit report       cwe: [Array],
835 silly audit report       cvss: [Object]
835 silly audit report     },
835 silly audit report     {
835 silly audit report       id: 1114940,
835 silly audit report       url: 'https://github.com/advisories/GHSA-3x4c-7xq6-9pq8',
835 silly audit report       title: 'Next.js: Unbounded next/image disk cache growth can exhaust storage',
835 silly audit report       severity: 'moderate',
835 silly audit report       vulnerable_versions: '>=10.0.0 <15.5.14',
835 silly audit report       cwe: [Array],
835 silly audit report       cvss: [Object]
835 silly audit report     },
835 silly audit report     {
835 silly audit report       id: 1116376,
835 silly audit report       url: 'https://github.com/advisories/GHSA-q4gf-8mx6-v5v3',
835 silly audit report       title: 'Next.js has a Denial of Service with Server Components',
835 silly audit report       severity: 'high',
835 silly audit report       vulnerable_versions: '>=13.0.0 <15.5.15',
835 silly audit report       cwe: [Array],
835 silly audit report       cvss: [Object]
835 silly audit report     },
835 silly audit report     {
835 silly audit report       id: 1124185,
835 silly audit report       url: 'https://github.com/advisories/GHSA-89xv-2m56-2m9x',
835 silly audit report       title: 'Next.js: Server-Side Request Forgery in Server Actions on custom servers',
835 silly audit report       severity: 'high',
835 silly audit report       vulnerable_versions: '>=14.1.1 <15.5.21',
835 silly audit report       cwe: [Array],
835 silly audit report       cvss: [Object]
835 silly audit report     },
835 silly audit report     {
835 silly audit report       id: 1124172,
835 silly audit report       url: 'https://github.com/advisories/GHSA-m99w-x7hq-7vfj',
835 silly audit report       title: 'Next.js: Denial of Service in App Router using Server Actions',
835 silly audit report       severity: 'high',
835 silly audit report       vulnerable_versions: '>=13.0.0 <15.5.21',
835 silly audit report       cwe: [Array],
835 silly audit report       cvss: [Object]
835 silly audit report     },
835 silly audit report     {
835 silly audit report       id: 1124187,
835 silly audit report       url: 'https://github.com/advisories/GHSA-68g3-v927-f742',
835 silly audit report       title: 'Next.js: Cache confusion of response bodies for requests with bodies',
835 silly audit report       severity: 'moderate',
835 silly audit report       vulnerable_versions: '>=13.0.0 <15.5.21',
835 silly audit report       cwe: [Array],
835 silly audit report       cvss: [Object]
835 silly audit report     },
835 silly audit report     {
835 silly audit report       id: 1124189,
835 silly audit report       url: 'https://github.com/advisories/GHSA-4633-3j49-mh5q',
835 silly audit report       title: 'Next.js: Cache confusion of response bodies for requests with bodies containing invalid UTF-8 byte sequences',
835 silly audit report       severity: 'moderate',
835 silly audit report       vulnerable_versions: '>=13.0.0 <15.5.21',
835 silly audit report       cwe: [Array],
835 silly audit report       cvss: [Object]
835 silly audit report     },
835 silly audit report     {
835 silly audit report       id: 1124191,
835 silly audit report       url: 'https://github.com/advisories/GHSA-4c39-4ccg-62r3',
835 silly audit report       title: 'Next.js: Unbounded Server Action payload in Edge runtime',
835 silly audit report       severity: 'moderate',
835 silly audit report       vulnerable_versions: '>=13.0.0 <15.5.21',
835 silly audit report       cwe: [Array],
835 silly audit report       cvss: [Object]
835 silly audit report     },
835 silly audit report     {
835 silly audit report       id: 1124193,
835 silly audit report       url: 'https://github.com/advisories/GHSA-p9j2-gv94-2wf4',
835 silly audit report       title: 'Next.js: Server-Side Request Forgery in rewrites via attacker-controlled destination hostname',
835 silly audit report       severity: 'high',
835 silly audit report       vulnerable_versions: '>=12.0.0 <15.5.21',
835 silly audit report       cwe: [Array],
835 silly audit report       cvss: [Object]
835 silly audit report     },
835 silly audit report     {
835 silly audit report       id: 1124197,
835 silly audit report       url: 'https://github.com/advisories/GHSA-955p-x3mx-jcvp',
835 silly audit report       title: 'Next.js: Unauthenticated disclosure of internal Server Function endpoints',
835 silly audit report       severity: 'moderate',
835 silly audit report       vulnerable_versions: '>=13.0.0 <15.5.21',
835 silly audit report       cwe: [Array],
835 silly audit report       cvss: [Object]
835 silly audit report     }
835 silly audit report   ],
835 silly audit report   postcss: [
835 silly audit report     {
835 silly audit report       id: 1117015,
835 silly audit report       url: 'https://github.com/advisories/GHSA-qx2v-qp2m-jg93',
835 silly audit report       title: 'PostCSS has XSS via Unescaped </style> in its CSS Stringify Output',
835 silly audit report       severity: 'moderate',
835 silly audit report       vulnerable_versions: '<8.5.10',
835 silly audit report       cwe: [Array],
835 silly audit report       cvss: [Object]
835 silly audit report     },
835 silly audit report     {
835 silly audit report       id: 1124252,
835 silly audit report       url: 'https://github.com/advisories/GHSA-6g55-p6wh-862q',
835 silly audit report       title: 'PostCSS: Arbitrary file read and information disclosure via attacker-controlled sourceMappingURL in CSS comments',
835 silly audit report       severity: 'high',
835 silly audit report       vulnerable_versions: '<=8.5.11',
835 silly audit report       cwe: [Array],
835 silly audit report       cvss: [Object]
835 silly audit report     },
835 silly audit report     {
835 silly audit report       id: 1124288,
835 silly audit report       url: 'https://github.com/advisories/GHSA-r28c-9q8g-f849',
835 silly audit report       title: 'PostCSS: Path Traversal in Previous Source Map Auto-Loading (sourceMappingURL) leads to Arbitrary .map File Disclosure',
835 silly audit report       severity: 'high',
835 silly audit report       vulnerable_versions: '<=8.5.17',
835 silly audit report       cwe: [Array],
835 silly audit report       cvss: [Object]
835 silly audit report     }
835 silly audit report   ],
835 silly audit report   'path-to-regexp': [
835 silly audit report     {
835 silly audit report       id: 1101846,
835 silly audit report       url: 'https://github.com/advisories/GHSA-9wv6-86v2-598j',
835 silly audit report       title: 'path-to-regexp outputs backtracking regular expressions',
835 silly audit report       severity: 'high',
835 silly audit report       vulnerable_versions: '>=4.0.0 <6.3.0',
835 silly audit report       cwe: [Array],
835 silly audit report       cvss: [Object]
835 silly audit report     }
835 silly audit report   ],
835 silly audit report   picomatch: [
835 silly audit report     {
835 silly audit report       id: 1115549,
835 silly audit report       url: 'https://github.com/advisories/GHSA-3v7f-55p6-f55p',
835 silly audit report       title: 'Picomatch: Method Injection in POSIX Character Classes causes incorrect Glob Matching',
835 silly audit report       severity: 'moderate',
835 silly audit report       vulnerable_versions: '<2.3.2',
835 silly audit report       cwe: [Array],
835 silly audit report       cvss: [Object]
835 silly audit report     },
835 silly audit report     {
835 silly audit report       id: 1115552,
835 silly audit report       url: 'https://github.com/advisories/GHSA-c2c7-rcm5-vvqj',
835 silly audit report       title: 'Picomatch has a ReDoS vulnerability via extglob quantifiers',
835 silly audit report       severity: 'high',
835 silly audit report       vulnerable_versions: '<2.3.2',
835 silly audit report       cwe: [Array],
835 silly audit report       cvss: [Object]
835 silly audit report     }
835 silly audit report   ],
835 silly audit report   yaml: [
835 silly audit report     {
835 silly audit report       id: 1115556,
835 silly audit report       url: 'https://github.com/advisories/GHSA-48c2-rrv3-qjmp',
835 silly audit report       title: 'yaml is vulnerable to Stack Overflow via deeply nested YAML collections',
835 silly audit report       severity: 'moderate',
835 silly audit report       vulnerable_versions: '>=2.0.0 <2.8.3',
835 silly audit report       cwe: [Array],
835 silly audit report       cvss: [Object]
835 silly audit report     }
835 silly audit report   ]
835 silly audit report }
836 silly packumentCache corgi:https://registry.npmjs.org/@clerk%2fnextjs cache-miss
837 silly packumentCache corgi:https://registry.npmjs.org/brace-expansion cache-miss
838 silly packumentCache corgi:https://registry.npmjs.org/minimatch cache-miss
839 silly packumentCache corgi:https://registry.npmjs.org/ajv cache-miss
840 silly packumentCache corgi:https://registry.npmjs.org/axios cache-miss
841 silly packumentCache corgi:https://registry.npmjs.org/cloudinary cache-miss
842 silly packumentCache corgi:https://registry.npmjs.org/cookie cache-miss
843 silly packumentCache corgi:https://registry.npmjs.org/diff cache-miss
844 silly packumentCache corgi:https://registry.npmjs.org/flatted cache-miss
845 silly packumentCache corgi:https://registry.npmjs.org/follow-redirects cache-miss
846 silly packumentCache corgi:https://registry.npmjs.org/form-data cache-miss
847 silly packumentCache corgi:https://registry.npmjs.org/glob cache-miss
848 silly packumentCache corgi:https://registry.npmjs.org/js-cookie cache-miss
849 silly packumentCache corgi:https://registry.npmjs.org/js-yaml cache-miss
850 silly packumentCache corgi:https://registry.npmjs.org/lodash cache-miss
851 silly packumentCache corgi:https://registry.npmjs.org/micromatch cache-miss
852 silly packumentCache corgi:https://registry.npmjs.org/nanoid cache-miss
853 silly packumentCache corgi:https://registry.npmjs.org/next cache-miss
854 silly packumentCache corgi:https://registry.npmjs.org/postcss cache-miss
855 silly packumentCache corgi:https://registry.npmjs.org/path-to-regexp cache-miss
856 silly packumentCache corgi:https://registry.npmjs.org/picomatch cache-miss
857 silly packumentCache corgi:https://registry.npmjs.org/yaml cache-miss
858 http fetch GET 200 https://registry.npmjs.org/minimatch 322ms (cache stale)
859 silly packumentCache corgi:https://registry.npmjs.org/minimatch set size:169442 disposed:false
860 http fetch GET 200 https://registry.npmjs.org/cloudinary 326ms (cache stale)
861 silly packumentCache corgi:https://registry.npmjs.org/cloudinary set size:158064 disposed:false
862 http fetch GET 200 https://registry.npmjs.org/ajv 340ms (cache stale)
863 silly packumentCache corgi:https://registry.npmjs.org/ajv set size:467559 disposed:false
864 http fetch GET 200 https://registry.npmjs.org/brace-expansion 357ms (cache stale)
865 silly packumentCache corgi:https://registry.npmjs.org/brace-expansion set size:34964 disposed:false
866 http fetch GET 200 https://registry.npmjs.org/cookie 349ms (cache stale)
867 silly packumentCache corgi:https://registry.npmjs.org/cookie set size:25657 disposed:false
868 http fetch GET 200 https://registry.npmjs.org/diff 351ms (cache stale)
869 silly packumentCache corgi:https://registry.npmjs.org/diff set size:67741 disposed:false
870 http fetch GET 200 https://registry.npmjs.org/js-cookie 351ms (cache stale)
871 silly packumentCache corgi:https://registry.npmjs.org/js-cookie set size:53502 disposed:false
872 http fetch GET 200 https://registry.npmjs.org/form-data 355ms (cache stale)
873 silly packumentCache corgi:https://registry.npmjs.org/form-data set size:55002 disposed:false
874 http fetch GET 200 https://registry.npmjs.org/js-yaml 355ms (cache stale)
875 silly packumentCache corgi:https://registry.npmjs.org/js-yaml set size:70542 disposed:false
876 http fetch GET 200 https://registry.npmjs.org/nanoid 355ms (cache stale)
877 silly packumentCache corgi:https://registry.npmjs.org/nanoid set size:157603 disposed:false
878 http fetch GET 200 https://registry.npmjs.org/axios 373ms (cache stale)
879 silly packumentCache corgi:https://registry.npmjs.org/axios set size:299759 disposed:false
880 http fetch GET 200 https://registry.npmjs.org/micromatch 384ms (cache stale)
881 silly packumentCache corgi:https://registry.npmjs.org/micromatch set size:71776 disposed:false
882 http fetch GET 200 https://registry.npmjs.org/glob 404ms (cache stale)
883 silly packumentCache corgi:https://registry.npmjs.org/glob set size:199194 disposed:false
884 http fetch GET 200 https://registry.npmjs.org/follow-redirects 411ms (cache stale)
885 silly packumentCache corgi:https://registry.npmjs.org/follow-redirects set size:88479 disposed:false
886 http fetch GET 200 https://registry.npmjs.org/lodash 409ms (cache stale)
887 silly packumentCache corgi:https://registry.npmjs.org/lodash set size:69555 disposed:false
888 http fetch GET 200 https://registry.npmjs.org/postcss 407ms (cache stale)
889 silly packumentCache corgi:https://registry.npmjs.org/postcss set size:354683 disposed:false
890 http fetch GET 200 https://registry.npmjs.org/picomatch 418ms (cache stale)
891 silly packumentCache corgi:https://registry.npmjs.org/picomatch set size:45123 disposed:false
892 http fetch GET 200 https://registry.npmjs.org/flatted 435ms (cache stale)
893 silly packumentCache corgi:https://registry.npmjs.org/flatted set size:59752 disposed:false
894 http fetch GET 200 https://registry.npmjs.org/path-to-regexp 425ms (cache stale)
895 silly packumentCache corgi:https://registry.npmjs.org/path-to-regexp set size:66575 disposed:false
896 http fetch GET 200 https://registry.npmjs.org/yaml 426ms (cache stale)
897 silly packumentCache corgi:https://registry.npmjs.org/yaml set size:163878 disposed:false
898 http fetch GET 200 https://registry.npmjs.org/@clerk%2fnextjs 489ms (cache stale)
899 silly packumentCache corgi:https://registry.npmjs.org/@clerk%2fnextjs set size:8246203 disposed:false
900 http fetch GET 200 https://registry.npmjs.org/next 819ms (cache stale)
901 silly packumentCache corgi:https://registry.npmjs.org/next set size:25415748 disposed:false
902 silly packumentCache corgi:https://registry.npmjs.org/@eslint%2feslintrc cache-miss
903 silly packumentCache corgi:https://registry.npmjs.org/@humanwhocodes%2fconfig-array cache-miss
904 silly packumentCache corgi:https://registry.npmjs.org/eslint cache-miss
905 silly packumentCache corgi:https://registry.npmjs.org/eslint-plugin-import cache-miss
906 silly packumentCache corgi:https://registry.npmjs.org/eslint-plugin-jsx-a11y cache-miss
907 silly packumentCache corgi:https://registry.npmjs.org/eslint-plugin-react cache-miss
908 http fetch GET 200 https://registry.npmjs.org/@eslint%2feslintrc 89ms (cache stale)
909 silly packumentCache corgi:https://registry.npmjs.org/@eslint%2feslintrc set size:84432 disposed:false
910 http fetch GET 200 https://registry.npmjs.org/@humanwhocodes%2fconfig-array 91ms (cache stale)
911 silly packumentCache corgi:https://registry.npmjs.org/@humanwhocodes%2fconfig-array set size:69299 disposed:false
912 http fetch GET 200 https://registry.npmjs.org/eslint-plugin-import 92ms (cache stale)
913 silly packumentCache corgi:https://registry.npmjs.org/eslint-plugin-import set size:238396 disposed:false
914 http fetch GET 200 https://registry.npmjs.org/eslint-plugin-react 97ms (cache stale)
915 silly packumentCache corgi:https://registry.npmjs.org/eslint-plugin-react set size:309843 disposed:false
916 http fetch GET 200 https://registry.npmjs.org/eslint 106ms (cache stale)
917 silly packumentCache corgi:https://registry.npmjs.org/eslint set size:1175599 disposed:false
918 http fetch GET 200 https://registry.npmjs.org/eslint-plugin-jsx-a11y 123ms (cache stale)
919 silly packumentCache corgi:https://registry.npmjs.org/eslint-plugin-jsx-a11y set size:108835 disposed:false
920 silly packumentCache corgi:https://registry.npmjs.org/@typescript-eslint%2ftypescript-estree cache-miss
921 http fetch GET 200 https://registry.npmjs.org/@typescript-eslint%2ftypescript-estree 103ms (cache stale)
922 silly packumentCache corgi:https://registry.npmjs.org/@typescript-eslint%2ftypescript-estree set size:8858558 disposed:false
923 silly packumentCache corgi:https://registry.npmjs.org/@clerk%2fbackend cache-miss
924 http fetch GET 200 https://registry.npmjs.org/@clerk%2fbackend 99ms (cache stale)
925 silly packumentCache corgi:https://registry.npmjs.org/@clerk%2fbackend set size:6707578 disposed:false
926 silly packumentCache corgi:https://registry.npmjs.org/ts-node cache-miss
927 http fetch GET 200 https://registry.npmjs.org/ts-node 77ms (cache stale)
928 silly packumentCache corgi:https://registry.npmjs.org/ts-node set size:206364 disposed:false
929 silly packumentCache corgi:https://registry.npmjs.org/flat-cache cache-miss
930 http fetch GET 200 https://registry.npmjs.org/flat-cache 83ms (cache stale)
931 silly packumentCache corgi:https://registry.npmjs.org/flat-cache set size:51091 disposed:false
932 silly packumentCache corgi:https://registry.npmjs.org/@next%2feslint-plugin-next cache-miss
933 silly packumentCache corgi:https://registry.npmjs.org/sucrase cache-miss
934 http fetch GET 200 https://registry.npmjs.org/sucrase 54ms (cache stale)
935 silly packumentCache corgi:https://registry.npmjs.org/sucrase set size:163085 disposed:false
936 http fetch GET 200 https://registry.npmjs.org/@next%2feslint-plugin-next 71ms (cache stale)
937 silly packumentCache corgi:https://registry.npmjs.org/@next%2feslint-plugin-next set size:3314347 disposed:false
938 silly packumentCache corgi:https://registry.npmjs.org/@clerk%2fshared cache-miss
939 http fetch GET 200 https://registry.npmjs.org/@clerk%2fshared 89ms (cache stale)
940 silly packumentCache corgi:https://registry.npmjs.org/@clerk%2fshared set size:6992655 disposed:false
941 silly packumentCache corgi:https://registry.npmjs.org/@visx%2fresponsive cache-miss
942 silly packumentCache corgi:https://registry.npmjs.org/@visx%2fshape cache-miss
943 http fetch GET 200 https://registry.npmjs.org/@visx%2fresponsive 60ms (cache stale)
944 silly packumentCache corgi:https://registry.npmjs.org/@visx%2fresponsive set size:55581 disposed:false
945 http fetch GET 200 https://registry.npmjs.org/@visx%2fshape 61ms (cache stale)
946 silly packumentCache corgi:https://registry.npmjs.org/@visx%2fshape set size:76952 disposed:false
947 silly packumentCache corgi:https://registry.npmjs.org/fast-glob cache-miss
948 silly packumentCache corgi:https://registry.npmjs.org/tailwindcss cache-miss
949 http fetch GET 200 https://registry.npmjs.org/fast-glob 44ms (cache stale)
950 silly packumentCache corgi:https://registry.npmjs.org/fast-glob set size:86036 disposed:false
951 http fetch GET 200 https://registry.npmjs.org/tailwindcss 61ms (cache stale)
952 silly packumentCache corgi:https://registry.npmjs.org/tailwindcss set size:4778266 disposed:false
953 silly packumentCache corgi:https://registry.npmjs.org/next-cloudinary cache-miss
954 http fetch GET 200 https://registry.npmjs.org/next-cloudinary 287ms (cache stale)
955 silly packumentCache corgi:https://registry.npmjs.org/next-cloudinary set size:262064 disposed:false
956 silly packumentCache corgi:https://registry.npmjs.org/postcss-import cache-miss
957 silly packumentCache corgi:https://registry.npmjs.org/postcss-js cache-miss
958 silly packumentCache corgi:https://registry.npmjs.org/postcss-load-config cache-miss
959 silly packumentCache corgi:https://registry.npmjs.org/postcss-nested cache-miss
960 http fetch GET 200 https://registry.npmjs.org/postcss-import 166ms (cache stale)
961 silly packumentCache corgi:https://registry.npmjs.org/postcss-import set size:52251 disposed:false
962 http fetch GET 200 https://registry.npmjs.org/postcss-js 170ms (cache stale)
963 silly packumentCache corgi:https://registry.npmjs.org/postcss-js set size:25314 disposed:false
964 http fetch GET 200 https://registry.npmjs.org/postcss-load-config 171ms (cache stale)
965 silly packumentCache corgi:https://registry.npmjs.org/postcss-load-config set size:37999 disposed:false
966 http fetch GET 200 https://registry.npmjs.org/postcss-nested 175ms (cache stale)
967 silly packumentCache corgi:https://registry.npmjs.org/postcss-nested set size:43577 disposed:false
968 silly packumentCache corgi:https://registry.npmjs.org/anymatch cache-miss
969 silly packumentCache corgi:https://registry.npmjs.org/readdirp cache-miss
970 http fetch GET 200 https://registry.npmjs.org/anymatch 58ms (cache stale)
971 silly packumentCache corgi:https://registry.npmjs.org/anymatch set size:18345 disposed:false
972 http fetch GET 200 https://registry.npmjs.org/readdirp 60ms (cache stale)
973 silly packumentCache corgi:https://registry.npmjs.org/readdirp set size:47123 disposed:false
974 silly packumentCache corgi:https://registry.npmjs.org/@typescript-eslint%2fparser cache-miss
975 http fetch GET 200 https://registry.npmjs.org/@typescript-eslint%2fparser 68ms (cache stale)
976 silly packumentCache corgi:https://registry.npmjs.org/@typescript-eslint%2fparser set size:8231311 disposed:false
977 silly packumentCache corgi:https://registry.npmjs.org/eslint-config-next cache-miss
978 http fetch GET 200 https://registry.npmjs.org/eslint-config-next 48ms (cache stale)
979 silly packumentCache corgi:https://registry.npmjs.org/eslint-config-next set size:4014632 disposed:false
980 silly packumentCache corgi:https://registry.npmjs.org/@clerk%2fclerk-react cache-miss
981 http fetch GET 200 https://registry.npmjs.org/@clerk%2fclerk-react 368ms (cache stale)
982 silly packumentCache corgi:https://registry.npmjs.org/@clerk%2fclerk-react set size:6180449 disposed:false
983 http fetch GET 200 https://registry.npmjs.org/prisma/-/prisma-7.9.1.tgz 11753ms (cache miss)
984 http fetch GET 200 https://registry.npmjs.org/@prisma/studio-core/-/studio-core-0.33.0.tgz 11905ms (cache miss)
985 http fetch GET 200 https://registry.npmjs.org/@electric-sql/pglite/-/pglite-0.4.3.tgz 12369ms (cache miss)
986 http fetch GET 200 https://registry.npmjs.org/effect/-/effect-3.20.0.tgz 19095ms (cache miss)
987 info run prisma@7.9.1 preinstall node_modules/prisma node scripts/preinstall-entry.js
988 info run prisma@7.9.1 preinstall { code: 0, signal: null }
989 info run @prisma/engines@7.9.1 postinstall node_modules/@prisma/engines node scripts/postinstall.js
990 info run @prisma/engines@7.9.1 postinstall { code: 0, signal: null }
991 silly ADD node_modules/@radix-ui/react-compose-refs
992 silly ADD node_modules/@radix-ui/react-slot
993 silly ADD node_modules/@radix-ui/react-use-layout-effect
994 silly ADD node_modules/@radix-ui/react-use-effect-event
995 silly ADD node_modules/@radix-ui/react-use-controllable-state
996 silly ADD node_modules/@radix-ui/primitive
997 silly ADD node_modules/require-from-string
998 silly ADD node_modules/fast-uri
999 silly ADD node_modules/graphmatch
1000 silly ADD node_modules/grammex
1001 silly ADD node_modules/ret
1002 silly ADD node_modules/destr
1003 silly ADD node_modules/retry
1004 silly ADD node_modules/safer-buffer
1005 silly ADD node_modules/is-property
1006 silly ADD node_modules/sqlstring
1007 silly ADD node_modules/seq-queue
1008 silly ADD node_modules/named-placeholders
1009 silly ADD node_modules/lru.min
1010 silly ADD node_modules/long
1011 silly ADD node_modules/iconv-lite
1012 silly ADD node_modules/generate-function
1013 silly ADD node_modules/denque
1014 silly ADD node_modules/aws-ssl-profiles
1015 silly ADD node_modules/fast-decode-uri-component
1016 silly ADD node_modules/safe-regex2
1017 silly ADD node_modules/fast-querystring
1018 silly ADD node_modules/pure-rand
1019 silly ADD node_modules/fast-check
1020 silly ADD node_modules/@standard-schema/spec
1021 silly ADD node_modules/robust-predicates
1022 silly ADD node_modules/delaunator
1023 silly ADD node_modules/rc9
1024 silly ADD node_modules/pkg-types
1025 silly ADD node_modules/perfect-debounce
1026 silly ADD node_modules/ohash
1027 silly ADD node_modules/giget
1028 silly ADD node_modules/exsolve
1029 silly ADD node_modules/defu
1030 silly ADD node_modules/confbox
1031 silly ADD node_modules/@types/geojson
1032 silly ADD node_modules/internmap
1033 silly ADD node_modules/d3-time-format
1034 silly ADD node_modules/d3-time
1035 silly ADD node_modules/d3-scale
1036 silly ADD node_modules/d3-path
1037 silly ADD node_modules/d3-interpolate
1038 silly ADD node_modules/d3-geo
1039 silly ADD node_modules/d3-format
1040 silly ADD node_modules/d3-delaunay
1041 silly ADD node_modules/d3-color
1042 silly ADD node_modules/@types/d3-time-format
1043 silly ADD node_modules/@types/d3-time
1044 silly ADD node_modules/@types/d3-shape
1045 silly ADD node_modules/@types/d3-scale
1046 silly ADD node_modules/@types/d3-path
1047 silly ADD node_modules/@types/d3-interpolate
1048 silly ADD node_modules/@types/d3-geo
1049 silly ADD node_modules/@types/d3-format
1050 silly ADD node_modules/@types/d3-delaunay
1051 silly ADD node_modules/@types/d3-color
1052 silly ADD node_modules/@types/d3-array
1053 silly ADD node_modules/@types/lodash
1054 silly ADD node_modules/classnames
1055 silly ADD node_modules/@visx/point
1056 silly ADD node_modules/@visx/vendor
1057 silly ADD node_modules/@visx/vendor/node_modules/d3-array
1058 silly ADD node_modules/elkjs
1059 silly ADD node_modules/d3-shape
1060 silly ADD node_modules/d3-array
1061 silly ADD node_modules/@visx/shape
1062 silly ADD node_modules/@visx/scale
1063 silly ADD node_modules/@visx/responsive
1064 silly ADD node_modules/@visx/group
1065 silly ADD node_modules/@visx/grid
1066 silly ADD node_modules/@visx/event
1067 silly ADD node_modules/@visx/curve
1068 silly ADD node_modules/env-paths
1069 silly ADD node_modules/better-result
1070 silly ADD node_modules/zeptomatch
1071 silly ADD node_modules/valibot
1072 silly ADD node_modules/remeda
1073 silly ADD node_modules/proper-lockfile
1074 silly ADD node_modules/proper-lockfile/node_modules/signal-exit
1075 silly ADD node_modules/pathe
1076 silly ADD node_modules/get-port-please
1077 silly ADD node_modules/find-my-way
1078 silly ADD node_modules/@prisma/streams-local
1079 silly ADD node_modules/@prisma/streams-local/node_modules/json-schema-traverse
1080 silly ADD node_modules/@prisma/streams-local/node_modules/ajv
1081 silly ADD node_modules/@prisma/query-plan-executor
1082 silly ADD node_modules/@electric-sql/pglite-tools
1083 silly ADD node_modules/@electric-sql/pglite-socket
1084 silly ADD node_modules/@electric-sql/pglite
1085 silly ADD node_modules/empathic
1086 silly ADD node_modules/deepmerge-ts
1087 silly ADD node_modules/c12
1088 silly ADD node_modules/c12/node_modules/readdirp
1089 silly ADD node_modules/c12/node_modules/jiti
1090 silly ADD node_modules/c12/node_modules/chokidar
1091 silly ADD node_modules/postgres
1092 silly ADD node_modules/mysql2
1093 silly ADD node_modules/@prisma/studio-core
1094 silly ADD node_modules/@prisma/studio-core/node_modules/@radix-ui/react-toggle
1095 silly ADD node_modules/@prisma/studio-core/node_modules/@radix-ui/react-toggle/node_modules/@radix-ui/react-primitive
1096 silly ADD node_modules/@prisma/dev
1097 silly ADD node_modules/@prisma/config
1098 silly CHANGE node_modules/@prisma/get-platform
1099 silly ADD node_modules/@prisma/get-platform/node_modules/@prisma/debug
1100 silly CHANGE node_modules/@prisma/engines
1101 silly ADD node_modules/@prisma/engines/node_modules/@prisma/get-platform
1102 silly CHANGE node_modules/@prisma/debug
1103 silly CHANGE node_modules/@prisma/fetch-engine
1104 silly ADD node_modules/@prisma/fetch-engine/node_modules/@prisma/get-platform
1105 silly REMOVE node_modules/@prisma/driver-adapter-utils/node_modules/@prisma/debug
1106 silly CHANGE node_modules/@prisma/engines-version
1107 silly CHANGE node_modules/std-env
1108 silly CHANGE node_modules/prisma
1109 silly CHANGE node_modules/foreground-child
1110 silly CHANGE node_modules/cross-spawn
1111 silly CHANGE node_modules/effect
1112 verbose cwd D:\Web_Development_Course\16_ai_powered_saas\ai_powered_saas(self_practice)
1113 verbose os Windows_NT 10.0.26200
1114 verbose node v24.15.0
1115 verbose npm  v11.12.1
1116 verbose exit 0
1117 info ok
